symbol,sample_date,n_steps
BTC-10APR20-4750-C,2020-04-01,9
BTC-10APR20-4750-P,2020-04-01,24
BTC-10APR20-5000-C,2020-04-01,9
BTC-10APR20-5000-P,2020-04-01,24
BTC-10APR20-5250-C,2020-04-01,9
BTC-10APR20-5250-P,2020-04-01,24
BTC-10APR20-5500-C,2020-04-01,9
BTC-10APR20-5500-P,2020-04-01,24
BTC-10APR20-5750-C,2020-04-01,9
BTC-10APR20-5750-P,2020-04-01,24
BTC-10APR20-6000-C,2020-04-01,21
BTC-10APR20-6000-P,2020-04-01,24
BTC-10APR20-6250-C,2020-04-01,24
BTC-10APR20-6250-P,2020-04-01,24
BTC-10APR20-6500-C,2020-04-01,24
BTC-10APR20-6500-P,2020-04-01,24
BTC-10APR20-6750-C,2020-04-01,24
BTC-10APR20-6750-P,2020-04-01,14
BTC-10APR20-7000-C,2020-04-01,24
BTC-10APR20-7000-P,2020-04-01,24
BTC-10APR20-7250-C,2020-04-01,24
BTC-10APR20-7500-C,2020-04-01,24
BTC-10APR20-7750-C,2020-04-01,24
BTC-10APR20-8000-C,2020-04-01,24
BTC-10APR20-8250-C,2020-04-01,24
BTC-10APR20-8500-C,2020-04-01,24
BTC-10DEC21-30000-C,2021-12-01,18
BTC-10DEC21-35000-C,2021-12-01,11
BTC-10DEC21-44000-P,2021-12-01,23
BTC-10DEC21-45000-P,2021-12-01,24
BTC-10DEC21-46000-P,2021-12-01,24
BTC-10DEC21-48000-P,2021-12-01,24
BTC-10DEC21-49000-P,2021-12-01,24
BTC-10DEC21-50000-P,2021-12-01,24
BTC-10DEC21-51000-P,2021-12-01,24
BTC-10DEC21-52000-C,2021-12-01,4
BTC-10DEC21-52000-P,2021-12-01,24
BTC-10DEC21-53000-P,2021-12-01,24
BTC-10DEC21-54000-C,2021-12-01,20
BTC-10DEC21-54000-P,2021-12-01,24
BTC-10DEC21-55000-C,2021-12-01,24
BTC-10DEC21-55000-P,2021-12-01,24
BTC-10DEC21-56000-C,2021-12-01,22
BTC-10DEC21-56000-P,2021-12-01,24
BTC-10DEC21-57000-C,2021-12-01,24
BTC-10DEC21-57000-P,2021-12-01,24
BTC-10DEC21-58000-C,2021-12-01,24
BTC-10DEC21-58000-P,2021-12-01,24
BTC-10DEC21-59000-C,2021-12-01,24
BTC-10DEC21-59000-P,2021-12-01,24
BTC-10DEC21-60000-C,2021-12-01,24
BTC-10DEC21-60000-P,2021-12-01,19
BTC-10DEC21-61000-C,2021-12-01,24
BTC-10DEC21-61000-P,2021-12-01,10
BTC-10DEC21-62000-C,2021-12-01,24
BTC-10DEC21-63000-C,2021-12-01,24
BTC-10DEC21-64000-C,2021-12-01,24
BTC-10DEC21-65000-C,2021-12-01,24
BTC-10DEC21-66000-C,2021-12-01,24
BTC-10DEC21-68000-C,2021-12-01,24
BTC-10DEC21-70000-C,2021-12-01,24
BTC-10DEC21-72000-C,2021-12-01,21
BTC-10DEC21-75000-C,2021-12-01,12
BTC-10JAN20-5750-C,2020-01-01,24
BTC-10JAN20-5750-P,2020-01-01,5
BTC-10JAN20-6000-C,2020-01-01,24
BTC-10JAN20-6000-P,2020-01-01,24
BTC-10JAN20-6250-C,2020-01-01,24
BTC-10JAN20-6250-P,2020-01-01,24
BTC-10JAN20-6500-C,2020-01-01,24
BTC-10JAN20-6500-P,2020-01-01,24
BTC-10JAN20-6750-C,2020-01-01,24
BTC-10JAN20-6750-P,2020-01-01,24
BTC-10JAN20-7000-C,2020-01-01,24
BTC-10JAN20-7000-P,2020-01-01,24
BTC-10JAN20-7250-C,2020-01-01,24
BTC-10JAN20-7250-P,2020-01-01,24
BTC-10JAN20-7500-C,2020-01-01,24
BTC-10JAN20-7500-P,2020-01-01,24
BTC-10JAN20-7750-C,2020-01-01,24
BTC-10JAN20-7750-P,2020-01-01,12
BTC-10JAN20-8000-C,2020-01-01,24
BTC-10JAN20-8000-P,2020-01-01,24
BTC-10JAN20-8500-C,2020-01-01,12
BTC-10JAN20-8750-P,2020-01-01,14
BTC-10JAN20-9000-P,2020-01-01,14
BTC-10JUL20-10000-C,2020-07-01,24
BTC-10JUL20-10000-P,2020-07-01,10
BTC-10JUL20-10250-C,2020-07-01,24
BTC-10JUL20-10250-P,2020-07-01,15
BTC-10JUL20-10500-C,2020-07-01,12
BTC-10JUL20-10750-C,2020-07-01,16
BTC-10JUL20-11000-C,2020-07-01,10
BTC-10JUL20-6750-C,2020-07-01,24
BTC-10JUL20-7000-C,2020-07-01,24
BTC-10JUL20-7000-P,2020-07-01,8
BTC-10JUL20-7250-C,2020-07-01,24
BTC-10JUL20-7250-P,2020-07-01,15
BTC-10JUL20-7500-C,2020-07-01,24
BTC-10JUL20-7500-P,2020-07-01,17
BTC-10JUL20-7750-C,2020-07-01,24
BTC-10JUL20-7750-P,2020-07-01,22
BTC-10JUL20-8000-C,2020-07-01,24
BTC-10JUL20-8000-P,2020-07-01,24
BTC-10JUL20-8250-C,2020-07-01,15
BTC-10JUL20-8250-P,2020-07-01,24
BTC-10JUL20-8500-C,2020-07-01,24
BTC-10JUL20-8500-P,2020-07-01,24
BTC-10JUL20-8750-C,2020-07-01,24
BTC-10JUL20-8750-P,2020-07-01,24
BTC-10JUL20-9000-C,2020-07-01,24
BTC-10JUL20-9000-P,2020-07-01,24
BTC-10JUL20-9250-C,2020-07-01,24
BTC-10JUL20-9250-P,2020-07-01,24
BTC-10JUL20-9500-C,2020-07-01,24
BTC-10JUL20-9500-P,2020-07-01,24
BTC-10JUL20-9750-C,2020-07-01,24
BTC-10JUL20-9750-P,2020-07-01,12
BTC-10JUN22-22000-P,2022-06-01,4
BTC-10JUN22-23000-P,2022-06-01,23
BTC-10JUN22-24000-P,2022-06-01,24
BTC-10JUN22-25000-P,2022-06-01,24
BTC-10JUN22-26000-P,2022-06-01,24
BTC-10JUN22-27000-P,2022-06-01,24
BTC-10JUN22-28000-P,2022-06-01,24
BTC-10JUN22-29000-C,2022-06-01,14
BTC-10JUN22-29000-P,2022-06-01,24
BTC-10JUN22-30000-C,2022-06-01,23
BTC-10JUN22-30000-P,2022-06-01,24
BTC-10JUN22-31000-C,2022-06-01,24
BTC-10JUN22-31000-P,2022-06-01,24
BTC-10JUN22-32000-C,2022-06-01,24
BTC-10JUN22-32000-P,2022-06-01,17
BTC-10JUN22-33000-C,2022-06-01,24
BTC-10JUN22-33000-P,2022-06-01,14
BTC-10JUN22-34000-C,2022-06-01,24
BTC-10JUN22-35000-C,2022-06-01,24
BTC-10JUN22-36000-C,2022-06-01,22
BTC-10SEP21-25000-C,2021-09-01,16
BTC-10SEP21-35000-P,2021-09-01,20
BTC-10SEP21-36000-P,2021-09-01,21
BTC-10SEP21-38000-P,2021-09-01,24
BTC-10SEP21-40000-P,2021-09-01,24
BTC-10SEP21-42000-P,2021-09-01,24
BTC-10SEP21-44000-P,2021-09-01,24
BTC-10SEP21-45000-P,2021-09-01,24
BTC-10SEP21-46000-C,2021-09-01,24
BTC-10SEP21-46000-P,2021-09-01,24
BTC-10SEP21-47000-C,2021-09-01,24
BTC-10SEP21-47000-P,2021-09-01,24
BTC-10SEP21-48000-C,2021-09-01,24
BTC-10SEP21-48000-P,2021-09-01,24
BTC-10SEP21-49000-C,2021-09-01,24
BTC-10SEP21-49000-P,2021-09-01,24
BTC-10SEP21-50000-C,2021-09-01,24
BTC-10SEP21-50000-P,2021-09-01,20
BTC-10SEP21-51000-C,2021-09-01,24
BTC-10SEP21-51000-P,2021-09-01,8
BTC-10SEP21-52000-C,2021-09-01,24
BTC-10SEP21-52000-P,2021-09-01,4
BTC-10SEP21-53000-C,2021-09-01,24
BTC-10SEP21-53000-P,2021-09-01,4
BTC-10SEP21-54000-C,2021-09-01,24
BTC-10SEP21-55000-C,2021-09-01,24
BTC-10SEP21-56000-C,2021-09-01,24
BTC-10SEP21-58000-C,2021-09-01,24
BTC-10SEP21-60000-C,2021-09-01,24
BTC-10SEP21-65000-C,2021-09-01,21
BTC-10SEP21-70000-C,2021-09-01,9
BTC-11DEC20-13750-P,2020-12-01,13
BTC-11DEC20-14000-P,2020-12-01,13
BTC-11DEC20-14250-P,2020-12-01,19
BTC-11DEC20-14500-P,2020-12-01,14
BTC-11DEC20-14750-P,2020-12-01,21
BTC-11DEC20-15000-P,2020-12-01,22
BTC-11DEC20-15250-P,2020-12-01,21
BTC-11DEC20-15500-P,2020-12-01,23
BTC-11DEC20-15750-P,2020-12-01,24
BTC-11DEC20-16000-P,2020-12-01,24
BTC-11DEC20-16250-P,2020-12-01,23
BTC-11DEC20-16500-C,2020-12-01,4
BTC-11DEC20-16500-P,2020-12-01,24
BTC-11DEC20-16750-P,2020-12-01,24
BTC-11DEC20-17000-C,2020-12-01,14
BTC-11DEC20-17000-P,2020-12-01,24
BTC-11DEC20-17250-C,2020-12-01,14
BTC-11DEC20-17250-P,2020-12-01,24
BTC-11DEC20-17500-C,2020-12-01,15
BTC-11DEC20-17500-P,2020-12-01,24
BTC-11DEC20-17750-C,2020-12-01,12
BTC-11DEC20-17750-P,2020-12-01,24
BTC-11DEC20-18000-C,2020-12-01,24
BTC-11DEC20-18000-P,2020-12-01,24
BTC-11DEC20-18250-C,2020-12-01,24
BTC-11DEC20-18250-P,2020-12-01,24
BTC-11DEC20-18500-C,2020-12-01,24
BTC-11DEC20-18500-P,2020-12-01,24
BTC-11DEC20-18750-C,2020-12-01,24
BTC-11DEC20-18750-P,2020-12-01,24
BTC-11DEC20-19000-C,2020-12-01,23
BTC-11DEC20-19000-P,2020-12-01,24
BTC-11DEC20-19250-C,2020-12-01,22
BTC-11DEC20-19250-P,2020-12-01,23
BTC-11DEC20-19500-C,2020-12-01,23
BTC-11DEC20-19500-P,2020-12-01,21
BTC-11DEC20-19750-C,2020-12-01,23
BTC-11DEC20-19750-P,2020-12-01,18
BTC-11DEC20-20000-C,2020-12-01,24
BTC-11DEC20-20000-P,2020-12-01,13
BTC-11DEC20-20250-C,2020-12-01,24
BTC-11DEC20-20250-P,2020-12-01,8
BTC-11DEC20-20500-C,2020-12-01,24
BTC-11DEC20-20500-P,2020-12-01,9
BTC-11DEC20-20750-C,2020-12-01,24
BTC-11DEC20-20750-P,2020-12-01,9
BTC-11DEC20-21000-C,2020-12-01,24
BTC-11DEC20-21250-C,2020-12-01,24
BTC-11DEC20-21500-C,2020-12-01,24
BTC-11DEC20-21750-C,2020-12-01,24
BTC-11DEC20-22000-C,2020-12-01,24
BTC-11DEC20-22250-C,2020-12-01,24
BTC-11DEC20-22500-C,2020-12-01,24
BTC-11DEC20-22750-C,2020-12-01,24
BTC-11DEC20-23000-C,2020-12-01,24
BTC-11DEC20-23250-C,2020-12-01,24
BTC-11FEB22-20000-C,2022-02-01,9
BTC-11FEB22-28000-P,2022-02-01,24
BTC-11FEB22-30000-P,2022-02-01,24
BTC-11FEB22-32000-P,2022-02-01,24
BTC-11FEB22-33000-P,2022-02-01,24
BTC-11FEB22-34000-P,2022-02-01,24
BTC-11FEB22-35000-P,2022-02-01,24
BTC-11FEB22-36000-C,2022-02-01,24
BTC-11FEB22-36000-P,2022-02-01,24
BTC-11FEB22-37000-C,2022-02-01,21
BTC-11FEB22-37000-P,2022-02-01,24
BTC-11FEB22-38000-C,2022-02-01,24
BTC-11FEB22-38000-P,2022-02-01,24
BTC-11FEB22-39000-C,2022-02-01,24
BTC-11FEB22-39000-P,2022-02-01,24
BTC-11FEB22-40000-C,2022-02-01,24
BTC-11FEB22-40000-P,2022-02-01,24
BTC-11FEB22-41000-C,2022-02-01,24
BTC-11FEB22-42000-C,2022-02-01,24
BTC-11FEB22-44000-C,2022-02-01,24
BTC-11FEB22-45000-C,2022-02-01,24
BTC-11FEB22-46000-C,2022-02-01,24
BTC-11FEB22-48000-C,2022-02-01,5
BTC-11JUN21-20000-C,2021-06-01,15
BTC-11JUN21-20000-P,2021-06-01,23
BTC-11JUN21-25000-P,2021-06-01,24
BTC-11JUN21-26000-P,2021-06-01,24
BTC-11JUN21-28000-P,2021-06-01,24
BTC-11JUN21-30000-P,2021-06-01,24
BTC-11JUN21-32000-P,2021-06-01,24
BTC-11JUN21-33000-P,2021-06-01,24
BTC-11JUN21-34000-C,2021-06-01,24
BTC-11JUN21-34000-P,2021-06-01,24
BTC-11JUN21-35000-C,2021-06-01,24
BTC-11JUN21-35000-P,2021-06-01,24
BTC-11JUN21-36000-C,2021-06-01,24
BTC-11JUN21-36000-P,2021-06-01,24
BTC-11JUN21-37000-C,2021-06-01,24
BTC-11JUN21-37000-P,2021-06-01,24
BTC-11JUN21-38000-C,2021-06-01,24
BTC-11JUN21-38000-P,2021-06-01,24
BTC-11JUN21-40000-C,2021-06-01,24
BTC-11JUN21-40000-P,2021-06-01,23
BTC-11JUN21-42000-C,2021-06-01,24
BTC-11JUN21-44000-C,2021-06-01,24
BTC-11JUN21-45000-C,2021-06-01,24
BTC-11JUN21-46000-C,2021-06-01,24
BTC-11JUN21-48000-C,2021-06-01,24
BTC-11JUN21-50000-C,2021-06-01,22
BTC-11JUN21-55000-C,2021-06-01,10
BTC-11MAR22-25000-C,2022-03-01,21
BTC-11MAR22-30000-P,2022-03-01,11
BTC-11MAR22-32000-P,2022-03-01,20
BTC-11MAR22-34000-C,2022-03-01,24
BTC-11MAR22-34000-P,2022-03-01,24
BTC-11MAR22-35000-P,2022-03-01,24
BTC-11MAR22-36000-C,2022-03-01,24
BTC-11MAR22-36000-P,2022-03-01,24
BTC-11MAR22-37000-P,2022-03-01,24
BTC-11MAR22-38000-C,2022-03-01,24
BTC-11MAR22-38000-P,2022-03-01,24
BTC-11MAR22-39000-C,2022-03-01,21
BTC-11MAR22-39000-P,2022-03-01,24
BTC-11MAR22-40000-C,2022-03-01,24
BTC-11MAR22-40000-P,2022-03-01,24
BTC-11MAR22-41000-C,2022-03-01,24
BTC-11MAR22-41000-P,2022-03-01,24
BTC-11MAR22-42000-C,2022-03-01,24
BTC-11MAR22-42000-P,2022-03-01,24
BTC-11MAR22-43000-C,2022-03-01,24
BTC-11MAR22-43000-P,2022-03-01,24
BTC-11MAR22-44000-C,2022-03-01,24
BTC-11MAR22-44000-P,2022-03-01,24
BTC-11MAR22-45000-C,2022-03-01,24
BTC-11MAR22-45000-P,2022-03-01,23
BTC-11MAR22-46000-C,2022-03-01,24
BTC-11MAR22-46000-P,2022-03-01,22
BTC-11MAR22-47000-C,2022-03-01,16
BTC-11MAR22-47000-P,2022-03-01,13
BTC-11MAR22-48000-C,2022-03-01,24
BTC-11MAR22-48000-P,2022-03-01,20
BTC-11MAR22-50000-C,2022-03-01,24
BTC-11MAR22-50000-P,2022-03-01,8
BTC-11MAR22-52000-C,2022-03-01,24
BTC-11MAR22-55000-C,2022-03-01,24
BTC-11NOV22-16000-P,2022-11-01,24
BTC-11NOV22-16500-P,2022-11-01,24
BTC-11NOV22-17000-P,2022-11-01,24
BTC-11NOV22-17500-P,2022-11-01,24
BTC-11NOV22-18000-P,2022-11-01,24
BTC-11NOV22-18500-P,2022-11-01,24
BTC-11NOV22-19000-C,2022-11-01,24
BTC-11NOV22-19000-P,2022-11-01,24
BTC-11NOV22-19500-C,2022-11-01,24
BTC-11NOV22-19500-P,2022-11-01,24
BTC-11NOV22-20000-C,2022-11-01,24
BTC-11NOV22-20000-P,2022-11-01,24
BTC-11NOV22-20500-C,2022-11-01,24
BTC-11NOV22-20500-P,2022-11-01,24
BTC-11NOV22-21000-C,2022-11-01,24
BTC-11NOV22-21000-P,2022-11-01,24
BTC-11NOV22-21500-C,2022-11-01,24
BTC-11NOV22-21500-P,2022-11-01,24
BTC-11NOV22-22000-C,2022-11-01,24
BTC-11NOV22-22000-P,2022-11-01,20
BTC-11NOV22-23000-C,2022-11-01,24
BTC-11NOV22-24000-C,2022-11-01,24
BTC-11NOV22-25000-C,2022-11-01,24
BTC-11SEP20-10000-P,2020-09-01,24
BTC-11SEP20-10250-C,2020-09-01,23
BTC-11SEP20-10250-P,2020-09-01,24
BTC-11SEP20-10500-C,2020-09-01,23
BTC-11SEP20-10500-P,2020-09-01,24
BTC-11SEP20-10750-C,2020-09-01,23
BTC-11SEP20-10750-P,2020-09-01,24
BTC-11SEP20-11000-C,2020-09-01,24
BTC-11SEP20-11000-P,2020-09-01,24
BTC-11SEP20-11250-C,2020-09-01,24
BTC-11SEP20-11250-P,2020-09-01,24
BTC-11SEP20-11500-C,2020-09-01,24
BTC-11SEP20-11500-P,2020-09-01,24
BTC-11SEP20-11750-C,2020-09-01,24
BTC-11SEP20-11750-P,2020-09-01,24
BTC-11SEP20-12000-C,2020-09-01,24
BTC-11SEP20-12000-P,2020-09-01,24
BTC-11SEP20-12250-C,2020-09-01,24
BTC-11SEP20-12250-P,2020-09-01,17
BTC-11SEP20-12500-C,2020-09-01,24
BTC-11SEP20-12500-P,2020-09-01,21
BTC-11SEP20-12750-C,2020-09-01,24
BTC-11SEP20-12750-P,2020-09-01,24
BTC-11SEP20-13000-C,2020-09-01,24
BTC-11SEP20-13000-P,2020-09-01,24
BTC-11SEP20-13250-C,2020-09-01,24
BTC-11SEP20-13250-P,2020-09-01,24
BTC-11SEP20-13500-C,2020-09-01,24
BTC-11SEP20-13500-P,2020-09-01,24
BTC-11SEP20-13750-C,2020-09-01,24
BTC-11SEP20-13750-P,2020-09-01,24
BTC-11SEP20-14000-C,2020-09-01,24
BTC-11SEP20-14000-P,2020-09-01,24
BTC-11SEP20-14250-C,2020-09-01,19
BTC-11SEP20-14250-P,2020-09-01,24
BTC-11SEP20-14500-C,2020-09-01,19
BTC-11SEP20-14500-P,2020-09-01,24
BTC-11SEP20-14750-C,2020-09-01,12
BTC-11SEP20-14750-P,2020-09-01,24
BTC-11SEP20-15000-C,2020-09-01,20
BTC-11SEP20-15000-P,2020-09-01,24
BTC-11SEP20-8000-C,2020-09-01,24
BTC-11SEP20-8000-P,2020-09-01,6
BTC-11SEP20-8250-C,2020-09-01,24
BTC-11SEP20-8500-C,2020-09-01,24
BTC-11SEP20-8500-P,2020-09-01,9
BTC-11SEP20-8750-C,2020-09-01,24
BTC-11SEP20-8750-P,2020-09-01,4
BTC-11SEP20-9000-C,2020-09-01,24
BTC-11SEP20-9000-P,2020-09-01,18
BTC-11SEP20-9250-C,2020-09-01,24
BTC-11SEP20-9250-P,2020-09-01,20
BTC-11SEP20-9500-C,2020-09-01,24
BTC-11SEP20-9500-P,2020-09-01,17
BTC-11SEP20-9750-C,2020-09-01,24
BTC-11SEP20-9750-P,2020-09-01,24
BTC-12AUG22-16000-P,2022-08-01,6
BTC-12AUG22-17000-P,2022-08-01,18
BTC-12AUG22-18000-P,2022-08-01,24
BTC-12AUG22-18500-P,2022-08-01,24
BTC-12AUG22-19000-P,2022-08-01,24
BTC-12AUG22-19500-P,2022-08-01,24
BTC-12AUG22-20000-P,2022-08-01,24
BTC-12AUG22-20500-P,2022-08-01,24
BTC-12AUG22-21000-C,2022-08-01,12
BTC-12AUG22-21000-P,2022-08-01,24
BTC-12AUG22-21500-C,2022-08-01,11
BTC-12AUG22-21500-P,2022-08-01,24
BTC-12AUG22-22000-C,2022-08-01,24
BTC-12AUG22-22000-P,2022-08-01,24
BTC-12AUG22-22500-C,2022-08-01,24
BTC-12AUG22-22500-P,2022-08-01,24
BTC-12AUG22-23000-C,2022-08-01,24
BTC-12AUG22-23000-P,2022-08-01,24
BTC-12AUG22-23500-C,2022-08-01,24
BTC-12AUG22-23500-P,2022-08-01,24
BTC-12AUG22-24000-C,2022-08-01,24
BTC-12AUG22-24000-P,2022-08-01,24
BTC-12AUG22-24500-C,2022-08-01,24
BTC-12AUG22-24500-P,2022-08-01,23
BTC-12AUG22-25000-C,2022-08-01,24
BTC-12AUG22-25000-P,2022-08-01,11
BTC-12AUG22-25500-C,2022-08-01,24
BTC-12AUG22-25500-P,2022-08-01,12
BTC-12AUG22-26000-C,2022-08-01,24
BTC-12AUG22-26000-P,2022-08-01,13
BTC-12AUG22-27000-C,2022-08-01,24
BTC-12AUG22-28000-C,2022-08-01,24
BTC-12AUG22-29000-C,2022-08-01,24
BTC-12AUG22-30000-C,2022-08-01,17
BTC-12FEB21-20000-P,2021-02-01,5
BTC-12FEB21-24000-P,2021-02-01,24
BTC-12FEB21-28000-C,2021-02-01,22
BTC-12FEB21-28000-P,2021-02-01,24
BTC-12FEB21-32000-C,2021-02-01,24
BTC-12FEB21-32000-P,2021-02-01,24
BTC-12FEB21-34000-C,2021-02-01,24
BTC-12FEB21-34000-P,2021-02-01,24
BTC-12FEB21-36000-C,2021-02-01,24
BTC-12FEB21-36000-P,2021-02-01,22
BTC-12FEB21-38000-C,2021-02-01,24
BTC-12FEB21-40000-C,2021-02-01,24
BTC-12FEB21-42000-C,2021-02-01,24
BTC-12FEB21-44000-C,2021-02-01,24
BTC-12FEB21-48000-C,2021-02-01,24
BTC-12FEB21-52000-C,2021-02-01,22
BTC-12FEB21-56000-C,2021-02-01,13
BTC-12JUN20-10000-C,2020-06-01,24
BTC-12JUN20-10000-P,2020-06-01,24
BTC-12JUN20-10250-C,2020-06-01,24
BTC-12JUN20-10500-C,2020-06-01,24
BTC-12JUN20-10750-C,2020-06-01,24
BTC-12JUN20-11000-C,2020-06-01,24
BTC-12JUN20-11250-C,2020-06-01,24
BTC-12JUN20-11500-C,2020-06-01,24
BTC-12JUN20-11750-C,2020-06-01,24
BTC-12JUN20-12000-C,2020-06-01,24
BTC-12JUN20-12250-C,2020-06-01,24
BTC-12JUN20-12500-C,2020-06-01,24
BTC-12JUN20-6500-C,2020-06-01,24
BTC-12JUN20-6500-P,2020-06-01,5
BTC-12JUN20-6750-C,2020-06-01,24
BTC-12JUN20-6750-P,2020-06-01,16
BTC-12JUN20-7000-C,2020-06-01,24
BTC-12JUN20-7000-P,2020-06-01,14
BTC-12JUN20-7250-C,2020-06-01,24
BTC-12JUN20-7250-P,2020-06-01,16
BTC-12JUN20-7500-C,2020-06-01,24
BTC-12JUN20-7500-P,2020-06-01,24
BTC-12JUN20-7750-C,2020-06-01,24
BTC-12JUN20-7750-P,2020-06-01,24
BTC-12JUN20-8000-C,2020-06-01,24
BTC-12JUN20-8000-P,2020-06-01,24
BTC-12JUN20-8250-C,2020-06-01,24
BTC-12JUN20-8250-P,2020-06-01,24
BTC-12JUN20-8500-C,2020-06-01,24
BTC-12JUN20-8500-P,2020-06-01,24
BTC-12JUN20-8750-C,2020-06-01,24
BTC-12JUN20-8750-P,2020-06-01,24
BTC-12JUN20-9000-C,2020-06-01,24
BTC-12JUN20-9000-P,2020-06-01,24
BTC-12JUN20-9250-C,2020-06-01,24
BTC-12JUN20-9250-P,2020-06-01,24
BTC-12JUN20-9500-C,2020-06-01,24
BTC-12JUN20-9500-P,2020-06-01,24
BTC-12JUN20-9750-C,2020-06-01,24
BTC-12JUN20-9750-P,2020-06-01,24
BTC-12MAR21-32000-P,2021-03-01,20
BTC-12MAR21-34000-P,2021-03-01,24
BTC-12MAR21-36000-P,2021-03-01,24
BTC-12MAR21-38000-P,2021-03-01,24
BTC-12MAR21-40000-C,2021-03-01,6
BTC-12MAR21-40000-P,2021-03-01,24
BTC-12MAR21-42000-C,2021-03-01,10
BTC-12MAR21-42000-P,2021-03-01,24
BTC-12MAR21-44000-C,2021-03-01,17
BTC-12MAR21-44000-P,2021-03-01,24
BTC-12MAR21-46000-C,2021-03-01,23
BTC-12MAR21-46000-P,2021-03-01,24
BTC-12MAR21-48000-C,2021-03-01,24
BTC-12MAR21-48000-P,2021-03-01,24
BTC-12MAR21-50000-C,2021-03-01,24
BTC-12MAR21-50000-P,2021-03-01,14
BTC-12MAR21-52000-C,2021-03-01,24
BTC-12MAR21-52000-P,2021-03-01,4
BTC-12MAR21-54000-C,2021-03-01,24
BTC-12MAR21-56000-C,2021-03-01,24
BTC-12MAR21-58000-C,2021-03-01,24
BTC-12MAR21-60000-C,2021-03-01,24
BTC-12MAR21-62000-C,2021-03-01,24
BTC-12MAR21-64000-C,2021-03-01,24
BTC-12MAR21-66000-C,2021-03-01,24
BTC-12MAR21-68000-C,2021-03-01,23
BTC-12MAR21-70000-C,2021-03-01,21
BTC-12MAR21-72000-C,2021-03-01,13
BTC-12MAR21-74000-C,2021-03-01,10
BTC-12NOV21-35000-C,2021-11-01,18
BTC-12NOV21-45000-P,2021-11-01,24
BTC-12NOV21-48000-P,2021-11-01,24
BTC-12NOV21-50000-P,2021-11-01,24
BTC-12NOV21-52000-P,2021-11-01,24
BTC-12NOV21-54000-P,2021-11-01,24
BTC-12NOV21-55000-P,2021-11-01,24
BTC-12NOV21-56000-P,2021-11-01,24
BTC-12NOV21-57000-P,2021-11-01,24
BTC-12NOV21-58000-C,2021-11-01,5
BTC-12NOV21-58000-P,2021-11-01,24
BTC-12NOV21-59000-C,2021-11-01,11
BTC-12NOV21-59000-P,2021-11-01,24
BTC-12NOV21-60000-C,2021-11-01,24
BTC-12NOV21-60000-P,2021-11-01,24
BTC-12NOV21-61000-C,2021-11-01,23
BTC-12NOV21-61000-P,2021-11-01,24
BTC-12NOV21-62000-C,2021-11-01,24
BTC-12NOV21-62000-P,2021-11-01,24
BTC-12NOV21-63000-C,2021-11-01,24
BTC-12NOV21-63000-P,2021-11-01,18
BTC-12NOV21-64000-C,2021-11-01,24
BTC-12NOV21-65000-C,2021-11-01,24
BTC-12NOV21-66000-C,2021-11-01,24
BTC-12NOV21-67000-C,2021-11-01,24
BTC-12NOV21-68000-C,2021-11-01,24
BTC-12NOV21-70000-C,2021-11-01,24
BTC-12NOV21-72000-C,2021-11-01,24
BTC-12NOV21-74000-C,2021-11-01,24
BTC-12NOV21-75000-C,2021-11-01,24
BTC-12NOV21-76000-C,2021-11-01,24
BTC-12NOV21-78000-C,2021-11-01,24
BTC-12NOV21-80000-C,2021-11-01,24
BTC-12NOV21-85000-C,2021-11-01,12
BTC-13AUG21-25000-C,2021-08-01,7
BTC-13AUG21-25000-P,2021-08-01,6
BTC-13AUG21-26000-P,2021-08-01,18
BTC-13AUG21-28000-P,2021-08-01,24
BTC-13AUG21-30000-P,2021-08-01,24
BTC-13AUG21-32000-C,2021-08-01,4
BTC-13AUG21-32000-P,2021-08-01,24
BTC-13AUG21-34000-C,2021-08-01,4
BTC-13AUG21-34000-P,2021-08-01,24
BTC-13AUG21-35000-P,2021-08-01,21
BTC-13AUG21-36000-C,2021-08-01,20
BTC-13AUG21-36000-P,2021-08-01,24
BTC-13AUG21-37000-C,2021-08-01,21
BTC-13AUG21-37000-P,2021-08-01,24
BTC-13AUG21-38000-C,2021-08-01,22
BTC-13AUG21-38000-P,2021-08-01,24
BTC-13AUG21-39000-C,2021-08-01,21
BTC-13AUG21-39000-P,2021-08-01,24
BTC-13AUG21-40000-C,2021-08-01,24
BTC-13AUG21-40000-P,2021-08-01,24
BTC-13AUG21-41000-C,2021-08-01,24
BTC-13AUG21-41000-P,2021-08-01,24
BTC-13AUG21-42000-C,2021-08-01,24
BTC-13AUG21-42000-P,2021-08-01,24
BTC-13AUG21-43000-C,2021-08-01,24
BTC-13AUG21-43000-P,2021-08-01,22
BTC-13AUG21-44000-C,2021-08-01,24
BTC-13AUG21-45000-C,2021-08-01,24
BTC-13AUG21-46000-C,2021-08-01,24
BTC-13AUG21-48000-C,2021-08-01,24
BTC-13AUG21-50000-C,2021-08-01,24
BTC-13AUG21-55000-C,2021-08-01,24
BTC-13AUG21-60000-C,2021-08-01,16
BTC-13MAR20-10000-C,2020-03-01,24
BTC-13MAR20-10000-P,2020-03-01,24
BTC-13MAR20-10250-C,2020-03-01,24
BTC-13MAR20-10500-C,2020-03-01,20
BTC-13MAR20-10750-C,2020-03-01,12
BTC-13MAR20-11000-C,2020-03-01,11
BTC-13MAR20-11250-C,2020-03-01,11
BTC-13MAR20-6750-C,2020-03-01,24
BTC-13MAR20-6750-P,2020-03-01,18
BTC-13MAR20-7000-C,2020-03-01,24
BTC-13MAR20-7000-P,2020-03-01,23
BTC-13MAR20-7250-C,2020-03-01,24
BTC-13MAR20-7250-P,2020-03-01,24
BTC-13MAR20-7500-C,2020-03-01,24
BTC-13MAR20-7500-P,2020-03-01,24
BTC-13MAR20-7750-C,2020-03-01,24
BTC-13MAR20-7750-P,2020-03-01,24
BTC-13MAR20-8000-C,2020-03-01,21
BTC-13MAR20-8000-P,2020-03-01,24
BTC-13MAR20-8250-C,2020-03-01,20
BTC-13MAR20-8250-P,2020-03-01,24
BTC-13MAR20-8500-C,2020-03-01,24
BTC-13MAR20-8500-P,2020-03-01,24
BTC-13MAR20-8750-C,2020-03-01,24
BTC-13MAR20-8750-P,2020-03-01,24
BTC-13MAR20-9000-C,2020-03-01,24
BTC-13MAR20-9000-P,2020-03-01,24
BTC-13MAR20-9250-C,2020-03-01,24
BTC-13MAR20-9250-P,2020-03-01,21
BTC-13MAR20-9500-C,2020-03-01,24
BTC-13MAR20-9500-P,2020-03-01,24
BTC-13MAR20-9750-C,2020-03-01,24
BTC-13MAR20-9750-P,2020-03-01,24
BTC-13MAY22-30000-P,2022-05-01,23
BTC-13MAY22-32000-P,2022-05-01,24
BTC-13MAY22-34000-P,2022-05-01,24
BTC-13MAY22-35000-P,2022-05-01,24
BTC-13MAY22-36000-C,2022-05-01,21
BTC-13MAY22-36000-P,2022-05-01,24
BTC-13MAY22-37000-C,2022-05-01,24
BTC-13MAY22-37000-P,2022-05-01,24
BTC-13MAY22-38000-C,2022-05-01,24
BTC-13MAY22-38000-P,2022-05-01,24
BTC-13MAY22-39000-C,2022-05-01,24
BTC-13MAY22-39000-P,2022-05-01,24
BTC-13MAY22-40000-C,2022-05-01,24
BTC-13MAY22-40000-P,2022-05-01,24
BTC-13MAY22-41000-C,2022-05-01,24
BTC-13MAY22-41000-P,2022-05-01,16
BTC-13MAY22-42000-C,2022-05-01,24
BTC-13MAY22-42000-P,2022-05-01,15
BTC-13MAY22-43000-C,2022-05-01,24
BTC-13MAY22-44000-C,2022-05-01,24
BTC-13MAY22-45000-C,2022-05-01,24
BTC-13MAY22-46000-C,2022-05-01,12
BTC-13NOV20-10000-C,2020-11-01,24
BTC-13NOV20-10000-P,2020-11-01,21
BTC-13NOV20-10250-C,2020-11-01,24
BTC-13NOV20-10250-P,2020-11-01,24
BTC-13NOV20-10500-C,2020-11-01,24
BTC-13NOV20-10500-P,2020-11-01,24
BTC-13NOV20-10750-C,2020-11-01,24
BTC-13NOV20-10750-P,2020-11-01,24
BTC-13NOV20-11000-C,2020-11-01,24
BTC-13NOV20-11000-P,2020-11-01,24
BTC-13NOV20-11250-C,2020-11-01,24
BTC-13NOV20-11250-P,2020-11-01,24
BTC-13NOV20-11500-C,2020-11-01,23
BTC-13NOV20-11500-P,2020-11-01,24
BTC-13NOV20-11750-C,2020-11-01,24
BTC-13NOV20-11750-P,2020-11-01,24
BTC-13NOV20-12000-C,2020-11-01,24
BTC-13NOV20-12000-P,2020-11-01,24
BTC-13NOV20-12250-C,2020-11-01,24
BTC-13NOV20-12250-P,2020-11-01,24
BTC-13NOV20-12500-C,2020-11-01,24
BTC-13NOV20-12500-P,2020-11-01,24
BTC-13NOV20-12750-C,2020-11-01,13
BTC-13NOV20-12750-P,2020-11-01,24
BTC-13NOV20-13000-C,2020-11-01,23
BTC-13NOV20-13000-P,2020-11-01,24
BTC-13NOV20-13250-C,2020-11-01,23
BTC-13NOV20-13250-P,2020-11-01,24
BTC-13NOV20-13500-C,2020-11-01,23
BTC-13NOV20-13500-P,2020-11-01,24
BTC-13NOV20-13750-C,2020-11-01,24
BTC-13NOV20-13750-P,2020-11-01,24
BTC-13NOV20-14000-C,2020-11-01,24
BTC-13NOV20-14000-P,2020-11-01,24
BTC-13NOV20-14250-C,2020-11-01,24
BTC-13NOV20-14250-P,2020-11-01,22
BTC-13NOV20-14500-C,2020-11-01,24
BTC-13NOV20-14750-C,2020-11-01,24
BTC-13NOV20-14750-P,2020-11-01,6
BTC-13NOV20-15000-C,2020-11-01,24
BTC-13NOV20-15000-P,2020-11-01,23
BTC-13NOV20-15250-C,2020-11-01,24
BTC-13NOV20-15500-C,2020-11-01,24
BTC-13NOV20-15750-C,2020-11-01,24
BTC-13NOV20-16000-C,2020-11-01,24
BTC-13NOV20-16250-C,2020-11-01,24
BTC-13NOV20-16500-C,2020-11-01,24
BTC-13NOV20-16750-C,2020-11-01,24
BTC-13NOV20-17000-C,2020-11-01,24
BTC-13NOV20-17250-C,2020-11-01,24
BTC-14AUG20-10000-C,2020-08-01,20
BTC-14AUG20-10000-P,2020-08-01,21
BTC-14AUG20-10250-C,2020-08-01,20
BTC-14AUG20-10250-P,2020-08-01,23
BTC-14AUG20-10500-C,2020-08-01,22
BTC-14AUG20-10500-P,2020-08-01,24
BTC-14AUG20-10750-C,2020-08-01,24
BTC-14AUG20-10750-P,2020-08-01,24
BTC-14AUG20-11000-C,2020-08-01,24
BTC-14AUG20-11000-P,2020-08-01,24
BTC-14AUG20-11250-C,2020-08-01,24
BTC-14AUG20-11250-P,2020-08-01,24
BTC-14AUG20-11500-C,2020-08-01,24
BTC-14AUG20-11500-P,2020-08-01,24
BTC-14AUG20-11750-C,2020-08-01,24
BTC-14AUG20-11750-P,2020-08-01,24
BTC-14AUG20-12000-C,2020-08-01,24
BTC-14AUG20-12000-P,2020-08-01,24
BTC-14AUG20-12250-C,2020-08-01,24
BTC-14AUG20-12250-P,2020-08-01,14
BTC-14AUG20-12500-C,2020-08-01,24
BTC-14AUG20-12500-P,2020-08-01,4
BTC-14AUG20-12750-C,2020-08-01,24
BTC-14AUG20-13000-C,2020-08-01,24
BTC-14AUG20-13250-C,2020-08-01,24
BTC-14AUG20-13500-C,2020-08-01,24
BTC-14AUG20-13750-C,2020-08-01,23
BTC-14AUG20-14000-C,2020-08-01,24
BTC-14AUG20-14250-C,2020-08-01,22
BTC-14AUG20-14500-C,2020-08-01,23
BTC-14AUG20-14750-C,2020-08-01,22
BTC-14AUG20-15000-C,2020-08-01,17
BTC-14AUG20-15250-C,2020-08-01,5
BTC-14AUG20-8000-P,2020-08-01,6
BTC-14AUG20-8500-P,2020-08-01,12
BTC-14AUG20-8750-P,2020-08-01,16
BTC-14AUG20-9000-P,2020-08-01,15
BTC-14AUG20-9250-P,2020-08-01,16
BTC-14AUG20-9500-P,2020-08-01,21
BTC-14AUG20-9750-P,2020-08-01,20
BTC-14FEB20-10000-C,2020-02-01,24
BTC-14FEB20-10250-C,2020-02-01,24
BTC-14FEB20-10500-C,2020-02-01,24
BTC-14FEB20-10750-C,2020-02-01,24
BTC-14FEB20-11000-C,2020-02-01,24
BTC-14FEB20-11250-C,2020-02-01,24
BTC-14FEB20-11500-C,2020-02-01,24
BTC-14FEB20-11750-C,2020-02-01,12
BTC-14FEB20-12000-C,2020-02-01,12
BTC-14FEB20-7250-C,2020-02-01,23
BTC-14FEB20-7500-C,2020-02-01,24
BTC-14FEB20-7750-C,2020-02-01,24
BTC-14FEB20-7750-P,2020-02-01,11
BTC-14FEB20-8000-C,2020-02-01,24
BTC-14FEB20-8000-P,2020-02-01,24
BTC-14FEB20-8250-C,2020-02-01,23
BTC-14FEB20-8250-P,2020-02-01,24
BTC-14FEB20-8500-C,2020-02-01,23
BTC-14FEB20-8500-P,2020-02-01,24
BTC-14FEB20-8750-C,2020-02-01,24
BTC-14FEB20-8750-P,2020-02-01,24
BTC-14FEB20-9000-C,2020-02-01,24
BTC-14FEB20-9000-P,2020-02-01,24
BTC-14FEB20-9250-C,2020-02-01,24
BTC-14FEB20-9250-P,2020-02-01,24
BTC-14FEB20-9500-C,2020-02-01,24
BTC-14FEB20-9500-P,2020-02-01,24
BTC-14FEB20-9750-C,2020-02-01,24
BTC-14JAN22-35000-P,2022-01-01,15
BTC-14JAN22-38000-P,2022-01-01,24
BTC-14JAN22-40000-P,2022-01-01,24
BTC-14JAN22-42000-P,2022-01-01,24
BTC-14JAN22-43000-P,2022-01-01,24
BTC-14JAN22-44000-P,2022-01-01,24
BTC-14JAN22-45000-C,2022-01-01,21
BTC-14JAN22-45000-P,2022-01-01,24
BTC-14JAN22-46000-C,2022-01-01,23
BTC-14JAN22-46000-P,2022-01-01,24
BTC-14JAN22-47000-C,2022-01-01,24
BTC-14JAN22-47000-P,2022-01-01,24
BTC-14JAN22-48000-C,2022-01-01,24
BTC-14JAN22-48000-P,2022-01-01,24
BTC-14JAN22-49000-C,2022-01-01,24
BTC-14JAN22-49000-P,2022-01-01,23
BTC-14JAN22-50000-C,2022-01-01,24
BTC-14JAN22-50000-P,2022-01-01,10
BTC-14JAN22-51000-C,2022-01-01,24
BTC-14JAN22-52000-C,2022-01-01,24
BTC-14JAN22-54000-C,2022-01-01,24
BTC-14JAN22-55000-C,2022-01-01,24
BTC-14JAN22-56000-C,2022-01-01,24
BTC-14JAN22-58000-C,2022-01-01,24
BTC-14JAN22-60000-C,2022-01-01,24
BTC-14JAN22-65000-C,2022-01-01,4
BTC-14MAY21-30000-C,2021-05-01,24
BTC-14MAY21-35000-C,2021-05-01,24
BTC-14MAY21-40000-C,2021-05-01,24
BTC-14MAY21-40000-P,2021-05-01,24
BTC-14MAY21-42000-C,2021-05-01,24
BTC-14MAY21-42000-P,2021-05-01,24
BTC-14MAY21-44000-C,2021-05-01,24
BTC-14MAY21-44000-P,2021-05-01,24
BTC-14MAY21-45000-C,2021-05-01,24
BTC-14MAY21-45000-P,2021-05-01,24
BTC-14MAY21-46000-C,2021-05-01,24
BTC-14MAY21-46000-P,2021-05-01,24
BTC-14MAY21-48000-C,2021-05-01,24
BTC-14MAY21-48000-P,2021-05-01,24
BTC-14MAY21-50000-C,2021-05-01,23
BTC-14MAY21-50000-P,2021-05-01,24
BTC-14MAY21-52000-C,2021-05-01,8
BTC-14MAY21-52000-P,2021-05-01,24
BTC-14MAY21-54000-C,2021-05-01,7
BTC-14MAY21-54000-P,2021-05-01,24
BTC-14MAY21-56000-C,2021-05-01,24
BTC-14MAY21-56000-P,2021-05-01,24
BTC-14MAY21-58000-C,2021-05-01,24
BTC-14MAY21-58000-P,2021-05-01,24
BTC-14MAY21-60000-C,2021-05-01,24
BTC-14MAY21-60000-P,2021-05-01,24
BTC-14MAY21-62000-C,2021-05-01,24
BTC-14MAY21-64000-C,2021-05-01,24
BTC-14MAY21-65000-C,2021-05-01,24
BTC-14MAY21-66000-C,2021-05-01,24
BTC-14MAY21-70000-C,2021-05-01,24
BTC-14MAY21-75000-C,2021-05-01,23
BTC-14MAY21-80000-C,2021-05-01,17
BTC-14MAY21-85000-C,2021-05-01,6
BTC-14OCT22-13000-P,2022-10-01,9
BTC-14OCT22-14000-P,2022-10-01,24
BTC-14OCT22-15000-P,2022-10-01,24
BTC-14OCT22-16000-P,2022-10-01,24
BTC-14OCT22-16500-P,2022-10-01,24
BTC-14OCT22-17000-P,2022-10-01,24
BTC-14OCT22-17500-P,2022-10-01,24
BTC-14OCT22-18000-C,2022-10-01,14
BTC-14OCT22-18000-P,2022-10-01,24
BTC-14OCT22-18500-C,2022-10-01,23
BTC-14OCT22-18500-P,2022-10-01,24
BTC-14OCT22-19000-C,2022-10-01,24
BTC-14OCT22-19000-P,2022-10-01,24
BTC-14OCT22-19500-C,2022-10-01,24
BTC-14OCT22-19500-P,2022-10-01,24
BTC-14OCT22-20000-C,2022-10-01,24
BTC-14OCT22-20000-P,2022-10-01,23
BTC-14OCT22-20500-C,2022-10-01,24
BTC-14OCT22-20500-P,2022-10-01,23
BTC-14OCT22-21000-C,2022-10-01,24
BTC-14OCT22-21500-C,2022-10-01,24
BTC-14OCT22-22000-C,2022-10-01,24
BTC-14OCT22-23000-C,2022-10-01,24
BTC-14OCT22-24000-C,2022-10-01,14
BTC-14OCT22-25000-C,2022-10-01,20
BTC-15APR22-25000-C,2022-04-01,7
BTC-15APR22-30000-C,2022-04-01,5
BTC-15APR22-34000-P,2022-04-01,8
BTC-15APR22-35000-P,2022-04-01,20
BTC-15APR22-36000-P,2022-04-01,17
BTC-15APR22-38000-P,2022-04-01,24
BTC-15APR22-40000-P,2022-04-01,24
BTC-15APR22-41000-C,2022-04-01,6
BTC-15APR22-41000-P,2022-04-01,16
BTC-15APR22-42000-C,2022-04-01,12
BTC-15APR22-42000-P,2022-04-01,24
BTC-15APR22-43000-C,2022-04-01,7
BTC-15APR22-43000-P,2022-04-01,16
BTC-15APR22-44000-C,2022-04-01,24
BTC-15APR22-44000-P,2022-04-01,24
BTC-15APR22-45000-C,2022-04-01,16
BTC-15APR22-45000-P,2022-04-01,16
BTC-15APR22-46000-C,2022-04-01,24
BTC-15APR22-46000-P,2022-04-01,24
BTC-15APR22-47000-C,2022-04-01,16
BTC-15APR22-47000-P,2022-04-01,15
BTC-15APR22-48000-C,2022-04-01,24
BTC-15APR22-48000-P,2022-04-01,16
BTC-15APR22-49000-C,2022-04-01,16
BTC-15APR22-49000-P,2022-04-01,8
BTC-15APR22-50000-C,2022-04-01,24
BTC-15APR22-50000-P,2022-04-01,10
BTC-15APR22-52000-C,2022-04-01,24
BTC-15APR22-54000-C,2022-04-01,24
BTC-15APR22-55000-C,2022-04-01,24
BTC-15APR22-56000-C,2022-04-01,19
BTC-15JAN21-20000-P,2021-01-01,22
BTC-15JAN21-21000-P,2021-01-01,23
BTC-15JAN21-22000-P,2021-01-01,24
BTC-15JAN21-23000-C,2021-01-01,24
BTC-15JAN21-23000-P,2021-01-01,24
BTC-15JAN21-24000-C,2021-01-01,24
BTC-15JAN21-24000-P,2021-01-01,24
BTC-15JAN21-25000-C,2021-01-01,23
BTC-15JAN21-25000-P,2021-01-01,24
BTC-15JAN21-26000-C,2021-01-01,24
BTC-15JAN21-26000-P,2021-01-01,24
BTC-15JAN21-27000-C,2021-01-01,17
BTC-15JAN21-27000-P,2021-01-01,24
BTC-15JAN21-28000-C,2021-01-01,23
BTC-15JAN21-28000-P,2021-01-01,24
BTC-15JAN21-29000-C,2021-01-01,24
BTC-15JAN21-29000-P,2021-01-01,24
BTC-15JAN21-30000-C,2021-01-01,24
BTC-15JAN21-30000-P,2021-01-01,24
BTC-15JAN21-31000-C,2021-01-01,24
BTC-15JAN21-31000-P,2021-01-01,15
BTC-15JAN21-32000-C,2021-01-01,24
BTC-15JAN21-33000-C,2021-01-01,24
BTC-15JAN21-34000-C,2021-01-01,24
BTC-15JAN21-36000-C,2021-01-01,24
BTC-15JAN21-38000-C,2021-01-01,24
BTC-15JAN21-40000-C,2021-01-01,24
BTC-15JUL22-11000-P,2022-07-01,24
BTC-15JUL22-12000-P,2022-07-01,24
BTC-15JUL22-13000-P,2022-07-01,24
BTC-15JUL22-14000-P,2022-07-01,24
BTC-15JUL22-15000-P,2022-07-01,24
BTC-15JUL22-16000-P,2022-07-01,24
BTC-15JUL22-17000-P,2022-07-01,24
BTC-15JUL22-17500-P,2022-07-01,24
BTC-15JUL22-18000-C,2022-07-01,17
BTC-15JUL22-18000-P,2022-07-01,24
BTC-15JUL22-18500-C,2022-07-01,22
BTC-15JUL22-18500-P,2022-07-01,24
BTC-15JUL22-19000-C,2022-07-01,24
BTC-15JUL22-19000-P,2022-07-01,24
BTC-15JUL22-19500-C,2022-07-01,24
BTC-15JUL22-19500-P,2022-07-01,24
BTC-15JUL22-20000-C,2022-07-01,24
BTC-15JUL22-20000-P,2022-07-01,24
BTC-15JUL22-20500-C,2022-07-01,24
BTC-15JUL22-20500-P,2022-07-01,23
BTC-15JUL22-21000-C,2022-07-01,24
BTC-15JUL22-21000-P,2022-07-01,21
BTC-15JUL22-21500-C,2022-07-01,24
BTC-15JUL22-21500-P,2022-07-01,17
BTC-15JUL22-22000-C,2022-07-01,24
BTC-15JUL22-22500-C,2022-07-01,24
BTC-15JUL22-23000-C,2022-07-01,24
BTC-15JUL22-24000-C,2022-07-01,24
BTC-15JUL22-25000-C,2022-07-01,24
BTC-15JUL22-26000-C,2022-07-01,16
BTC-15JUL22-27000-C,2022-07-01,12
BTC-15MAY20-10000-C,2020-05-01,24
BTC-15MAY20-10250-C,2020-05-01,24
BTC-15MAY20-10500-C,2020-05-01,24
BTC-15MAY20-10750-C,2020-05-01,24
BTC-15MAY20-11000-C,2020-05-01,24
BTC-15MAY20-11250-C,2020-05-01,24
BTC-15MAY20-11500-C,2020-05-01,24
BTC-15MAY20-6500-P,2020-05-01,19
BTC-15MAY20-6750-P,2020-05-01,24
BTC-15MAY20-7000-P,2020-05-01,24
BTC-15MAY20-7250-C,2020-05-01,24
BTC-15MAY20-7250-P,2020-05-01,24
BTC-15MAY20-7500-C,2020-05-01,24
BTC-15MAY20-7500-P,2020-05-01,24
BTC-15MAY20-7750-C,2020-05-01,24
BTC-15MAY20-7750-P,2020-05-01,24
BTC-15MAY20-8000-C,2020-05-01,21
BTC-15MAY20-8000-P,2020-05-01,24
BTC-15MAY20-8250-C,2020-05-01,14
BTC-15MAY20-8250-P,2020-05-01,24
BTC-15MAY20-8500-C,2020-05-01,24
BTC-15MAY20-8500-P,2020-05-01,24
BTC-15MAY20-8750-C,2020-05-01,24
BTC-15MAY20-8750-P,2020-05-01,24
BTC-15MAY20-9000-C,2020-05-01,24
BTC-15MAY20-9000-P,2020-05-01,24
BTC-15MAY20-9250-C,2020-05-01,24
BTC-15MAY20-9250-P,2020-05-01,11
BTC-15MAY20-9500-C,2020-05-01,24
BTC-15MAY20-9500-P,2020-05-01,9
BTC-15MAY20-9750-C,2020-05-01,24
BTC-15MAY20-9750-P,2020-05-01,9
BTC-15OCT21-30000-P,2021-10-01,21
BTC-15OCT21-32000-P,2021-10-01,24
BTC-15OCT21-34000-P,2021-10-01,24
BTC-15OCT21-35000-P,2021-10-01,24
BTC-15OCT21-36000-P,2021-10-01,24
BTC-15OCT21-38000-P,2021-10-01,24
BTC-15OCT21-40000-C,2021-10-01,16
BTC-15OCT21-40000-P,2021-10-01,24
BTC-15OCT21-42000-C,2021-10-01,24
BTC-15OCT21-42000-P,2021-10-01,24
BTC-15OCT21-44000-C,2021-10-01,24
BTC-15OCT21-44000-P,2021-10-01,24
BTC-15OCT21-45000-C,2021-10-01,12
BTC-15OCT21-45000-P,2021-10-01,12
BTC-15OCT21-46000-C,2021-10-01,24
BTC-15OCT21-46000-P,2021-10-01,17
BTC-15OCT21-47000-C,2021-10-01,12
BTC-15OCT21-47000-P,2021-10-01,12
BTC-15OCT21-48000-C,2021-10-01,24
BTC-15OCT21-48000-P,2021-10-01,14
BTC-15OCT21-49000-C,2021-10-01,12
BTC-15OCT21-49000-P,2021-10-01,12
BTC-15OCT21-50000-C,2021-10-01,24
BTC-15OCT21-50000-P,2021-10-01,5
BTC-15OCT21-51000-C,2021-10-01,10
BTC-15OCT21-52000-C,2021-10-01,24
BTC-15OCT21-54000-C,2021-10-01,24
BTC-15OCT21-55000-C,2021-10-01,24
BTC-15OCT21-60000-C,2021-10-01,24
BTC-15OCT21-65000-C,2021-10-01,18
BTC-15OCT21-70000-C,2021-10-01,9
BTC-16APR21-40000-P,2021-04-01,14
BTC-16APR21-45000-P,2021-04-01,24
BTC-16APR21-46000-C,2021-04-01,17
BTC-16APR21-46000-P,2021-04-01,24
BTC-16APR21-48000-C,2021-04-01,17
BTC-16APR21-48000-P,2021-04-01,24
BTC-16APR21-50000-C,2021-04-01,23
BTC-16APR21-50000-P,2021-04-01,24
BTC-16APR21-52000-C,2021-04-01,24
BTC-16APR21-52000-P,2021-04-01,24
BTC-16APR21-54000-C,2021-04-01,24
BTC-16APR21-54000-P,2021-04-01,24
BTC-16APR21-56000-C,2021-04-01,24
BTC-16APR21-56000-P,2021-04-01,24
BTC-16APR21-58000-C,2021-04-01,24
BTC-16APR21-58000-P,2021-04-01,24
BTC-16APR21-60000-C,2021-04-01,24
BTC-16APR21-60000-P,2021-04-01,24
BTC-16APR21-62000-C,2021-04-01,24
BTC-16APR21-62000-P,2021-04-01,24
BTC-16APR21-64000-C,2021-04-01,24
BTC-16APR21-64000-P,2021-04-01,20
BTC-16APR21-65000-C,2021-04-01,24
BTC-16APR21-65000-P,2021-04-01,9
BTC-16APR21-66000-C,2021-04-01,24
BTC-16APR21-70000-C,2021-04-01,24
BTC-16APR21-75000-C,2021-04-01,24
BTC-16APR21-80000-C,2021-04-01,24
BTC-16DEC22-10000-P,2022-12-01,12
BTC-16DEC22-11000-P,2022-12-01,18
BTC-16DEC22-12000-P,2022-12-01,24
BTC-16DEC22-13000-P,2022-12-01,24
BTC-16DEC22-14000-P,2022-12-01,24
BTC-16DEC22-14500-P,2022-12-01,24
BTC-16DEC22-15000-P,2022-12-01,24
BTC-16DEC22-15500-C,2022-12-01,22
BTC-16DEC22-15500-P,2022-12-01,24
BTC-16DEC22-16000-C,2022-12-01,24
BTC-16DEC22-16000-P,2022-12-01,24
BTC-16DEC22-16500-C,2022-12-01,24
BTC-16DEC22-16500-P,2022-12-01,24
BTC-16DEC22-17000-C,2022-12-01,24
BTC-16DEC22-17000-P,2022-12-01,24
BTC-16DEC22-17500-C,2022-12-01,24
BTC-16DEC22-17500-P,2022-12-01,24
BTC-16DEC22-18000-C,2022-12-01,24
BTC-16DEC22-18000-P,2022-12-01,22
BTC-16DEC22-19000-C,2022-12-01,24
BTC-16DEC22-19000-P,2022-12-01,8
BTC-16DEC22-20000-C,2022-12-01,24
BTC-16DEC22-21000-C,2022-12-01,24
BTC-16DEC22-22000-C,2022-12-01,18
BTC-16DEC22-23000-C,2022-12-01,8
BTC-16JUL21-20000-P,2021-07-01,23
BTC-16JUL21-24000-P,2021-07-01,23
BTC-16JUL21-25000-P,2021-07-01,23
BTC-16JUL21-26000-P,2021-07-01,23
BTC-16JUL21-28000-C,2021-07-01,7
BTC-16JUL21-28000-P,2021-07-01,23
BTC-16JUL21-30000-C,2021-07-01,7
BTC-16JUL21-30000-P,2021-07-01,23
BTC-16JUL21-32000-C,2021-07-01,15
BTC-16JUL21-32000-P,2021-07-01,23
BTC-16JUL21-34000-C,2021-07-01,23
BTC-16JUL21-34000-P,2021-07-01,22
BTC-16JUL21-36000-C,2021-07-01,23
BTC-16JUL21-36000-P,2021-07-01,19
BTC-16JUL21-38000-C,2021-07-01,23
BTC-16JUL21-40000-C,2021-07-01,23
BTC-16JUL21-42000-C,2021-07-01,23
BTC-16JUL21-45000-C,2021-07-01,23
BTC-16JUL21-50000-C,2021-07-01,19
BTC-16OCT20-10000-C,2020-10-01,24
BTC-16OCT20-10000-P,2020-10-01,24
BTC-16OCT20-10250-C,2020-10-01,18
BTC-16OCT20-10250-P,2020-10-01,24
BTC-16OCT20-10500-C,2020-10-01,23
BTC-16OCT20-10500-P,2020-10-01,24
BTC-16OCT20-10750-C,2020-10-01,24
BTC-16OCT20-10750-P,2020-10-01,24
BTC-16OCT20-11000-C,2020-10-01,24
BTC-16OCT20-11000-P,2020-10-01,24
BTC-16OCT20-11250-C,2020-10-01,24
BTC-16OCT20-11250-P,2020-10-01,14
BTC-16OCT20-11500-C,2020-10-01,24
BTC-16OCT20-11500-P,2020-10-01,18
BTC-16OCT20-11750-C,2020-10-01,24
BTC-16OCT20-11750-P,2020-10-01,24
BTC-16OCT20-12000-C,2020-10-01,24
BTC-16OCT20-12000-P,2020-10-01,24
BTC-16OCT20-12250-C,2020-10-01,24
BTC-16OCT20-12250-P,2020-10-01,24
BTC-16OCT20-12500-C,2020-10-01,24
BTC-16OCT20-12500-P,2020-10-01,24
BTC-16OCT20-12750-C,2020-10-01,24
BTC-16OCT20-12750-P,2020-10-01,24
BTC-16OCT20-13000-C,2020-10-01,24
BTC-16OCT20-13000-P,2020-10-01,24
BTC-16OCT20-13250-C,2020-10-01,13
BTC-16OCT20-13250-P,2020-10-01,24
BTC-16OCT20-13500-C,2020-10-01,18
BTC-16OCT20-13500-P,2020-10-01,24
BTC-16OCT20-13750-C,2020-10-01,22
BTC-16OCT20-13750-P,2020-10-01,24
BTC-16OCT20-8000-P,2020-10-01,21
BTC-16OCT20-8250-C,2020-10-01,24
BTC-16OCT20-8250-P,2020-10-01,24
BTC-16OCT20-8500-C,2020-10-01,24
BTC-16OCT20-8500-P,2020-10-01,24
BTC-16OCT20-8750-C,2020-10-01,24
BTC-16OCT20-8750-P,2020-10-01,24
BTC-16OCT20-9000-C,2020-10-01,24
BTC-16OCT20-9000-P,2020-10-01,24
BTC-16OCT20-9250-C,2020-10-01,24
BTC-16OCT20-9250-P,2020-10-01,24
BTC-16OCT20-9500-C,2020-10-01,24
BTC-16OCT20-9500-P,2020-10-01,24
BTC-16OCT20-9750-C,2020-10-01,24
BTC-16OCT20-9750-P,2020-10-01,24
BTC-16SEP22-12000-P,2022-09-01,13
BTC-16SEP22-13000-P,2022-09-01,17
BTC-16SEP22-14000-P,2022-09-01,24
BTC-16SEP22-15000-P,2022-09-01,24
BTC-16SEP22-16000-P,2022-09-01,24
BTC-16SEP22-17000-P,2022-09-01,24
BTC-16SEP22-17500-C,2022-09-01,7
BTC-16SEP22-17500-P,2022-09-01,24
BTC-16SEP22-18000-C,2022-09-01,14
BTC-16SEP22-18000-P,2022-09-01,24
BTC-16SEP22-18500-C,2022-09-01,13
BTC-16SEP22-18500-P,2022-09-01,24
BTC-16SEP22-19000-C,2022-09-01,24
BTC-16SEP22-19000-P,2022-09-01,24
BTC-16SEP22-19500-C,2022-09-01,24
BTC-16SEP22-19500-P,2022-09-01,24
BTC-16SEP22-20000-C,2022-09-01,24
BTC-16SEP22-20000-P,2022-09-01,24
BTC-16SEP22-20500-C,2022-09-01,24
BTC-16SEP22-20500-P,2022-09-01,24
BTC-16SEP22-21000-C,2022-09-01,24
BTC-16SEP22-21000-P,2022-09-01,24
BTC-16SEP22-21500-C,2022-09-01,24
BTC-16SEP22-21500-P,2022-09-01,15
BTC-16SEP22-22000-C,2022-09-01,24
BTC-16SEP22-22000-P,2022-09-01,12
BTC-16SEP22-23000-C,2022-09-01,24
BTC-16SEP22-24000-C,2022-09-01,24
BTC-16SEP22-25000-C,2022-09-01,24
BTC-16SEP22-26000-C,2022-09-01,24
BTC-16SEP22-27000-C,2022-09-01,14
BTC-16SEP22-28000-C,2022-09-01,11
BTC-17DEC21-30000-C,2021-12-01,18
BTC-17DEC21-35000-C,2021-12-01,9
BTC-17DEC21-40000-P,2021-12-01,24
BTC-17DEC21-44000-P,2021-12-01,24
BTC-17DEC21-45000-P,2021-12-01,24
BTC-17DEC21-46000-P,2021-12-01,24
BTC-17DEC21-48000-P,2021-12-01,24
BTC-17DEC21-50000-P,2021-12-01,24
BTC-17DEC21-52000-P,2021-12-01,24
BTC-17DEC21-54000-C,2021-12-01,20
BTC-17DEC21-54000-P,2021-12-01,24
BTC-17DEC21-56000-C,2021-12-01,24
BTC-17DEC21-56000-P,2021-12-01,24
BTC-17DEC21-58000-C,2021-12-01,24
BTC-17DEC21-58000-P,2021-12-01,24
BTC-17DEC21-60000-C,2021-12-01,24
BTC-17DEC21-60000-P,2021-12-01,23
BTC-17DEC21-62000-C,2021-12-01,24
BTC-17DEC21-62000-P,2021-12-01,4
BTC-17DEC21-64000-C,2021-12-01,24
BTC-17DEC21-65000-C,2021-12-01,24
BTC-17DEC21-66000-C,2021-12-01,24
BTC-17DEC21-68000-C,2021-12-01,24
BTC-17DEC21-70000-C,2021-12-01,24
BTC-17DEC21-75000-C,2021-12-01,24
BTC-17DEC21-80000-C,2021-12-01,24
BTC-17DEC21-85000-C,2021-12-01,10
BTC-17JUN22-20000-P,2022-06-01,21
BTC-17JUN22-21000-P,2022-06-01,24
BTC-17JUN22-22000-P,2022-06-01,24
BTC-17JUN22-23000-P,2022-06-01,24
BTC-17JUN22-24000-P,2022-06-01,24
BTC-17JUN22-25000-P,2022-06-01,24
BTC-17JUN22-26000-P,2022-06-01,24
BTC-17JUN22-27000-P,2022-06-01,24
BTC-17JUN22-28000-C,2022-06-01,4
BTC-17JUN22-28000-P,2022-06-01,24
BTC-17JUN22-29000-C,2022-06-01,16
BTC-17JUN22-29000-P,2022-06-01,24
BTC-17JUN22-30000-C,2022-06-01,24
BTC-17JUN22-30000-P,2022-06-01,24
BTC-17JUN22-31000-C,2022-06-01,24
BTC-17JUN22-31000-P,2022-06-01,24
BTC-17JUN22-32000-C,2022-06-01,24
BTC-17JUN22-32000-P,2022-06-01,20
BTC-17JUN22-33000-C,2022-06-01,24
BTC-17JUN22-33000-P,2022-06-01,16
BTC-17JUN22-34000-C,2022-06-01,24
BTC-17JUN22-34000-P,2022-06-01,4
BTC-17JUN22-35000-C,2022-06-01,24
BTC-17JUN22-36000-C,2022-06-01,24
BTC-17JUN22-40000-C,2022-06-01,20
BTC-17SEP21-25000-C,2021-09-01,16
BTC-17SEP21-30000-C,2021-09-01,4
BTC-17SEP21-30000-P,2021-09-01,24
BTC-17SEP21-35000-C,2021-09-01,6
BTC-17SEP21-35000-P,2021-09-01,24
BTC-17SEP21-36000-C,2021-09-01,6
BTC-17SEP21-36000-P,2021-09-01,24
BTC-17SEP21-38000-C,2021-09-01,6
BTC-17SEP21-38000-P,2021-09-01,24
BTC-17SEP21-40000-C,2021-09-01,6
BTC-17SEP21-40000-P,2021-09-01,24
BTC-17SEP21-42000-C,2021-09-01,6
BTC-17SEP21-42000-P,2021-09-01,24
BTC-17SEP21-44000-C,2021-09-01,6
BTC-17SEP21-44000-P,2021-09-01,24
BTC-17SEP21-46000-C,2021-09-01,22
BTC-17SEP21-46000-P,2021-09-01,24
BTC-17SEP21-48000-C,2021-09-01,24
BTC-17SEP21-48000-P,2021-09-01,24
BTC-17SEP21-50000-C,2021-09-01,24
BTC-17SEP21-50000-P,2021-09-01,19
BTC-17SEP21-52000-C,2021-09-01,24
BTC-17SEP21-54000-C,2021-09-01,24
BTC-17SEP21-56000-C,2021-09-01,24
BTC-17SEP21-58000-C,2021-09-01,24
BTC-17SEP21-60000-C,2021-09-01,24
BTC-17SEP21-65000-C,2021-09-01,24
BTC-17SEP21-70000-C,2021-09-01,24
BTC-17SEP21-75000-C,2021-09-01,24
BTC-17SEP21-80000-C,2021-09-01,20
BTC-18DEC20-13250-P,2020-12-01,20
BTC-18DEC20-13500-C,2020-12-01,4
BTC-18DEC20-13500-P,2020-12-01,18
BTC-18DEC20-13750-P,2020-12-01,22
BTC-18DEC20-14000-P,2020-12-01,22
BTC-18DEC20-14250-P,2020-12-01,22
BTC-18DEC20-14500-P,2020-12-01,24
BTC-18DEC20-14750-P,2020-12-01,23
BTC-18DEC20-15000-P,2020-12-01,24
BTC-18DEC20-15250-P,2020-12-01,24
BTC-18DEC20-15500-P,2020-12-01,24
BTC-18DEC20-15750-P,2020-12-01,24
BTC-18DEC20-16000-P,2020-12-01,24
BTC-18DEC20-16250-P,2020-12-01,24
BTC-18DEC20-16500-C,2020-12-01,14
BTC-18DEC20-16500-P,2020-12-01,24
BTC-18DEC20-16750-C,2020-12-01,14
BTC-18DEC20-16750-P,2020-12-01,24
BTC-18DEC20-17000-C,2020-12-01,13
BTC-18DEC20-17000-P,2020-12-01,24
BTC-18DEC20-17250-C,2020-12-01,13
BTC-18DEC20-17250-P,2020-12-01,24
BTC-18DEC20-17500-C,2020-12-01,12
BTC-18DEC20-17500-P,2020-12-01,24
BTC-18DEC20-17750-C,2020-12-01,11
BTC-18DEC20-17750-P,2020-12-01,24
BTC-18DEC20-18000-C,2020-12-01,12
BTC-18DEC20-18000-P,2020-12-01,24
BTC-18DEC20-18250-C,2020-12-01,14
BTC-18DEC20-18250-P,2020-12-01,24
BTC-18DEC20-18500-C,2020-12-01,12
BTC-18DEC20-18500-P,2020-12-01,24
BTC-18DEC20-18750-C,2020-12-01,17
BTC-18DEC20-18750-P,2020-12-01,24
BTC-18DEC20-19000-C,2020-12-01,20
BTC-18DEC20-19000-P,2020-12-01,24
BTC-18DEC20-19250-C,2020-12-01,20
BTC-18DEC20-19250-P,2020-12-01,23
BTC-18DEC20-19500-C,2020-12-01,22
BTC-18DEC20-19500-P,2020-12-01,21
BTC-18DEC20-19750-C,2020-12-01,24
BTC-18DEC20-19750-P,2020-12-01,18
BTC-18DEC20-20000-C,2020-12-01,23
BTC-18DEC20-20000-P,2020-12-01,14
BTC-18DEC20-20250-C,2020-12-01,23
BTC-18DEC20-20250-P,2020-12-01,14
BTC-18DEC20-20500-C,2020-12-01,24
BTC-18DEC20-20500-P,2020-12-01,10
BTC-18DEC20-20750-C,2020-12-01,24
BTC-18DEC20-20750-P,2020-12-01,9
BTC-18DEC20-21000-C,2020-12-01,24
BTC-18DEC20-21000-P,2020-12-01,8
BTC-18DEC20-21250-C,2020-12-01,24
BTC-18DEC20-21500-C,2020-12-01,24
BTC-18DEC20-22000-C,2020-12-01,24
BTC-18DEC20-22500-C,2020-12-01,24
BTC-18DEC20-23000-C,2020-12-01,24
BTC-18FEB22-20000-C,2022-02-01,9
BTC-18FEB22-25000-P,2022-02-01,24
BTC-18FEB22-28000-P,2022-02-01,24
BTC-18FEB22-30000-P,2022-02-01,24
BTC-18FEB22-32000-P,2022-02-01,24
BTC-18FEB22-34000-P,2022-02-01,24
BTC-18FEB22-36000-C,2022-02-01,15
BTC-18FEB22-36000-P,2022-02-01,24
BTC-18FEB22-38000-C,2022-02-01,24
BTC-18FEB22-38000-P,2022-02-01,24
BTC-18FEB22-40000-C,2022-02-01,24
BTC-18FEB22-40000-P,2022-02-01,24
BTC-18FEB22-42000-C,2022-02-01,24
BTC-18FEB22-44000-C,2022-02-01,24
BTC-18FEB22-45000-C,2022-02-01,24
BTC-18FEB22-46000-C,2022-02-01,7
BTC-18FEB22-50000-C,2022-02-01,24
BTC-18JUN21-20000-C,2021-06-01,15
BTC-18JUN21-20000-P,2021-06-01,24
BTC-18JUN21-25000-P,2021-06-01,24
BTC-18JUN21-28000-P,2021-06-01,24
BTC-18JUN21-30000-P,2021-06-01,24
BTC-18JUN21-32000-C,2021-06-01,10
BTC-18JUN21-32000-P,2021-06-01,24
BTC-18JUN21-34000-C,2021-06-01,14
BTC-18JUN21-34000-P,2021-06-01,24
BTC-18JUN21-36000-C,2021-06-01,24
BTC-18JUN21-36000-P,2021-06-01,24
BTC-18JUN21-38000-C,2021-06-01,24
BTC-18JUN21-38000-P,2021-06-01,23
BTC-18JUN21-40000-C,2021-06-01,24
BTC-18JUN21-42000-C,2021-06-01,24
BTC-18JUN21-44000-C,2021-06-01,24
BTC-18JUN21-45000-C,2021-06-01,24
BTC-18JUN21-46000-C,2021-06-01,24
BTC-18JUN21-48000-C,2021-06-01,24
BTC-18JUN21-50000-C,2021-06-01,24
BTC-18JUN21-55000-C,2021-06-01,22
BTC-18JUN21-60000-C,2021-06-01,16
BTC-18JUN21-65000-C,2021-06-01,16
BTC-18MAR22-25000-C,2022-03-01,21
BTC-18MAR22-28000-P,2022-03-01,23
BTC-18MAR22-30000-P,2022-03-01,24
BTC-18MAR22-32000-P,2022-03-01,24
BTC-18MAR22-34000-P,2022-03-01,24
BTC-18MAR22-35000-P,2022-03-01,8
BTC-18MAR22-36000-C,2022-03-01,16
BTC-18MAR22-36000-P,2022-03-01,24
BTC-18MAR22-38000-C,2022-03-01,20
BTC-18MAR22-38000-P,2022-03-01,24
BTC-18MAR22-40000-C,2022-03-01,24
BTC-18MAR22-40000-P,2022-03-01,24
BTC-18MAR22-42000-C,2022-03-01,24
BTC-18MAR22-42000-P,2022-03-01,24
BTC-18MAR22-44000-C,2022-03-01,24
BTC-18MAR22-44000-P,2022-03-01,24
BTC-18MAR22-45000-C,2022-03-01,24
BTC-18MAR22-45000-P,2022-03-01,24
BTC-18MAR22-46000-C,2022-03-01,24
BTC-18MAR22-46000-P,2022-03-01,23
BTC-18MAR22-48000-C,2022-03-01,24
BTC-18MAR22-48000-P,2022-03-01,17
BTC-18MAR22-50000-C,2022-03-01,24
BTC-18MAR22-50000-P,2022-03-01,20
BTC-18MAR22-52000-C,2022-03-01,8
BTC-18MAR22-55000-C,2022-03-01,24
BTC-18MAR22-60000-C,2022-03-01,24
BTC-18MAR22-65000-C,2022-03-01,15
BTC-18NOV22-14000-P,2022-11-01,24
BTC-18NOV22-15000-P,2022-11-01,24
BTC-18NOV22-16000-P,2022-11-01,24
BTC-18NOV22-17000-P,2022-11-01,24
BTC-18NOV22-17500-P,2022-11-01,24
BTC-18NOV22-18000-P,2022-11-01,24
BTC-18NOV22-18500-C,2022-11-01,7
BTC-18NOV22-18500-P,2022-11-01,24
BTC-18NOV22-19000-C,2022-11-01,20
BTC-18NOV22-19000-P,2022-11-01,24
BTC-18NOV22-19500-C,2022-11-01,24
BTC-18NOV22-19500-P,2022-11-01,24
BTC-18NOV22-20000-C,2022-11-01,24
BTC-18NOV22-20000-P,2022-11-01,24
BTC-18NOV22-20500-C,2022-11-01,24
BTC-18NOV22-20500-P,2022-11-01,24
BTC-18NOV22-21000-C,2022-11-01,24
BTC-18NOV22-21000-P,2022-11-01,24
BTC-18NOV22-21500-C,2022-11-01,24
BTC-18NOV22-21500-P,2022-11-01,24
BTC-18NOV22-22000-C,2022-11-01,24
BTC-18NOV22-22000-P,2022-11-01,21
BTC-18NOV22-23000-C,2022-11-01,24
BTC-18NOV22-23000-P,2022-11-01,18
BTC-18NOV22-24000-C,2022-11-01,24
BTC-18NOV22-25000-C,2022-11-01,24
BTC-18NOV22-26000-C,2022-11-01,24
BTC-18NOV22-27000-C,2022-11-01,22
BTC-18SEP20-10000-P,2020-09-01,24
BTC-18SEP20-10250-P,2020-09-01,24
BTC-18SEP20-10500-P,2020-09-01,24
BTC-18SEP20-10750-P,2020-09-01,24
BTC-18SEP20-11000-P,2020-09-01,24
BTC-18SEP20-11250-C,2020-09-01,8
BTC-18SEP20-11250-P,2020-09-01,24
BTC-18SEP20-11500-C,2020-09-01,24
BTC-18SEP20-11500-P,2020-09-01,24
BTC-18SEP20-11750-C,2020-09-01,22
BTC-18SEP20-11750-P,2020-09-01,24
BTC-18SEP20-12000-C,2020-09-01,24
BTC-18SEP20-12000-P,2020-09-01,24
BTC-18SEP20-12250-C,2020-09-01,24
BTC-18SEP20-12250-P,2020-09-01,15
BTC-18SEP20-12500-C,2020-09-01,24
BTC-18SEP20-12750-C,2020-09-01,24
BTC-18SEP20-13000-C,2020-09-01,24
BTC-18SEP20-13250-C,2020-09-01,24
BTC-18SEP20-13500-C,2020-09-01,24
BTC-18SEP20-13750-C,2020-09-01,24
BTC-18SEP20-14000-C,2020-09-01,24
BTC-18SEP20-14250-C,2020-09-01,24
BTC-18SEP20-14500-C,2020-09-01,24
BTC-18SEP20-14750-C,2020-09-01,24
BTC-18SEP20-15000-C,2020-09-01,9
BTC-18SEP20-9250-P,2020-09-01,24
BTC-18SEP20-9500-P,2020-09-01,24
BTC-18SEP20-9750-P,2020-09-01,24
BTC-19AUG22-12000-C,2022-08-01,14
BTC-19AUG22-13000-C,2022-08-01,14
BTC-19AUG22-14000-C,2022-08-01,14
BTC-19AUG22-15000-P,2022-08-01,19
BTC-19AUG22-16000-P,2022-08-01,24
BTC-19AUG22-17000-P,2022-08-01,24
BTC-19AUG22-18000-P,2022-08-01,24
BTC-19AUG22-19000-P,2022-08-01,24
BTC-19AUG22-20000-C,2022-08-01,6
BTC-19AUG22-20000-P,2022-08-01,24
BTC-19AUG22-20500-C,2022-08-01,12
BTC-19AUG22-20500-P,2022-08-01,24
BTC-19AUG22-21000-C,2022-08-01,11
BTC-19AUG22-21000-P,2022-08-01,24
BTC-19AUG22-21500-C,2022-08-01,13
BTC-19AUG22-21500-P,2022-08-01,24
BTC-19AUG22-22000-C,2022-08-01,24
BTC-19AUG22-22000-P,2022-08-01,24
BTC-19AUG22-22500-C,2022-08-01,24
BTC-19AUG22-22500-P,2022-08-01,24
BTC-19AUG22-23000-C,2022-08-01,24
BTC-19AUG22-23000-P,2022-08-01,24
BTC-19AUG22-23500-C,2022-08-01,24
BTC-19AUG22-23500-P,2022-08-01,24
BTC-19AUG22-24000-C,2022-08-01,24
BTC-19AUG22-24000-P,2022-08-01,24
BTC-19AUG22-24500-C,2022-08-01,24
BTC-19AUG22-24500-P,2022-08-01,24
BTC-19AUG22-25000-C,2022-08-01,24
BTC-19AUG22-25000-P,2022-08-01,21
BTC-19AUG22-25500-C,2022-08-01,24
BTC-19AUG22-25500-P,2022-08-01,12
BTC-19AUG22-26000-C,2022-08-01,24
BTC-19AUG22-26000-P,2022-08-01,11
BTC-19AUG22-27000-C,2022-08-01,24
BTC-19AUG22-27000-P,2022-08-01,13
BTC-19AUG22-28000-C,2022-08-01,24
BTC-19AUG22-29000-C,2022-08-01,24
BTC-19AUG22-30000-C,2022-08-01,24
BTC-19AUG22-31000-C,2022-08-01,24
BTC-19AUG22-32000-C,2022-08-01,24
BTC-19AUG22-33000-C,2022-08-01,14
BTC-19AUG22-35000-C,2022-08-01,8
BTC-19FEB21-20000-P,2021-02-01,23
BTC-19FEB21-24000-C,2021-02-01,6
BTC-19FEB21-24000-P,2021-02-01,24
BTC-19FEB21-28000-C,2021-02-01,17
BTC-19FEB21-28000-P,2021-02-01,24
BTC-19FEB21-32000-C,2021-02-01,24
BTC-19FEB21-32000-P,2021-02-01,24
BTC-19FEB21-34000-C,2021-02-01,24
BTC-19FEB21-34000-P,2021-02-01,24
BTC-19FEB21-36000-C,2021-02-01,24
BTC-19FEB21-36000-P,2021-02-01,22
BTC-19FEB21-38000-C,2021-02-01,24
BTC-19FEB21-40000-C,2021-02-01,24
BTC-19FEB21-42000-C,2021-02-01,24
BTC-19FEB21-44000-C,2021-02-01,24
BTC-19FEB21-48000-C,2021-02-01,24
BTC-19FEB21-52000-C,2021-02-01,24
BTC-19FEB21-56000-C,2021-02-01,24
BTC-19MAR21-28000-P,2021-03-01,23
BTC-19MAR21-32000-P,2021-03-01,24
BTC-19MAR21-34000-P,2021-03-01,24
BTC-19MAR21-36000-P,2021-03-01,24
BTC-19MAR21-38000-P,2021-03-01,24
BTC-19MAR21-40000-P,2021-03-01,24
BTC-19MAR21-42000-P,2021-03-01,24
BTC-19MAR21-44000-C,2021-03-01,11
BTC-19MAR21-44000-P,2021-03-01,24
BTC-19MAR21-46000-C,2021-03-01,24
BTC-19MAR21-46000-P,2021-03-01,24
BTC-19MAR21-48000-C,2021-03-01,24
BTC-19MAR21-48000-P,2021-03-01,24
BTC-19MAR21-50000-C,2021-03-01,24
BTC-19MAR21-50000-P,2021-03-01,17
BTC-19MAR21-52000-C,2021-03-01,24
BTC-19MAR21-54000-C,2021-03-01,24
BTC-19MAR21-56000-C,2021-03-01,24
BTC-19MAR21-58000-C,2021-03-01,24
BTC-19MAR21-60000-C,2021-03-01,24
BTC-19MAR21-62000-C,2021-03-01,24
BTC-19MAR21-64000-C,2021-03-01,24
BTC-19MAR21-66000-C,2021-03-01,24
BTC-19MAR21-68000-C,2021-03-01,24
BTC-19MAR21-70000-C,2021-03-01,24
BTC-19MAR21-72000-C,2021-03-01,24
BTC-19MAR21-74000-C,2021-03-01,24
BTC-19MAR21-76000-C,2021-03-01,24
BTC-19NOV21-100000-C,2021-11-01,19
BTC-19NOV21-35000-C,2021-11-01,18
BTC-19NOV21-40000-P,2021-11-01,23
BTC-19NOV21-45000-P,2021-11-01,24
BTC-19NOV21-46000-P,2021-11-01,24
BTC-19NOV21-48000-P,2021-11-01,24
BTC-19NOV21-50000-P,2021-11-01,24
BTC-19NOV21-52000-P,2021-11-01,24
BTC-19NOV21-54000-P,2021-11-01,24
BTC-19NOV21-56000-P,2021-11-01,24
BTC-19NOV21-58000-C,2021-11-01,18
BTC-19NOV21-58000-P,2021-11-01,24
BTC-19NOV21-60000-C,2021-11-01,24
BTC-19NOV21-60000-P,2021-11-01,24
BTC-19NOV21-62000-C,2021-11-01,24
BTC-19NOV21-62000-P,2021-11-01,23
BTC-19NOV21-64000-C,2021-11-01,24
BTC-19NOV21-64000-P,2021-11-01,11
BTC-19NOV21-66000-C,2021-11-01,24
BTC-19NOV21-68000-C,2021-11-01,24
BTC-19NOV21-70000-C,2021-11-01,24
BTC-19NOV21-72000-C,2021-11-01,24
BTC-19NOV21-74000-C,2021-11-01,24
BTC-19NOV21-75000-C,2021-11-01,24
BTC-19NOV21-80000-C,2021-11-01,24
BTC-19NOV21-85000-C,2021-11-01,24
BTC-19NOV21-90000-C,2021-11-01,24
BTC-19NOV21-95000-C,2021-11-01,23
BTC-1APR20-6000-C,2020-04-01,6
BTC-1APR20-6125-C,2020-04-01,7
BTC-1APR20-6250-C,2020-04-01,7
BTC-1APR20-6375-P,2020-04-01,6
BTC-1APR20-6500-P,2020-04-01,6
BTC-1APR21-58000-C,2021-04-01,8
BTC-1APR21-58000-P,2021-04-01,4
BTC-1APR21-59000-C,2021-04-01,6
BTC-1APR21-59000-P,2021-04-01,8
BTC-1APR21-60000-P,2021-04-01,8
BTC-1APR22-34000-C,2022-04-01,7
BTC-1APR22-38000-C,2022-04-01,7
BTC-1APR22-40000-C,2022-04-01,7
BTC-1APR22-42000-C,2022-04-01,7
BTC-1APR22-43000-C,2022-04-01,8
BTC-1APR22-44000-C,2022-04-01,8
BTC-1APR22-45000-C,2022-04-01,5
BTC-1APR22-45000-P,2022-04-01,8
BTC-1APR22-46000-P,2022-04-01,7
BTC-1APR22-47000-P,2022-04-01,7
BTC-1APR22-48000-P,2022-04-01,8
BTC-1AUG20-11250-C,2020-08-01,4
BTC-1AUG20-11375-C,2020-08-01,4
BTC-1AUG20-11375-P,2020-08-01,4
BTC-1AUG20-11500-C,2020-08-01,4
BTC-1AUG21-39000-C,2021-08-01,6
BTC-1AUG21-41000-C,2021-08-01,7
BTC-1AUG21-42000-C,2021-08-01,7
BTC-1AUG21-42000-P,2021-08-01,7
BTC-1AUG21-43000-P,2021-08-01,8
BTC-1AUG22-23000-C,2022-08-01,7
BTC-1AUG22-23500-C,2022-08-01,5
BTC-1AUG22-23500-P,2022-08-01,7
BTC-1AUG22-24500-P,2022-08-01,5
BTC-1DEC20-18000-C,2020-12-01,8
BTC-1DEC20-18250-C,2020-12-01,4
BTC-1DEC20-18500-C,2020-12-01,7
BTC-1DEC20-18750-C,2020-12-01,4
BTC-1DEC20-19250-C,2020-12-01,8
BTC-1DEC20-19500-C,2020-12-01,5
BTC-1DEC20-19500-P,2020-12-01,7
BTC-1DEC20-19750-C,2020-12-01,5
BTC-1DEC20-19750-P,2020-12-01,8
BTC-1DEC21-56000-C,2021-12-01,7
BTC-1DEC21-57000-C,2021-12-01,7
BTC-1DEC21-57000-P,2021-12-01,7
BTC-1DEC21-58000-C,2021-12-01,4
BTC-1DEC21-58000-P,2021-12-01,8
BTC-1DEC21-59000-P,2021-12-01,5
BTC-1DEC22-16750-C,2022-12-01,6
BTC-1DEC22-17000-C,2022-12-01,7
BTC-1DEC22-17000-P,2022-12-01,4
BTC-1DEC22-17250-C,2022-12-01,5
BTC-1DEC22-17250-P,2022-12-01,7
BTC-1FEB21-32000-C,2021-02-01,4
BTC-1FEB21-33000-C,2021-02-01,8
BTC-1FEB21-33000-P,2021-02-01,4
BTC-1FEB21-34000-C,2021-02-01,6
BTC-1FEB21-34000-P,2021-02-01,8
BTC-1FEB22-38000-C,2022-02-01,8
BTC-1FEB22-39000-P,2022-02-01,8
BTC-1JAN21-20000-C,2021-01-01,8
BTC-1JAN21-20500-C,2021-01-01,8
BTC-1JAN21-21000-C,2021-01-01,8
BTC-1JAN21-21500-C,2021-01-01,8
BTC-1JAN21-22000-C,2021-01-01,8
BTC-1JAN21-22500-C,2021-01-01,8
BTC-1JAN21-23000-C,2021-01-01,8
BTC-1JAN21-23500-C,2021-01-01,8
BTC-1JAN21-24000-C,2021-01-01,8
BTC-1JAN21-24500-C,2021-01-01,8
BTC-1JAN21-25000-C,2021-01-01,8
BTC-1JAN21-25500-C,2021-01-01,8
BTC-1JAN21-26000-C,2021-01-01,8
BTC-1JAN21-26500-C,2021-01-01,8
BTC-1JAN21-27000-C,2021-01-01,5
BTC-1JAN21-28500-C,2021-01-01,7
BTC-1JAN21-29000-C,2021-01-01,5
BTC-1JAN22-46000-C,2022-01-01,8
BTC-1JAN22-47000-C,2022-01-01,6
BTC-1JAN22-47000-P,2022-01-01,7
BTC-1JAN22-48000-P,2022-01-01,8
BTC-1JUL20-8750-C,2020-07-01,8
BTC-1JUL20-8875-C,2020-07-01,8
BTC-1JUL20-9000-C,2020-07-01,7
BTC-1JUL20-9125-C,2020-07-01,5
BTC-1JUL20-9250-P,2020-07-01,7
BTC-1JUL20-9375-P,2020-07-01,5
BTC-1JUL21-34000-C,2021-07-01,6
BTC-1JUL21-34000-P,2021-07-01,7
BTC-1JUL21-35000-P,2021-07-01,7
BTC-1JUL22-19000-P,2022-07-01,5
BTC-1JUL22-19500-C,2022-07-01,5
BTC-1JUL22-19500-P,2022-07-01,8
BTC-1JUL22-20000-C,2022-07-01,6
BTC-1JUL22-20000-P,2022-07-01,7
BTC-1JUL22-20500-C,2022-07-01,4
BTC-1JUL22-20500-P,2022-07-01,7
BTC-1JUL22-21000-P,2022-07-01,7
BTC-1JUL22-22000-P,2022-07-01,8
BTC-1JUL22-23000-P,2022-07-01,8
BTC-1JUL22-24000-P,2022-07-01,8
BTC-1JUL22-27000-P,2022-07-01,8
BTC-1JUN20-10000-P,2020-06-01,5
BTC-1JUN20-8625-C,2020-06-01,8
BTC-1JUN20-8750-C,2020-06-01,7
BTC-1JUN20-9125-C,2020-06-01,8
BTC-1JUN20-9250-C,2020-06-01,8
BTC-1JUN20-9375-C,2020-06-01,8
BTC-1JUN20-9500-C,2020-06-01,7
BTC-1JUN20-9625-P,2020-06-01,7
BTC-1JUN20-9750-P,2020-06-01,8
BTC-1JUN20-9875-P,2020-06-01,8
BTC-1JUN21-34000-C,2021-06-01,5
BTC-1JUN21-35000-C,2021-06-01,6
BTC-1JUN21-36000-C,2021-06-01,8
BTC-1JUN21-36000-P,2021-06-01,4
BTC-1JUN21-37000-C,2021-06-01,6
BTC-1JUN21-37000-P,2021-06-01,6
BTC-1JUN21-38000-P,2021-06-01,6
BTC-1JUN22-31000-C,2022-06-01,5
BTC-1JUN22-31500-C,2022-06-01,6
BTC-1JUN22-31500-P,2022-06-01,5
BTC-1JUN22-32000-C,2022-06-01,5
BTC-1JUN22-32000-P,2022-06-01,8
BTC-1MAR20-7750-C,2020-03-01,8
BTC-1MAR20-7875-C,2020-03-01,8
BTC-1MAR20-8000-C,2020-03-01,8
BTC-1MAR20-8125-C,2020-03-01,8
BTC-1MAR20-8375-C,2020-03-01,8
BTC-1MAR20-8500-C,2020-03-01,7
BTC-1MAR20-8500-P,2020-03-01,4
BTC-1MAR20-8625-C,2020-03-01,4
BTC-1MAR20-8625-P,2020-03-01,5
BTC-1MAR20-8750-P,2020-03-01,8
BTC-1MAR20-8875-P,2020-03-01,6
BTC-1MAR20-9125-P,2020-03-01,8
BTC-1MAR20-9250-P,2020-03-01,8
BTC-1MAR20-9375-P,2020-03-01,8
BTC-1MAR20-9500-P,2020-03-01,8
BTC-1MAR21-45000-C,2021-03-01,7
BTC-1MAR21-46000-C,2021-03-01,7
BTC-1MAR21-46000-P,2021-03-01,7
BTC-1MAR21-47000-C,2021-03-01,5
BTC-1MAR21-47000-P,2021-03-01,8
BTC-1MAR22-40000-C,2022-03-01,8
BTC-1MAR22-41000-C,2022-03-01,8
BTC-1MAR22-42000-C,2022-03-01,8
BTC-1MAR22-43000-C,2022-03-01,8
BTC-1MAR22-43000-P,2022-03-01,6
BTC-1MAR22-44000-C,2022-03-01,4
BTC-1MAR22-44000-P,2022-03-01,8
BTC-1MAY20-7250-C,2020-05-01,8
BTC-1MAY20-7500-C,2020-05-01,8
BTC-1MAY20-7750-C,2020-05-01,8
BTC-1MAY20-8000-C,2020-05-01,8
BTC-1MAY20-8250-C,2020-05-01,8
BTC-1MAY20-8500-C,2020-05-01,8
BTC-1MAY20-8750-C,2020-05-01,6
BTC-1MAY20-8750-P,2020-05-01,6
BTC-1MAY20-9000-P,2020-05-01,8
BTC-1MAY21-46000-C,2021-05-01,8
BTC-1MAY21-48000-C,2021-05-01,8
BTC-1MAY21-49000-C,2021-05-01,8
BTC-1MAY21-50000-C,2021-05-01,8
BTC-1MAY21-51000-C,2021-05-01,8
BTC-1MAY21-52000-C,2021-05-01,8
BTC-1MAY21-53000-C,2021-05-01,8
BTC-1MAY21-55000-C,2021-05-01,4
BTC-1MAY21-56000-C,2021-05-01,8
BTC-1MAY21-57000-C,2021-05-01,8
BTC-1MAY21-58000-C,2021-05-01,8
BTC-1MAY21-58000-P,2021-05-01,6
BTC-1MAY21-59000-C,2021-05-01,4
BTC-1MAY21-59000-P,2021-05-01,8
BTC-1MAY21-60000-P,2021-05-01,8
BTC-1MAY22-37000-C,2022-05-01,8
BTC-1MAY22-38000-C,2022-05-01,6
BTC-1MAY22-38000-P,2022-05-01,6
BTC-1MAY22-39000-P,2022-05-01,6
BTC-1NOV20-12000-C,2020-11-01,8
BTC-1NOV20-13500-C,2020-11-01,6
BTC-1NOV20-13625-C,2020-11-01,7
BTC-1NOV20-13750-P,2020-11-01,4
BTC-1NOV20-13875-P,2020-11-01,5
BTC-1NOV21-60000-C,2021-11-01,7
BTC-1NOV21-60000-P,2021-11-01,4
BTC-1NOV21-61000-C,2021-11-01,8
BTC-1NOV21-61000-P,2021-11-01,8
BTC-1NOV21-62000-P,2021-11-01,4
BTC-1NOV22-20250-C,2022-11-01,5
BTC-1NOV22-20500-C,2022-11-01,4
BTC-1NOV22-20500-P,2022-11-01,4
BTC-1NOV22-20750-P,2022-11-01,4
BTC-1OCT20-10500-C,2020-10-01,4
BTC-1OCT20-10625-C,2020-10-01,8
BTC-1OCT20-10750-C,2020-10-01,8
BTC-1OCT20-10875-P,2020-10-01,6
BTC-1OCT20-11000-P,2020-10-01,5
BTC-1OCT21-41000-C,2021-10-01,8
BTC-1OCT21-42000-C,2021-10-01,6
BTC-1OCT21-43000-C,2021-10-01,7
BTC-1OCT21-43000-P,2021-10-01,6
BTC-1OCT21-44000-C,2021-10-01,6
BTC-1OCT21-44000-P,2021-10-01,8
BTC-1OCT21-45000-P,2021-10-01,6
BTC-1OCT21-46000-P,2021-10-01,8
BTC-1OCT21-48000-P,2021-10-01,8
BTC-1OCT21-49000-P,2021-10-01,8
BTC-1OCT22-18750-C,2022-10-01,5
BTC-1OCT22-19000-C,2022-10-01,4
BTC-1OCT22-19250-C,2022-10-01,6
BTC-1OCT22-19500-P,2022-10-01,8
BTC-1OCT22-19750-P,2022-10-01,4
BTC-1SEP20-11500-C,2020-09-01,5
BTC-1SEP20-11625-C,2020-09-01,7
BTC-1SEP20-11750-P,2020-09-01,5
BTC-1SEP21-46000-C,2021-09-01,7
BTC-1SEP21-46000-P,2021-09-01,5
BTC-1SEP21-47000-C,2021-09-01,8
BTC-1SEP21-47000-P,2021-09-01,6
BTC-1SEP21-48000-P,2021-09-01,6
BTC-1SEP22-19500-C,2022-09-01,8
BTC-1SEP22-20000-C,2022-09-01,7
BTC-1SEP22-20000-P,2022-09-01,5
BTC-1SEP22-20250-C,2022-09-01,4
BTC-1SEP22-20250-P,2022-09-01,6
BTC-20AUG21-25000-C,2021-08-01,11
BTC-20AUG21-25000-P,2021-08-01,24
BTC-20AUG21-30000-P,2021-08-01,24
BTC-20AUG21-32000-P,2021-08-01,24
BTC-20AUG21-34000-P,2021-08-01,24
BTC-20AUG21-36000-C,2021-08-01,22
BTC-20AUG21-36000-P,2021-08-01,24
BTC-20AUG21-38000-C,2021-08-01,7
BTC-20AUG21-38000-P,2021-08-01,24
BTC-20AUG21-40000-C,2021-08-01,23
BTC-20AUG21-40000-P,2021-08-01,24
BTC-20AUG21-42000-C,2021-08-01,24
BTC-20AUG21-42000-P,2021-08-01,24
BTC-20AUG21-44000-C,2021-08-01,24
BTC-20AUG21-44000-P,2021-08-01,11
BTC-20AUG21-46000-C,2021-08-01,24
BTC-20AUG21-48000-C,2021-08-01,24
BTC-20AUG21-50000-C,2021-08-01,24
BTC-20AUG21-55000-C,2021-08-01,24
BTC-20AUG21-60000-C,2021-08-01,24
BTC-20AUG21-65000-C,2021-08-01,24
BTC-20MAY22-30000-P,2022-05-01,24
BTC-20MAY22-32000-P,2022-05-01,24
BTC-20MAY22-34000-P,2022-05-01,24
BTC-20MAY22-36000-C,2022-05-01,23
BTC-20MAY22-36000-P,2022-05-01,24
BTC-20MAY22-38000-C,2022-05-01,24
BTC-20MAY22-38000-P,2022-05-01,24
BTC-20MAY22-40000-C,2022-05-01,24
BTC-20MAY22-40000-P,2022-05-01,24
BTC-20MAY22-42000-C,2022-05-01,24
BTC-20MAY22-44000-C,2022-05-01,24
BTC-20MAY22-46000-C,2022-05-01,24
BTC-20MAY22-48000-C,2022-05-01,24
BTC-20MAY22-50000-C,2022-05-01,18
BTC-20NOV20-10000-P,2020-11-01,24
BTC-20NOV20-10250-P,2020-11-01,24
BTC-20NOV20-10500-P,2020-11-01,24
BTC-20NOV20-10750-P,2020-11-01,24
BTC-20NOV20-11000-P,2020-11-01,24
BTC-20NOV20-11250-P,2020-11-01,24
BTC-20NOV20-11500-P,2020-11-01,24
BTC-20NOV20-11750-P,2020-11-01,24
BTC-20NOV20-12000-P,2020-11-01,24
BTC-20NOV20-12250-P,2020-11-01,24
BTC-20NOV20-12500-P,2020-11-01,24
BTC-20NOV20-12750-C,2020-11-01,10
BTC-20NOV20-12750-P,2020-11-01,24
BTC-20NOV20-13000-C,2020-11-01,24
BTC-20NOV20-13000-P,2020-11-01,24
BTC-20NOV20-13250-C,2020-11-01,24
BTC-20NOV20-13250-P,2020-11-01,24
BTC-20NOV20-13500-C,2020-11-01,23
BTC-20NOV20-13500-P,2020-11-01,24
BTC-20NOV20-13750-C,2020-11-01,24
BTC-20NOV20-13750-P,2020-11-01,24
BTC-20NOV20-14000-C,2020-11-01,24
BTC-20NOV20-14000-P,2020-11-01,24
BTC-20NOV20-14250-C,2020-11-01,24
BTC-20NOV20-14250-P,2020-11-01,24
BTC-20NOV20-14500-C,2020-11-01,24
BTC-20NOV20-14500-P,2020-11-01,23
BTC-20NOV20-14750-C,2020-11-01,24
BTC-20NOV20-15000-C,2020-11-01,24
BTC-20NOV20-15250-C,2020-11-01,24
BTC-20NOV20-15500-C,2020-11-01,24
BTC-20NOV20-15750-C,2020-11-01,24
BTC-20NOV20-16000-C,2020-11-01,24
BTC-20NOV20-16250-C,2020-11-01,24
BTC-20NOV20-16500-C,2020-11-01,24
BTC-20NOV20-16750-C,2020-11-01,24
BTC-20NOV20-17000-C,2020-11-01,24
BTC-20NOV20-17250-C,2020-11-01,24
BTC-20NOV20-17500-C,2020-11-01,24
BTC-20NOV20-17750-C,2020-11-01,24
BTC-21JAN22-30000-P,2022-01-01,14
BTC-21JAN22-35000-P,2022-01-01,24
BTC-21JAN22-38000-P,2022-01-01,24
BTC-21JAN22-40000-P,2022-01-01,24
BTC-21JAN22-42000-P,2022-01-01,24
BTC-21JAN22-44000-P,2022-01-01,24
BTC-21JAN22-46000-C,2022-01-01,24
BTC-21JAN22-46000-P,2022-01-01,24
BTC-21JAN22-48000-C,2022-01-01,24
BTC-21JAN22-48000-P,2022-01-01,24
BTC-21JAN22-50000-C,2022-01-01,24
BTC-21JAN22-50000-P,2022-01-01,13
BTC-21JAN22-52000-C,2022-01-01,24
BTC-21JAN22-54000-C,2022-01-01,24
BTC-21JAN22-56000-C,2022-01-01,24
BTC-21JAN22-58000-C,2022-01-01,24
BTC-21JAN22-60000-C,2022-01-01,24
BTC-21JAN22-65000-C,2022-01-01,24
BTC-21JAN22-70000-C,2022-01-01,11
BTC-21MAY21-30000-C,2021-05-01,24
BTC-21MAY21-35000-C,2021-05-01,24
BTC-21MAY21-35000-P,2021-05-01,24
BTC-21MAY21-40000-C,2021-05-01,24
BTC-21MAY21-40000-P,2021-05-01,24
BTC-21MAY21-45000-C,2021-05-01,24
BTC-21MAY21-45000-P,2021-05-01,24
BTC-21MAY21-46000-C,2021-05-01,24
BTC-21MAY21-46000-P,2021-05-01,24
BTC-21MAY21-48000-C,2021-05-01,24
BTC-21MAY21-48000-P,2021-05-01,24
BTC-21MAY21-50000-C,2021-05-01,24
BTC-21MAY21-50000-P,2021-05-01,24
BTC-21MAY21-52000-C,2021-05-01,20
BTC-21MAY21-52000-P,2021-05-01,24
BTC-21MAY21-54000-C,2021-05-01,8
BTC-21MAY21-54000-P,2021-05-01,24
BTC-21MAY21-56000-C,2021-05-01,24
BTC-21MAY21-56000-P,2021-05-01,24
BTC-21MAY21-58000-C,2021-05-01,24
BTC-21MAY21-58000-P,2021-05-01,24
BTC-21MAY21-60000-C,2021-05-01,24
BTC-21MAY21-60000-P,2021-05-01,24
BTC-21MAY21-62000-C,2021-05-01,24
BTC-21MAY21-64000-C,2021-05-01,24
BTC-21MAY21-65000-C,2021-05-01,24
BTC-21MAY21-66000-C,2021-05-01,24
BTC-21MAY21-68000-C,2021-05-01,24
BTC-21MAY21-70000-C,2021-05-01,24
BTC-21MAY21-75000-C,2021-05-01,24
BTC-21MAY21-80000-C,2021-05-01,24
BTC-21MAY21-85000-C,2021-05-01,24
BTC-21MAY21-90000-C,2021-05-01,24
BTC-21MAY21-95000-C,2021-05-01,4
BTC-21OCT22-11000-P,2022-10-01,23
BTC-21OCT22-12000-P,2022-10-01,23
BTC-21OCT22-13000-P,2022-10-01,23
BTC-21OCT22-14000-P,2022-10-01,24
BTC-21OCT22-15000-P,2022-10-01,24
BTC-21OCT22-16000-P,2022-10-01,24
BTC-21OCT22-17000-P,2022-10-01,24
BTC-21OCT22-17500-P,2022-10-01,24
BTC-21OCT22-18000-C,2022-10-01,18
BTC-21OCT22-18000-P,2022-10-01,24
BTC-21OCT22-18500-C,2022-10-01,23
BTC-21OCT22-18500-P,2022-10-01,24
BTC-21OCT22-19000-C,2022-10-01,24
BTC-21OCT22-19000-P,2022-10-01,24
BTC-21OCT22-19500-C,2022-10-01,24
BTC-21OCT22-19500-P,2022-10-01,24
BTC-21OCT22-20000-C,2022-10-01,24
BTC-21OCT22-20000-P,2022-10-01,23
BTC-21OCT22-20500-C,2022-10-01,24
BTC-21OCT22-20500-P,2022-10-01,23
BTC-21OCT22-21000-C,2022-10-01,24
BTC-21OCT22-22000-C,2022-10-01,24
BTC-21OCT22-23000-C,2022-10-01,24
BTC-21OCT22-24000-C,2022-10-01,24
BTC-21OCT22-25000-C,2022-10-01,23
BTC-21OCT22-26000-C,2022-10-01,11
BTC-22APR22-25000-C,2022-04-01,7
BTC-22APR22-30000-C,2022-04-01,7
BTC-22APR22-35000-P,2022-04-01,22
BTC-22APR22-36000-P,2022-04-01,24
BTC-22APR22-38000-P,2022-04-01,24
BTC-22APR22-40000-C,2022-04-01,8
BTC-22APR22-40000-P,2022-04-01,24
BTC-22APR22-42000-C,2022-04-01,12
BTC-22APR22-42000-P,2022-04-01,24
BTC-22APR22-44000-C,2022-04-01,24
BTC-22APR22-44000-P,2022-04-01,24
BTC-22APR22-46000-C,2022-04-01,24
BTC-22APR22-46000-P,2022-04-01,24
BTC-22APR22-48000-C,2022-04-01,24
BTC-22APR22-48000-P,2022-04-01,22
BTC-22APR22-50000-C,2022-04-01,24
BTC-22APR22-50000-P,2022-04-01,10
BTC-22APR22-52000-C,2022-04-01,24
BTC-22APR22-52000-P,2022-04-01,8
BTC-22APR22-54000-C,2022-04-01,24
BTC-22APR22-55000-C,2022-04-01,21
BTC-22APR22-56000-C,2022-04-01,24
BTC-22APR22-60000-C,2022-04-01,24
BTC-22JAN21-22000-P,2021-01-01,24
BTC-22JAN21-24000-P,2021-01-01,24
BTC-22JAN21-25000-P,2021-01-01,24
BTC-22JAN21-26000-C,2021-01-01,4
BTC-22JAN21-26000-P,2021-01-01,24
BTC-22JAN21-27000-C,2021-01-01,12
BTC-22JAN21-27000-P,2021-01-01,24
BTC-22JAN21-28000-C,2021-01-01,24
BTC-22JAN21-28000-P,2021-01-01,24
BTC-22JAN21-29000-C,2021-01-01,24
BTC-22JAN21-29000-P,2021-01-01,24
BTC-22JAN21-30000-C,2021-01-01,24
BTC-22JAN21-30000-P,2021-01-01,24
BTC-22JAN21-31000-C,2021-01-01,24
BTC-22JAN21-31000-P,2021-01-01,15
BTC-22JAN21-32000-C,2021-01-01,24
BTC-22JAN21-32000-P,2021-01-01,15
BTC-22JAN21-33000-C,2021-01-01,24
BTC-22JAN21-34000-C,2021-01-01,24
BTC-22JAN21-36000-C,2021-01-01,24
BTC-22JAN21-38000-C,2021-01-01,24
BTC-22JAN21-40000-C,2021-01-01,24
BTC-22JAN21-42000-C,2021-01-01,24
BTC-22JUL22-10000-P,2022-07-01,21
BTC-22JUL22-11000-P,2022-07-01,24
BTC-22JUL22-12000-P,2022-07-01,24
BTC-22JUL22-13000-P,2022-07-01,24
BTC-22JUL22-14000-P,2022-07-01,24
BTC-22JUL22-15000-P,2022-07-01,24
BTC-22JUL22-16000-P,2022-07-01,24
BTC-22JUL22-17000-P,2022-07-01,24
BTC-22JUL22-17500-P,2022-07-01,8
BTC-22JUL22-18000-C,2022-07-01,19
BTC-22JUL22-18000-P,2022-07-01,24
BTC-22JUL22-18500-C,2022-07-01,8
BTC-22JUL22-18500-P,2022-07-01,8
BTC-22JUL22-19000-C,2022-07-01,24
BTC-22JUL22-19000-P,2022-07-01,24
BTC-22JUL22-19500-C,2022-07-01,8
BTC-22JUL22-19500-P,2022-07-01,8
BTC-22JUL22-20000-C,2022-07-01,24
BTC-22JUL22-20000-P,2022-07-01,24
BTC-22JUL22-20500-C,2022-07-01,8
BTC-22JUL22-20500-P,2022-07-01,8
BTC-22JUL22-21000-C,2022-07-01,24
BTC-22JUL22-21000-P,2022-07-01,17
BTC-22JUL22-22000-C,2022-07-01,24
BTC-22JUL22-22000-P,2022-07-01,14
BTC-22JUL22-23000-C,2022-07-01,24
BTC-22JUL22-24000-C,2022-07-01,24
BTC-22JUL22-25000-C,2022-07-01,24
BTC-22JUL22-26000-C,2022-07-01,24
BTC-22JUL22-27000-C,2022-07-01,24
BTC-22JUL22-28000-C,2022-07-01,24
BTC-22JUL22-29000-C,2022-07-01,13
BTC-22JUL22-30000-C,2022-07-01,6
BTC-22JUL22-31000-C,2022-07-01,4
BTC-22JUL22-32000-C,2022-07-01,4
BTC-22OCT21-25000-P,2021-10-01,15
BTC-22OCT21-30000-P,2021-10-01,24
BTC-22OCT21-34000-P,2021-10-01,24
BTC-22OCT21-35000-P,2021-10-01,10
BTC-22OCT21-36000-P,2021-10-01,24
BTC-22OCT21-38000-P,2021-10-01,24
BTC-22OCT21-40000-P,2021-10-01,24
BTC-22OCT21-42000-C,2021-10-01,16
BTC-22OCT21-42000-P,2021-10-01,24
BTC-22OCT21-44000-C,2021-10-01,24
BTC-22OCT21-44000-P,2021-10-01,24
BTC-22OCT21-46000-C,2021-10-01,24
BTC-22OCT21-46000-P,2021-10-01,21
BTC-22OCT21-48000-C,2021-10-01,24
BTC-22OCT21-48000-P,2021-10-01,14
BTC-22OCT21-50000-C,2021-10-01,24
BTC-22OCT21-50000-P,2021-10-01,8
BTC-22OCT21-52000-C,2021-10-01,24
BTC-22OCT21-54000-C,2021-10-01,13
BTC-22OCT21-55000-C,2021-10-01,24
BTC-22OCT21-56000-C,2021-10-01,10
BTC-22OCT21-60000-C,2021-10-01,24
BTC-22OCT21-65000-C,2021-10-01,24
BTC-22OCT21-70000-C,2021-10-01,24
BTC-22OCT21-75000-C,2021-10-01,14
BTC-23APR21-40000-P,2021-04-01,9
BTC-23APR21-45000-P,2021-04-01,11
BTC-23APR21-50000-P,2021-04-01,11
BTC-23APR21-54000-P,2021-04-01,11
BTC-23APR21-56000-P,2021-04-01,11
BTC-23APR21-58000-C,2021-04-01,11
BTC-23APR21-58000-P,2021-04-01,11
BTC-23APR21-60000-C,2021-04-01,12
BTC-23APR21-60000-P,2021-04-01,11
BTC-23APR21-62000-C,2021-04-01,12
BTC-23APR21-62000-P,2021-04-01,11
BTC-23APR21-64000-C,2021-04-01,11
BTC-23APR21-64000-P,2021-04-01,11
BTC-23APR21-66000-C,2021-04-01,11
BTC-23APR21-68000-C,2021-04-01,9
BTC-23APR21-70000-C,2021-04-01,11
BTC-23APR21-75000-C,2021-04-01,11
BTC-23APR21-80000-C,2021-04-01,11
BTC-23APR21-85000-C,2021-04-01,10
BTC-23DEC22-10000-P,2022-12-01,16
BTC-23DEC22-11000-P,2022-12-01,16
BTC-23DEC22-12000-P,2022-12-01,16
BTC-23DEC22-13000-P,2022-12-01,16
BTC-23DEC22-14000-P,2022-12-01,16
BTC-23DEC22-14500-P,2022-12-01,16
BTC-23DEC22-15000-C,2022-12-01,13
BTC-23DEC22-15000-P,2022-12-01,16
BTC-23DEC22-15500-C,2022-12-01,13
BTC-23DEC22-15500-P,2022-12-01,16
BTC-23DEC22-16000-C,2022-12-01,16
BTC-23DEC22-16000-P,2022-12-01,16
BTC-23DEC22-16500-C,2022-12-01,16
BTC-23DEC22-16500-P,2022-12-01,16
BTC-23DEC22-17000-C,2022-12-01,16
BTC-23DEC22-17000-P,2022-12-01,16
BTC-23DEC22-17500-C,2022-12-01,16
BTC-23DEC22-17500-P,2022-12-01,16
BTC-23DEC22-18000-C,2022-12-01,16
BTC-23DEC22-18000-P,2022-12-01,15
BTC-23DEC22-19000-C,2022-12-01,16
BTC-23DEC22-19000-P,2022-12-01,12
BTC-23DEC22-20000-C,2022-12-01,16
BTC-23DEC22-21000-C,2022-12-01,16
BTC-23DEC22-22000-C,2022-12-01,16
BTC-23DEC22-23000-C,2022-12-01,15
BTC-23DEC22-24000-C,2022-12-01,8
BTC-23DEC22-9000-P,2022-12-01,11
BTC-23JUL21-20000-P,2021-07-01,15
BTC-23JUL21-25000-P,2021-07-01,15
BTC-23JUL21-26000-P,2021-07-01,15
BTC-23JUL21-28000-P,2021-07-01,15
BTC-23JUL21-30000-P,2021-07-01,15
BTC-23JUL21-32000-C,2021-07-01,14
BTC-23JUL21-32000-P,2021-07-01,15
BTC-23JUL21-34000-C,2021-07-01,15
BTC-23JUL21-34000-P,2021-07-01,14
BTC-23JUL21-36000-C,2021-07-01,15
BTC-23JUL21-38000-C,2021-07-01,15
BTC-23JUL21-40000-C,2021-07-01,15
BTC-23JUL21-45000-C,2021-07-01,15
BTC-23JUL21-50000-C,2021-07-01,15
BTC-23JUL21-55000-C,2021-07-01,13
BTC-23OCT20-14000-C,2020-10-01,14
BTC-23OCT20-8250-P,2020-10-01,9
BTC-23SEP22-10000-P,2022-09-01,6
BTC-23SEP22-11000-P,2022-09-01,12
BTC-23SEP22-12000-P,2022-09-01,16
BTC-23SEP22-13000-P,2022-09-01,16
BTC-23SEP22-14000-P,2022-09-01,16
BTC-23SEP22-15000-P,2022-09-01,16
BTC-23SEP22-16000-P,2022-09-01,16
BTC-23SEP22-17000-C,2022-09-01,4
BTC-23SEP22-17000-P,2022-09-01,16
BTC-23SEP22-18000-C,2022-09-01,10
BTC-23SEP22-18000-P,2022-09-01,16
BTC-23SEP22-19000-C,2022-09-01,16
BTC-23SEP22-19000-P,2022-09-01,16
BTC-23SEP22-20000-C,2022-09-01,16
BTC-23SEP22-20000-P,2022-09-01,16
BTC-23SEP22-21000-C,2022-09-01,16
BTC-23SEP22-21000-P,2022-09-01,15
BTC-23SEP22-22000-C,2022-09-01,16
BTC-23SEP22-22000-P,2022-09-01,10
BTC-23SEP22-23000-C,2022-09-01,16
BTC-23SEP22-23000-P,2022-09-01,12
BTC-23SEP22-24000-C,2022-09-01,16
BTC-23SEP22-25000-C,2022-09-01,16
BTC-23SEP22-26000-C,2022-09-01,16
BTC-23SEP22-27000-C,2022-09-01,16
BTC-23SEP22-28000-C,2022-09-01,16
BTC-23SEP22-29000-C,2022-09-01,16
BTC-23SEP22-30000-C,2022-09-01,12
BTC-23SEP22-31000-C,2022-09-01,15
BTC-24APR20-10000-C,2020-03-01,24
BTC-24APR20-10000-C,2020-04-01,24
BTC-24APR20-10000-P,2020-03-01,24
BTC-24APR20-11000-C,2020-03-01,24
BTC-24APR20-11000-C,2020-04-01,24
BTC-24APR20-12000-C,2020-03-01,24
BTC-24APR20-12000-C,2020-04-01,24
BTC-24APR20-13000-C,2020-03-01,24
BTC-24APR20-14000-C,2020-03-01,24
BTC-24APR20-3500-C,2020-04-01,9
BTC-24APR20-3500-P,2020-04-01,24
BTC-24APR20-4000-C,2020-04-01,9
BTC-24APR20-4000-P,2020-04-01,24
BTC-24APR20-4500-C,2020-04-01,9
BTC-24APR20-4500-P,2020-04-01,24
BTC-24APR20-5000-C,2020-04-01,24
BTC-24APR20-5000-P,2020-04-01,24
BTC-24APR20-5500-C,2020-04-01,24
BTC-24APR20-5500-P,2020-04-01,24
BTC-24APR20-6000-C,2020-03-01,24
BTC-24APR20-6000-C,2020-04-01,24
BTC-24APR20-6000-P,2020-03-01,24
BTC-24APR20-6000-P,2020-04-01,24
BTC-24APR20-6500-C,2020-04-01,24
BTC-24APR20-6500-P,2020-04-01,24
BTC-24APR20-7000-C,2020-03-01,24
BTC-24APR20-7000-C,2020-04-01,24
BTC-24APR20-7000-P,2020-03-01,24
BTC-24APR20-7000-P,2020-04-01,24
BTC-24APR20-7500-C,2020-04-01,24
BTC-24APR20-8000-C,2020-03-01,24
BTC-24APR20-8000-C,2020-04-01,24
BTC-24APR20-8000-P,2020-03-01,24
BTC-24APR20-8000-P,2020-04-01,16
BTC-24APR20-9000-C,2020-03-01,24
BTC-24APR20-9000-C,2020-04-01,24
BTC-24APR20-9000-P,2020-03-01,24
BTC-24FEB23-10000-P,2022-12-01,24
BTC-24FEB23-12000-P,2022-12-01,24
BTC-24FEB23-13000-P,2022-12-01,24
BTC-24FEB23-14000-C,2022-12-01,22
BTC-24FEB23-14000-P,2022-12-01,24
BTC-24FEB23-15000-C,2022-12-01,24
BTC-24FEB23-15000-P,2022-12-01,24
BTC-24FEB23-16000-C,2022-12-01,24
BTC-24FEB23-16000-P,2022-12-01,24
BTC-24FEB23-17000-C,2022-12-01,24
BTC-24FEB23-17000-P,2022-12-01,24
BTC-24FEB23-18000-C,2022-12-01,24
BTC-24FEB23-18000-P,2022-12-01,24
BTC-24FEB23-19000-C,2022-12-01,24
BTC-24FEB23-19000-P,2022-12-01,22
BTC-24FEB23-20000-C,2022-12-01,24
BTC-24FEB23-20000-P,2022-12-01,22
BTC-24FEB23-22000-C,2022-12-01,24
BTC-24FEB23-22000-P,2022-12-01,20
BTC-24FEB23-24000-C,2022-12-01,24
BTC-24FEB23-26000-C,2022-12-01,24
BTC-24FEB23-28000-C,2022-12-01,24
BTC-24FEB23-30000-C,2022-12-01,24
BTC-24JUN22-100000-C,2021-09-01,24
BTC-24JUN22-100000-C,2021-10-01,12
BTC-24JUN22-100000-C,2021-11-01,24
BTC-24JUN22-100000-C,2021-12-01,24
BTC-24JUN22-120000-C,2021-11-01,24
BTC-24JUN22-120000-C,2021-12-01,21
BTC-24JUN22-15000-C,2022-06-01,4
BTC-24JUN22-20000-C,2022-02-01,17
BTC-24JUN22-20000-C,2022-05-01,14
BTC-24JUN22-20000-C,2022-06-01,19
BTC-24JUN22-20000-P,2021-07-01,23
BTC-24JUN22-20000-P,2022-02-01,23
BTC-24JUN22-20000-P,2022-05-01,24
BTC-24JUN22-20000-P,2022-06-01,24
BTC-24JUN22-24000-C,2022-06-01,17
BTC-24JUN22-24000-P,2022-06-01,24
BTC-24JUN22-25000-C,2021-08-01,20
BTC-24JUN22-25000-C,2021-10-01,12
BTC-24JUN22-25000-C,2022-01-01,17
BTC-24JUN22-25000-C,2022-02-01,20
BTC-24JUN22-25000-C,2022-03-01,16
BTC-24JUN22-25000-C,2022-04-01,15
BTC-24JUN22-25000-C,2022-05-01,14
BTC-24JUN22-25000-C,2022-06-01,17
BTC-24JUN22-25000-P,2021-07-01,23
BTC-24JUN22-25000-P,2021-08-01,24
BTC-24JUN22-25000-P,2021-10-01,12
BTC-24JUN22-25000-P,2022-01-01,24
BTC-24JUN22-25000-P,2022-02-01,24
BTC-24JUN22-25000-P,2022-03-01,24
BTC-24JUN22-25000-P,2022-04-01,24
BTC-24JUN22-25000-P,2022-05-01,24
BTC-24JUN22-25000-P,2022-06-01,24
BTC-24JUN22-26000-C,2022-06-01,17
BTC-24JUN22-26000-P,2022-06-01,24
BTC-24JUN22-28000-C,2022-06-01,14
BTC-24JUN22-28000-P,2022-06-01,24
BTC-24JUN22-29000-C,2022-06-01,15
BTC-24JUN22-29000-P,2022-06-01,24
BTC-24JUN22-30000-C,2021-08-01,20
BTC-24JUN22-30000-C,2021-09-01,21
BTC-24JUN22-30000-C,2021-10-01,24
BTC-24JUN22-30000-C,2022-01-01,23
BTC-24JUN22-30000-C,2022-02-01,17
BTC-24JUN22-30000-C,2022-03-01,24
BTC-24JUN22-30000-C,2022-04-01,15
BTC-24JUN22-30000-C,2022-05-01,23
BTC-24JUN22-30000-C,2022-06-01,24
BTC-24JUN22-30000-P,2021-07-01,23
BTC-24JUN22-30000-P,2021-08-01,24
BTC-24JUN22-30000-P,2021-09-01,24
BTC-24JUN22-30000-P,2021-10-01,24
BTC-24JUN22-30000-P,2022-01-01,24
BTC-24JUN22-30000-P,2022-02-01,24
BTC-24JUN22-30000-P,2022-03-01,24
BTC-24JUN22-30000-P,2022-04-01,24
BTC-24JUN22-30000-P,2022-05-01,24
BTC-24JUN22-30000-P,2022-06-01,24
BTC-24JUN22-31000-C,2022-06-01,24
BTC-24JUN22-31000-P,2022-06-01,24
BTC-24JUN22-32000-C,2022-05-01,15
BTC-24JUN22-32000-C,2022-06-01,24
BTC-24JUN22-32000-P,2022-05-01,24
BTC-24JUN22-32000-P,2022-06-01,24
BTC-24JUN22-33000-C,2022-06-01,24
BTC-24JUN22-33000-P,2022-06-01,24
BTC-24JUN22-34000-C,2022-05-01,8
BTC-24JUN22-34000-C,2022-06-01,24
BTC-24JUN22-34000-P,2022-05-01,24
BTC-24JUN22-34000-P,2022-06-01,18
BTC-24JUN22-35000-C,2021-07-01,20
BTC-24JUN22-35000-C,2021-08-01,22
BTC-24JUN22-35000-C,2021-09-01,22
BTC-24JUN22-35000-C,2021-10-01,24
BTC-24JUN22-35000-C,2021-11-01,21
BTC-24JUN22-35000-C,2021-12-01,16
BTC-24JUN22-35000-C,2022-01-01,14
BTC-24JUN22-35000-C,2022-02-01,24
BTC-24JUN22-35000-C,2022-03-01,24
BTC-24JUN22-35000-C,2022-04-01,24
BTC-24JUN22-35000-C,2022-05-01,24
BTC-24JUN22-35000-C,2022-06-01,24
BTC-24JUN22-35000-P,2021-07-01,23
BTC-24JUN22-35000-P,2021-08-01,24
BTC-24JUN22-35000-P,2021-09-01,24
BTC-24JUN22-35000-P,2021-10-01,24
BTC-24JUN22-35000-P,2021-11-01,24
BTC-24JUN22-35000-P,2021-12-01,24
BTC-24JUN22-35000-P,2022-01-01,24
BTC-24JUN22-35000-P,2022-02-01,24
BTC-24JUN22-35000-P,2022-03-01,24
BTC-24JUN22-35000-P,2022-04-01,24
BTC-24JUN22-35000-P,2022-05-01,24
BTC-24JUN22-35000-P,2022-06-01,23
BTC-24JUN22-36000-C,2022-05-01,24
BTC-24JUN22-36000-C,2022-06-01,24
BTC-24JUN22-36000-P,2022-05-01,24
BTC-24JUN22-36000-P,2022-06-01,14
BTC-24JUN22-38000-C,2022-05-01,24
BTC-24JUN22-38000-C,2022-06-01,24
BTC-24JUN22-38000-P,2022-05-01,24
BTC-24JUN22-38000-P,2022-06-01,17
BTC-24JUN22-40000-C,2021-07-01,23
BTC-24JUN22-40000-C,2021-08-01,21
BTC-24JUN22-40000-C,2021-09-01,21
BTC-24JUN22-40000-C,2021-10-01,24
BTC-24JUN22-40000-C,2021-11-01,21
BTC-24JUN22-40000-C,2021-12-01,16
BTC-24JUN22-40000-C,2022-01-01,24
BTC-24JUN22-40000-C,2022-02-01,24
BTC-24JUN22-40000-C,2022-03-01,24
BTC-24JUN22-40000-C,2022-04-01,24
BTC-24JUN22-40000-C,2022-05-01,24
BTC-24JUN22-40000-C,2022-06-01,24
BTC-24JUN22-40000-P,2021-07-01,17
BTC-24JUN22-40000-P,2021-08-01,24
BTC-24JUN22-40000-P,2021-09-01,24
BTC-24JUN22-40000-P,2021-10-01,24
BTC-24JUN22-40000-P,2021-11-01,24
BTC-24JUN22-40000-P,2021-12-01,24
BTC-24JUN22-40000-P,2022-01-01,24
BTC-24JUN22-40000-P,2022-02-01,24
BTC-24JUN22-40000-P,2022-03-01,24
BTC-24JUN22-40000-P,2022-04-01,24
BTC-24JUN22-40000-P,2022-05-01,24
BTC-24JUN22-40000-P,2022-06-01,15
BTC-24JUN22-42000-C,2022-04-01,21
BTC-24JUN22-42000-C,2022-05-01,24
BTC-24JUN22-42000-C,2022-06-01,24
BTC-24JUN22-42000-P,2022-04-01,24
BTC-24JUN22-42000-P,2022-05-01,24
BTC-24JUN22-44000-C,2022-04-01,24
BTC-24JUN22-44000-C,2022-05-01,24
BTC-24JUN22-44000-C,2022-06-01,19
BTC-24JUN22-44000-P,2022-04-01,24
BTC-24JUN22-44000-P,2022-05-01,24
BTC-24JUN22-45000-C,2022-02-01,24
BTC-24JUN22-45000-C,2022-03-01,24
BTC-24JUN22-45000-C,2022-04-01,24
BTC-24JUN22-45000-C,2022-05-01,24
BTC-24JUN22-45000-C,2022-06-01,21
BTC-24JUN22-45000-P,2022-02-01,22
BTC-24JUN22-45000-P,2022-03-01,24
BTC-24JUN22-45000-P,2022-04-01,24
BTC-24JUN22-45000-P,2022-05-01,24
BTC-24JUN22-46000-C,2022-04-01,24
BTC-24JUN22-46000-C,2022-05-01,24
BTC-24JUN22-46000-C,2022-06-01,13
BTC-24JUN22-46000-P,2022-04-01,24
BTC-24JUN22-46000-P,2022-05-01,24
BTC-24JUN22-48000-C,2022-04-01,24
BTC-24JUN22-48000-C,2022-05-01,24
BTC-24JUN22-48000-C,2022-06-01,11
BTC-24JUN22-48000-P,2022-04-01,24
BTC-24JUN22-48000-P,2022-05-01,24
BTC-24JUN22-50000-C,2021-07-01,23
BTC-24JUN22-50000-C,2021-08-01,24
BTC-24JUN22-50000-C,2021-09-01,24
BTC-24JUN22-50000-C,2021-10-01,24
BTC-24JUN22-50000-C,2021-11-01,21
BTC-24JUN22-50000-C,2021-12-01,17
BTC-24JUN22-50000-C,2022-01-01,24
BTC-24JUN22-50000-C,2022-02-01,24
BTC-24JUN22-50000-C,2022-03-01,24
BTC-24JUN22-50000-C,2022-04-01,24
BTC-24JUN22-50000-C,2022-05-01,24
BTC-24JUN22-50000-P,2021-07-01,17
BTC-24JUN22-50000-P,2021-08-01,21
BTC-24JUN22-50000-P,2021-09-01,24
BTC-24JUN22-50000-P,2021-10-01,19
BTC-24JUN22-50000-P,2021-11-01,24
BTC-24JUN22-50000-P,2021-12-01,24
BTC-24JUN22-50000-P,2022-01-01,24
BTC-24JUN22-50000-P,2022-02-01,24
BTC-24JUN22-50000-P,2022-03-01,24
BTC-24JUN22-50000-P,2022-04-01,24
BTC-24JUN22-50000-P,2022-05-01,23
BTC-24JUN22-52000-C,2022-04-01,24
BTC-24JUN22-52000-C,2022-05-01,24
BTC-24JUN22-52000-P,2022-04-01,10
BTC-24JUN22-55000-C,2022-02-01,24
BTC-24JUN22-55000-C,2022-03-01,24
BTC-24JUN22-55000-C,2022-04-01,24
BTC-24JUN22-55000-C,2022-05-01,24
BTC-24JUN22-55000-P,2022-03-01,11
BTC-24JUN22-55000-P,2022-04-01,15
BTC-24JUN22-60000-C,2021-07-01,23
BTC-24JUN22-60000-C,2021-08-01,24
BTC-24JUN22-60000-C,2021-09-01,24
BTC-24JUN22-60000-C,2021-10-01,24
BTC-24JUN22-60000-C,2021-11-01,24
BTC-24JUN22-60000-C,2021-12-01,24
BTC-24JUN22-60000-C,2022-01-01,24
BTC-24JUN22-60000-C,2022-02-01,24
BTC-24JUN22-60000-C,2022-03-01,24
BTC-24JUN22-60000-C,2022-04-01,24
BTC-24JUN22-60000-C,2022-05-01,24
BTC-24JUN22-60000-P,2021-09-01,9
BTC-24JUN22-60000-P,2021-11-01,24
BTC-24JUN22-60000-P,2021-12-01,24
BTC-24JUN22-60000-P,2022-01-01,23
BTC-24JUN22-60000-P,2022-02-01,23
BTC-24JUN22-60000-P,2022-03-01,24
BTC-24JUN22-60000-P,2022-04-01,24
BTC-24JUN22-60000-P,2022-05-01,23
BTC-24JUN22-65000-C,2022-02-01,24
BTC-24JUN22-65000-C,2022-03-01,24
BTC-24JUN22-65000-C,2022-04-01,24
BTC-24JUN22-65000-C,2022-05-01,24
BTC-24JUN22-65000-P,2022-03-01,11
BTC-24JUN22-70000-C,2021-08-01,24
BTC-24JUN22-70000-C,2021-09-01,24
BTC-24JUN22-70000-C,2021-10-01,24
BTC-24JUN22-70000-C,2021-11-01,24
BTC-24JUN22-70000-C,2021-12-01,24
BTC-24JUN22-70000-C,2022-01-01,24
BTC-24JUN22-70000-C,2022-02-01,24
BTC-24JUN22-70000-C,2022-03-01,24
BTC-24JUN22-70000-C,2022-04-01,24
BTC-24JUN22-70000-C,2022-05-01,24
BTC-24JUN22-70000-P,2021-11-01,23
BTC-24JUN22-70000-P,2022-01-01,24
BTC-24JUN22-70000-P,2022-02-01,23
BTC-24JUN22-70000-P,2022-03-01,24
BTC-24JUN22-70000-P,2022-04-01,24
BTC-24JUN22-70000-P,2022-05-01,23
BTC-24JUN22-75000-C,2022-02-01,24
BTC-24JUN22-75000-C,2022-03-01,24
BTC-24JUN22-75000-C,2022-04-01,24
BTC-24JUN22-75000-C,2022-05-01,17
BTC-24JUN22-80000-C,2021-09-01,24
BTC-24JUN22-80000-C,2021-10-01,24
BTC-24JUN22-80000-C,2021-11-01,24
BTC-24JUN22-80000-C,2021-12-01,24
BTC-24JUN22-80000-C,2022-01-01,24
BTC-24JUN22-80000-C,2022-03-01,24
BTC-24JUN22-80000-C,2022-04-01,24
BTC-24JUN22-80000-P,2021-11-01,6
BTC-24JUN22-80000-P,2022-01-01,24
BTC-24JUN22-90000-C,2021-11-01,24
BTC-24JUN22-90000-C,2021-12-01,24
BTC-24JUN22-90000-C,2022-01-01,24
BTC-24JUN22-90000-C,2022-04-01,23
BTC-24JUN22-90000-P,2021-11-01,4
BTC-24SEP21-100000-C,2021-03-01,24
BTC-24SEP21-100000-C,2021-04-01,24
BTC-24SEP21-100000-C,2021-05-01,24
BTC-24SEP21-120000-C,2021-04-01,24
BTC-24SEP21-120000-C,2021-05-01,24
BTC-24SEP21-16000-C,2020-12-01,24
BTC-24SEP21-16000-C,2021-01-01,5
BTC-24SEP21-16000-P,2020-12-01,24
BTC-24SEP21-16000-P,2021-01-01,5
BTC-24SEP21-18000-C,2020-12-01,24
BTC-24SEP21-18000-C,2021-01-01,24
BTC-24SEP21-18000-C,2021-07-01,20
BTC-24SEP21-18000-P,2020-12-01,24
BTC-24SEP21-18000-P,2021-01-01,24
BTC-24SEP21-18000-P,2021-07-01,23
BTC-24SEP21-20000-C,2020-12-01,24
BTC-24SEP21-20000-C,2021-01-01,24
BTC-24SEP21-20000-C,2021-02-01,24
BTC-24SEP21-20000-C,2021-06-01,23
BTC-24SEP21-20000-C,2021-07-01,20
BTC-24SEP21-20000-P,2020-12-01,24
BTC-24SEP21-20000-P,2021-01-01,24
BTC-24SEP21-20000-P,2021-02-01,24
BTC-24SEP21-20000-P,2021-06-01,24
BTC-24SEP21-20000-P,2021-07-01,23
BTC-24SEP21-22000-C,2021-08-01,22
BTC-24SEP21-22000-P,2021-08-01,24
BTC-24SEP21-24000-C,2020-12-01,24
BTC-24SEP21-24000-C,2021-01-01,24
BTC-24SEP21-24000-C,2021-02-01,24
BTC-24SEP21-24000-C,2021-06-01,23
BTC-24SEP21-24000-C,2021-07-01,16
BTC-24SEP21-24000-C,2021-08-01,20
BTC-24SEP21-24000-C,2021-09-01,14
BTC-24SEP21-24000-P,2020-12-01,24
BTC-24SEP21-24000-P,2021-01-01,24
BTC-24SEP21-24000-P,2021-02-01,24
BTC-24SEP21-24000-P,2021-06-01,24
BTC-24SEP21-24000-P,2021-07-01,23
BTC-24SEP21-24000-P,2021-08-01,24
BTC-24SEP21-24000-P,2021-09-01,10
BTC-24SEP21-26000-C,2020-12-01,24
BTC-24SEP21-26000-C,2021-01-01,24
BTC-24SEP21-26000-C,2021-02-01,24
BTC-24SEP21-26000-C,2021-03-01,6
BTC-24SEP21-26000-C,2021-06-01,23
BTC-24SEP21-26000-C,2021-07-01,17
BTC-24SEP21-26000-C,2021-08-01,20
BTC-24SEP21-26000-C,2021-09-01,24
BTC-24SEP21-26000-P,2020-12-01,13
BTC-24SEP21-26000-P,2021-01-01,24
BTC-24SEP21-26000-P,2021-02-01,24
BTC-24SEP21-26000-P,2021-03-01,6
BTC-24SEP21-26000-P,2021-06-01,24
BTC-24SEP21-26000-P,2021-07-01,23
BTC-24SEP21-26000-P,2021-08-01,24
BTC-24SEP21-26000-P,2021-09-01,24
BTC-24SEP21-28000-C,2021-07-01,20
BTC-24SEP21-28000-C,2021-08-01,22
BTC-24SEP21-28000-C,2021-09-01,24
BTC-24SEP21-28000-P,2021-07-01,23
BTC-24SEP21-28000-P,2021-08-01,24
BTC-24SEP21-28000-P,2021-09-01,24
BTC-24SEP21-30000-C,2021-07-01,20
BTC-24SEP21-30000-C,2021-08-01,20
BTC-24SEP21-30000-C,2021-09-01,24
BTC-24SEP21-30000-P,2021-07-01,23
BTC-24SEP21-30000-P,2021-08-01,24
BTC-24SEP21-30000-P,2021-09-01,24
BTC-24SEP21-32000-C,2020-12-01,24
BTC-24SEP21-32000-C,2021-01-01,24
BTC-24SEP21-32000-C,2021-02-01,24
BTC-24SEP21-32000-C,2021-03-01,24
BTC-24SEP21-32000-C,2021-05-01,24
BTC-24SEP21-32000-C,2021-06-01,24
BTC-24SEP21-32000-C,2021-07-01,23
BTC-24SEP21-32000-C,2021-08-01,24
BTC-24SEP21-32000-C,2021-09-01,24
BTC-24SEP21-32000-P,2020-12-01,16
BTC-24SEP21-32000-P,2021-01-01,23
BTC-24SEP21-32000-P,2021-02-01,24
BTC-24SEP21-32000-P,2021-03-01,24
BTC-24SEP21-32000-P,2021-05-01,24
BTC-24SEP21-32000-P,2021-06-01,24
BTC-24SEP21-32000-P,2021-07-01,23
BTC-24SEP21-32000-P,2021-08-01,24
BTC-24SEP21-32000-P,2021-09-01,24
BTC-24SEP21-34000-C,2021-08-01,20
BTC-24SEP21-34000-C,2021-09-01,24
BTC-24SEP21-34000-P,2021-08-01,24
BTC-24SEP21-34000-P,2021-09-01,24
BTC-24SEP21-36000-C,2021-07-01,23
BTC-24SEP21-36000-C,2021-08-01,24
BTC-24SEP21-36000-C,2021-09-01,24
BTC-24SEP21-36000-P,2021-07-01,22
BTC-24SEP21-36000-P,2021-08-01,24
BTC-24SEP21-36000-P,2021-09-01,24
BTC-24SEP21-38000-C,2021-08-01,20
BTC-24SEP21-38000-C,2021-09-01,24
BTC-24SEP21-38000-P,2021-08-01,24
BTC-24SEP21-38000-P,2021-09-01,24
BTC-24SEP21-40000-C,2020-12-01,23
BTC-24SEP21-40000-C,2021-01-01,24
BTC-24SEP21-40000-C,2021-02-01,24
BTC-24SEP21-40000-C,2021-03-01,24
BTC-24SEP21-40000-C,2021-04-01,23
BTC-24SEP21-40000-C,2021-05-01,24
BTC-24SEP21-40000-C,2021-06-01,24
BTC-24SEP21-40000-C,2021-07-01,23
BTC-24SEP21-40000-C,2021-08-01,24
BTC-24SEP21-40000-C,2021-09-01,24
BTC-24SEP21-40000-P,2020-12-01,16
BTC-24SEP21-40000-P,2021-01-01,24
BTC-24SEP21-40000-P,2021-02-01,24
BTC-24SEP21-40000-P,2021-03-01,24
BTC-24SEP21-40000-P,2021-04-01,24
BTC-24SEP21-40000-P,2021-05-01,24
BTC-24SEP21-40000-P,2021-06-01,19
BTC-24SEP21-40000-P,2021-07-01,6
BTC-24SEP21-40000-P,2021-08-01,24
BTC-24SEP21-40000-P,2021-09-01,24
BTC-24SEP21-42000-C,2021-08-01,24
BTC-24SEP21-42000-C,2021-09-01,24
BTC-24SEP21-42000-P,2021-08-01,24
BTC-24SEP21-42000-P,2021-09-01,24
BTC-24SEP21-44000-C,2021-07-01,23
BTC-24SEP21-44000-C,2021-08-01,24
BTC-24SEP21-44000-C,2021-09-01,24
BTC-24SEP21-44000-P,2021-08-01,23
BTC-24SEP21-44000-P,2021-09-01,24
BTC-24SEP21-46000-C,2021-08-01,24
BTC-24SEP21-46000-C,2021-09-01,24
BTC-24SEP21-46000-P,2021-09-01,24
BTC-24SEP21-48000-C,2021-01-01,24
BTC-24SEP21-48000-C,2021-02-01,24
BTC-24SEP21-48000-C,2021-03-01,24
BTC-24SEP21-48000-C,2021-04-01,24
BTC-24SEP21-48000-C,2021-05-01,24
BTC-24SEP21-48000-C,2021-06-01,24
BTC-24SEP21-48000-C,2021-07-01,23
BTC-24SEP21-48000-C,2021-08-01,24
BTC-24SEP21-48000-C,2021-09-01,24
BTC-24SEP21-48000-P,2021-01-01,14
BTC-24SEP21-48000-P,2021-02-01,8
BTC-24SEP21-48000-P,2021-03-01,24
BTC-24SEP21-48000-P,2021-04-01,24
BTC-24SEP21-48000-P,2021-05-01,24
BTC-24SEP21-48000-P,2021-06-01,6
BTC-24SEP21-48000-P,2021-09-01,24
BTC-24SEP21-50000-C,2021-03-01,24
BTC-24SEP21-50000-C,2021-04-01,24
BTC-24SEP21-50000-C,2021-05-01,24
BTC-24SEP21-50000-C,2021-06-01,24
BTC-24SEP21-50000-C,2021-07-01,23
BTC-24SEP21-50000-C,2021-08-01,24
BTC-24SEP21-50000-C,2021-09-01,24
BTC-24SEP21-50000-P,2021-03-01,24
BTC-24SEP21-50000-P,2021-04-01,24
BTC-24SEP21-50000-P,2021-05-01,24
BTC-24SEP21-50000-P,2021-06-01,10
BTC-24SEP21-50000-P,2021-08-01,15
BTC-24SEP21-50000-P,2021-09-01,24
BTC-24SEP21-52000-C,2021-09-01,24
BTC-24SEP21-52000-P,2021-09-01,21
BTC-24SEP21-54000-C,2021-09-01,24
BTC-24SEP21-54000-P,2021-09-01,21
BTC-24SEP21-56000-C,2021-01-01,24
BTC-24SEP21-56000-C,2021-02-01,24
BTC-24SEP21-56000-C,2021-03-01,24
BTC-24SEP21-56000-C,2021-04-01,24
BTC-24SEP21-56000-C,2021-05-01,24
BTC-24SEP21-56000-C,2021-06-01,24
BTC-24SEP21-56000-C,2021-07-01,23
BTC-24SEP21-56000-C,2021-08-01,24
BTC-24SEP21-56000-C,2021-09-01,24
BTC-24SEP21-56000-P,2021-01-01,14
BTC-24SEP21-56000-P,2021-03-01,23
BTC-24SEP21-56000-P,2021-04-01,24
BTC-24SEP21-56000-P,2021-05-01,24
BTC-24SEP21-56000-P,2021-09-01,24
BTC-24SEP21-58000-C,2021-09-01,24
BTC-24SEP21-58000-P,2021-09-01,15
BTC-24SEP21-60000-C,2021-05-01,24
BTC-24SEP21-60000-C,2021-06-01,24
BTC-24SEP21-60000-C,2021-07-01,23
BTC-24SEP21-60000-C,2021-08-01,24
BTC-24SEP21-60000-C,2021-09-01,24
BTC-24SEP21-60000-P,2021-05-01,23
BTC-24SEP21-60000-P,2021-09-01,24
BTC-24SEP21-64000-C,2021-01-01,19
BTC-24SEP21-64000-C,2021-02-01,24
BTC-24SEP21-64000-C,2021-03-01,24
BTC-24SEP21-64000-C,2021-04-01,24
BTC-24SEP21-64000-C,2021-05-01,24
BTC-24SEP21-64000-C,2021-06-01,24
BTC-24SEP21-64000-C,2021-07-01,23
BTC-24SEP21-64000-C,2021-08-01,24
BTC-24SEP21-64000-C,2021-09-01,24
BTC-24SEP21-64000-P,2021-03-01,23
BTC-24SEP21-64000-P,2021-04-01,24
BTC-24SEP21-64000-P,2021-05-01,24
BTC-24SEP21-64000-P,2021-09-01,24
BTC-24SEP21-72000-C,2021-02-01,21
BTC-24SEP21-72000-C,2021-03-01,24
BTC-24SEP21-72000-C,2021-04-01,24
BTC-24SEP21-72000-C,2021-05-01,24
BTC-24SEP21-72000-C,2021-06-01,24
BTC-24SEP21-72000-C,2021-08-01,24
BTC-24SEP21-72000-C,2021-09-01,24
BTC-24SEP21-72000-P,2021-04-01,23
BTC-24SEP21-72000-P,2021-05-01,13
BTC-24SEP21-80000-C,2021-03-01,24
BTC-24SEP21-80000-C,2021-04-01,24
BTC-24SEP21-80000-C,2021-05-01,24
BTC-24SEP21-80000-C,2021-08-01,24
BTC-24SEP21-80000-C,2021-09-01,24
BTC-24SEP21-88000-C,2021-03-01,24
BTC-24SEP21-88000-C,2021-04-01,24
BTC-24SEP21-88000-C,2021-05-01,24
BTC-24SEP21-88000-C,2021-09-01,24
BTC-25DEC20-10000-C,2020-04-01,24
BTC-25DEC20-10000-C,2020-05-01,24
BTC-25DEC20-10000-C,2020-06-01,24
BTC-25DEC20-10000-C,2020-07-01,24
BTC-25DEC20-10000-C,2020-08-01,24
BTC-25DEC20-10000-C,2020-09-01,24
BTC-25DEC20-10000-C,2020-10-01,24
BTC-25DEC20-10000-C,2020-11-01,24
BTC-25DEC20-10000-C,2020-12-01,22
BTC-25DEC20-10000-P,2020-05-01,9
BTC-25DEC20-10000-P,2020-06-01,24
BTC-25DEC20-10000-P,2020-07-01,24
BTC-25DEC20-10000-P,2020-08-01,24
BTC-25DEC20-10000-P,2020-09-01,24
BTC-25DEC20-10000-P,2020-10-01,24
BTC-25DEC20-10000-P,2020-11-01,24
BTC-25DEC20-10000-P,2020-12-01,14
BTC-25DEC20-11000-C,2020-04-01,24
BTC-25DEC20-11000-C,2020-05-01,24
BTC-25DEC20-11000-C,2020-06-01,24
BTC-25DEC20-11000-C,2020-07-01,24
BTC-25DEC20-11000-C,2020-08-01,24
BTC-25DEC20-11000-C,2020-09-01,24
BTC-25DEC20-11000-C,2020-10-01,24
BTC-25DEC20-11000-C,2020-11-01,24
BTC-25DEC20-11000-C,2020-12-01,24
BTC-25DEC20-11000-P,2020-06-01,24
BTC-25DEC20-11000-P,2020-07-01,24
BTC-25DEC20-11000-P,2020-08-01,24
BTC-25DEC20-11000-P,2020-09-01,24
BTC-25DEC20-11000-P,2020-10-01,24
BTC-25DEC20-11000-P,2020-11-01,24
BTC-25DEC20-11000-P,2020-12-01,24
BTC-25DEC20-12000-C,2020-04-01,24
BTC-25DEC20-12000-C,2020-05-01,24
BTC-25DEC20-12000-C,2020-06-01,24
BTC-25DEC20-12000-C,2020-07-01,24
BTC-25DEC20-12000-C,2020-08-01,24
BTC-25DEC20-12000-C,2020-09-01,24
BTC-25DEC20-12000-C,2020-10-01,24
BTC-25DEC20-12000-C,2020-11-01,24
BTC-25DEC20-12000-C,2020-12-01,24
BTC-25DEC20-12000-P,2020-06-01,9
BTC-25DEC20-12000-P,2020-07-01,24
BTC-25DEC20-12000-P,2020-08-01,24
BTC-25DEC20-12000-P,2020-09-01,24
BTC-25DEC20-12000-P,2020-10-01,24
BTC-25DEC20-12000-P,2020-11-01,24
BTC-25DEC20-12000-P,2020-12-01,23
BTC-25DEC20-13000-C,2020-05-01,24
BTC-25DEC20-13000-C,2020-06-01,24
BTC-25DEC20-13000-C,2020-07-01,24
BTC-25DEC20-13000-C,2020-08-01,24
BTC-25DEC20-13000-C,2020-09-01,24
BTC-25DEC20-13000-C,2020-10-01,24
BTC-25DEC20-13000-C,2020-11-01,24
BTC-25DEC20-13000-C,2020-12-01,24
BTC-25DEC20-13000-P,2020-07-01,15
BTC-25DEC20-13000-P,2020-08-01,24
BTC-25DEC20-13000-P,2020-09-01,24
BTC-25DEC20-13000-P,2020-10-01,24
BTC-25DEC20-13000-P,2020-11-01,24
BTC-25DEC20-13000-P,2020-12-01,24
BTC-25DEC20-14000-C,2020-05-01,24
BTC-25DEC20-14000-C,2020-06-01,24
BTC-25DEC20-14000-C,2020-07-01,24
BTC-25DEC20-14000-C,2020-08-01,24
BTC-25DEC20-14000-C,2020-09-01,24
BTC-25DEC20-14000-C,2020-10-01,24
BTC-25DEC20-14000-C,2020-11-01,24
BTC-25DEC20-14000-C,2020-12-01,24
BTC-25DEC20-14000-P,2020-07-01,15
BTC-25DEC20-14000-P,2020-08-01,6
BTC-25DEC20-14000-P,2020-09-01,24
BTC-25DEC20-14000-P,2020-10-01,24
BTC-25DEC20-14000-P,2020-11-01,24
BTC-25DEC20-14000-P,2020-12-01,24
BTC-25DEC20-15000-C,2020-11-01,24
BTC-25DEC20-15000-C,2020-12-01,24
BTC-25DEC20-15000-P,2020-11-01,18
BTC-25DEC20-15000-P,2020-12-01,24
BTC-25DEC20-16000-C,2020-05-01,24
BTC-25DEC20-16000-C,2020-06-01,24
BTC-25DEC20-16000-C,2020-07-01,24
BTC-25DEC20-16000-C,2020-08-01,24
BTC-25DEC20-16000-C,2020-09-01,24
BTC-25DEC20-16000-C,2020-10-01,24
BTC-25DEC20-16000-C,2020-11-01,24
BTC-25DEC20-16000-C,2020-12-01,24
BTC-25DEC20-16000-P,2020-07-01,15
BTC-25DEC20-16000-P,2020-09-01,24
BTC-25DEC20-16000-P,2020-10-01,24
BTC-25DEC20-16000-P,2020-11-01,19
BTC-25DEC20-16000-P,2020-12-01,24
BTC-25DEC20-17000-C,2020-12-01,24
BTC-25DEC20-17000-P,2020-12-01,24
BTC-25DEC20-18000-C,2020-05-01,9
BTC-25DEC20-18000-C,2020-06-01,24
BTC-25DEC20-18000-C,2020-07-01,24
BTC-25DEC20-18000-C,2020-08-01,24
BTC-25DEC20-18000-C,2020-09-01,24
BTC-25DEC20-18000-C,2020-10-01,24
BTC-25DEC20-18000-C,2020-11-01,24
BTC-25DEC20-18000-C,2020-12-01,24
BTC-25DEC20-18000-P,2020-07-01,14
BTC-25DEC20-18000-P,2020-09-01,24
BTC-25DEC20-18000-P,2020-10-01,24
BTC-25DEC20-18000-P,2020-11-01,16
BTC-25DEC20-18000-P,2020-12-01,24
BTC-25DEC20-19000-C,2020-12-01,24
BTC-25DEC20-19000-P,2020-12-01,24
BTC-25DEC20-20000-C,2020-08-01,24
BTC-25DEC20-20000-C,2020-09-01,24
BTC-25DEC20-20000-C,2020-10-01,24
BTC-25DEC20-20000-C,2020-11-01,24
BTC-25DEC20-20000-C,2020-12-01,24
BTC-25DEC20-20000-P,2020-09-01,24
BTC-25DEC20-20000-P,2020-10-01,24
BTC-25DEC20-20000-P,2020-11-01,16
BTC-25DEC20-20000-P,2020-12-01,24
BTC-25DEC20-21000-C,2020-12-01,24
BTC-25DEC20-21000-P,2020-12-01,14
BTC-25DEC20-22000-C,2020-12-01,24
BTC-25DEC20-22000-P,2020-12-01,14
BTC-25DEC20-24000-C,2020-08-01,19
BTC-25DEC20-24000-C,2020-09-01,21
BTC-25DEC20-24000-C,2020-11-01,24
BTC-25DEC20-24000-C,2020-12-01,24
BTC-25DEC20-24000-P,2020-09-01,21
BTC-25DEC20-24000-P,2020-12-01,13
BTC-25DEC20-26000-C,2020-12-01,24
BTC-25DEC20-26000-P,2020-12-01,13
BTC-25DEC20-28000-C,2020-11-01,5
BTC-25DEC20-28000-C,2020-12-01,24
BTC-25DEC20-28000-P,2020-11-01,5
BTC-25DEC20-28000-P,2020-12-01,13
BTC-25DEC20-32000-C,2020-12-01,24
BTC-25DEC20-32000-P,2020-12-01,10
BTC-25DEC20-36000-C,2020-12-01,24
BTC-25DEC20-36000-P,2020-12-01,10
BTC-25DEC20-4000-C,2020-04-01,24
BTC-25DEC20-4000-P,2020-04-01,24
BTC-25DEC20-5000-C,2020-04-01,24
BTC-25DEC20-5000-C,2020-05-01,24
BTC-25DEC20-5000-C,2020-06-01,22
BTC-25DEC20-5000-C,2020-07-01,24
BTC-25DEC20-5000-P,2020-04-01,24
BTC-25DEC20-5000-P,2020-05-01,24
BTC-25DEC20-5000-P,2020-06-01,22
BTC-25DEC20-5000-P,2020-07-01,24
BTC-25DEC20-6000-C,2020-04-01,24
BTC-25DEC20-6000-C,2020-05-01,24
BTC-25DEC20-6000-C,2020-06-01,24
BTC-25DEC20-6000-C,2020-07-01,24
BTC-25DEC20-6000-C,2020-08-01,5
BTC-25DEC20-6000-C,2020-10-01,24
BTC-25DEC20-6000-P,2020-04-01,24
BTC-25DEC20-6000-P,2020-05-01,24
BTC-25DEC20-6000-P,2020-06-01,24
BTC-25DEC20-6000-P,2020-07-01,24
BTC-25DEC20-6000-P,2020-08-01,5
BTC-25DEC20-6000-P,2020-10-01,24
BTC-25DEC20-7000-C,2020-04-01,24
BTC-25DEC20-7000-C,2020-05-01,24
BTC-25DEC20-7000-C,2020-06-01,24
BTC-25DEC20-7000-C,2020-07-01,24
BTC-25DEC20-7000-C,2020-08-01,24
BTC-25DEC20-7000-C,2020-09-01,24
BTC-25DEC20-7000-C,2020-10-01,24
BTC-25DEC20-7000-C,2020-11-01,19
BTC-25DEC20-7000-P,2020-04-01,24
BTC-25DEC20-7000-P,2020-05-01,24
BTC-25DEC20-7000-P,2020-06-01,24
BTC-25DEC20-7000-P,2020-07-01,24
BTC-25DEC20-7000-P,2020-08-01,24
BTC-25DEC20-7000-P,2020-09-01,24
BTC-25DEC20-7000-P,2020-10-01,24
BTC-25DEC20-7000-P,2020-11-01,19
BTC-25DEC20-8000-C,2020-04-01,24
BTC-25DEC20-8000-C,2020-05-01,24
BTC-25DEC20-8000-C,2020-06-01,24
BTC-25DEC20-8000-C,2020-07-01,24
BTC-25DEC20-8000-C,2020-08-01,22
BTC-25DEC20-8000-C,2020-09-01,24
BTC-25DEC20-8000-C,2020-10-01,24
BTC-25DEC20-8000-C,2020-11-01,24
BTC-25DEC20-8000-P,2020-04-01,24
BTC-25DEC20-8000-P,2020-05-01,24
BTC-25DEC20-8000-P,2020-06-01,24
BTC-25DEC20-8000-P,2020-07-01,24
BTC-25DEC20-8000-P,2020-08-01,24
BTC-25DEC20-8000-P,2020-09-01,24
BTC-25DEC20-8000-P,2020-10-01,24
BTC-25DEC20-8000-P,2020-11-01,24
BTC-25DEC20-9000-C,2020-04-01,24
BTC-25DEC20-9000-C,2020-05-01,24
BTC-25DEC20-9000-C,2020-06-01,24
BTC-25DEC20-9000-C,2020-07-01,24
BTC-25DEC20-9000-C,2020-08-01,24
BTC-25DEC20-9000-C,2020-09-01,24
BTC-25DEC20-9000-C,2020-10-01,24
BTC-25DEC20-9000-C,2020-11-01,24
BTC-25DEC20-9000-P,2020-04-01,13
BTC-25DEC20-9000-P,2020-05-01,24
BTC-25DEC20-9000-P,2020-06-01,24
BTC-25DEC20-9000-P,2020-07-01,24
BTC-25DEC20-9000-P,2020-08-01,24
BTC-25DEC20-9000-P,2020-09-01,24
BTC-25DEC20-9000-P,2020-10-01,24
BTC-25DEC20-9000-P,2020-11-01,24
BTC-25FEB22-100000-C,2021-12-01,24
BTC-25FEB22-110000-C,2021-12-01,24
BTC-25FEB22-20000-C,2022-02-01,11
BTC-25FEB22-20000-P,2022-02-01,24
BTC-25FEB22-24000-C,2022-02-01,11
BTC-25FEB22-24000-P,2022-02-01,24
BTC-25FEB22-25000-P,2022-01-01,24
BTC-25FEB22-25000-P,2022-02-01,24
BTC-25FEB22-26000-P,2022-02-01,24
BTC-25FEB22-28000-P,2022-02-01,24
BTC-25FEB22-30000-P,2021-12-01,22
BTC-25FEB22-30000-P,2022-01-01,24
BTC-25FEB22-30000-P,2022-02-01,24
BTC-25FEB22-32000-P,2022-02-01,24
BTC-25FEB22-34000-P,2022-02-01,24
BTC-25FEB22-35000-C,2022-02-01,24
BTC-25FEB22-35000-P,2022-01-01,24
BTC-25FEB22-35000-P,2022-02-01,24
BTC-25FEB22-36000-C,2022-02-01,24
BTC-25FEB22-36000-P,2022-02-01,24
BTC-25FEB22-37000-C,2022-02-01,24
BTC-25FEB22-37000-P,2022-02-01,24
BTC-25FEB22-38000-C,2022-02-01,24
BTC-25FEB22-38000-P,2022-02-01,24
BTC-25FEB22-39000-C,2022-02-01,24
BTC-25FEB22-39000-P,2022-02-01,24
BTC-25FEB22-40000-C,2022-02-01,24
BTC-25FEB22-40000-P,2021-12-01,24
BTC-25FEB22-40000-P,2022-01-01,24
BTC-25FEB22-40000-P,2022-02-01,24
BTC-25FEB22-41000-C,2022-02-01,24
BTC-25FEB22-41000-P,2022-02-01,12
BTC-25FEB22-42000-C,2022-02-01,24
BTC-25FEB22-44000-C,2022-02-01,24
BTC-25FEB22-44000-P,2022-02-01,17
BTC-25FEB22-45000-C,2022-01-01,24
BTC-25FEB22-45000-C,2022-02-01,24
BTC-25FEB22-45000-P,2022-01-01,24
BTC-25FEB22-45000-P,2022-02-01,23
BTC-25FEB22-46000-C,2022-02-01,24
BTC-25FEB22-46000-P,2022-02-01,17
BTC-25FEB22-48000-C,2022-02-01,24
BTC-25FEB22-50000-C,2022-01-01,24
BTC-25FEB22-50000-C,2022-02-01,24
BTC-25FEB22-50000-P,2021-12-01,24
BTC-25FEB22-50000-P,2022-01-01,24
BTC-25FEB22-50000-P,2022-02-01,23
BTC-25FEB22-55000-C,2021-12-01,23
BTC-25FEB22-55000-C,2022-01-01,24
BTC-25FEB22-55000-C,2022-02-01,24
BTC-25FEB22-55000-P,2021-12-01,24
BTC-25FEB22-55000-P,2022-01-01,14
BTC-25FEB22-60000-C,2021-12-01,24
BTC-25FEB22-60000-C,2022-01-01,24
BTC-25FEB22-60000-C,2022-02-01,24
BTC-25FEB22-60000-P,2021-12-01,24
BTC-25FEB22-65000-C,2021-12-01,24
BTC-25FEB22-65000-C,2022-01-01,24
BTC-25FEB22-65000-P,2021-12-01,9
BTC-25FEB22-70000-C,2021-12-01,24
BTC-25FEB22-70000-C,2022-01-01,24
BTC-25FEB22-75000-C,2022-01-01,24
BTC-25FEB22-80000-C,2021-12-01,24
BTC-25FEB22-80000-C,2022-01-01,24
BTC-25FEB22-90000-C,2021-12-01,24
BTC-25FEB22-90000-C,2022-01-01,24
BTC-25JUN21-10000-C,2020-10-01,24
BTC-25JUN21-10000-C,2020-11-01,24
BTC-25JUN21-10000-C,2020-12-01,4
BTC-25JUN21-10000-P,2020-10-01,24
BTC-25JUN21-10000-P,2020-11-01,24
BTC-25JUN21-10000-P,2020-12-01,4
BTC-25JUN21-100000-C,2021-03-01,15
BTC-25JUN21-100000-C,2021-04-01,24
BTC-25JUN21-100000-C,2021-05-01,24
BTC-25JUN21-12000-C,2020-10-01,24
BTC-25JUN21-12000-C,2020-11-01,24
BTC-25JUN21-12000-C,2020-12-01,24
BTC-25JUN21-12000-P,2020-10-01,24
BTC-25JUN21-12000-P,2020-11-01,24
BTC-25JUN21-12000-P,2020-12-01,24
BTC-25JUN21-120000-C,2021-04-01,24
BTC-25JUN21-120000-C,2021-05-01,7
BTC-25JUN21-14000-C,2020-10-01,24
BTC-25JUN21-14000-C,2020-11-01,24
BTC-25JUN21-14000-C,2020-12-01,24
BTC-25JUN21-14000-P,2020-10-01,24
BTC-25JUN21-14000-P,2020-11-01,24
BTC-25JUN21-14000-P,2020-12-01,24
BTC-25JUN21-16000-C,2020-10-01,24
BTC-25JUN21-16000-C,2020-11-01,24
BTC-25JUN21-16000-C,2020-12-01,24
BTC-25JUN21-16000-C,2021-01-01,24
BTC-25JUN21-16000-P,2020-10-01,24
BTC-25JUN21-16000-P,2020-11-01,22
BTC-25JUN21-16000-P,2020-12-01,24
BTC-25JUN21-16000-P,2021-01-01,24
BTC-25JUN21-18000-C,2020-12-01,24
BTC-25JUN21-18000-C,2021-01-01,24
BTC-25JUN21-18000-C,2021-02-01,20
BTC-25JUN21-18000-P,2020-12-01,24
BTC-25JUN21-18000-P,2021-01-01,24
BTC-25JUN21-18000-P,2021-02-01,20
BTC-25JUN21-20000-C,2020-10-01,24
BTC-25JUN21-20000-C,2020-11-01,24
BTC-25JUN21-20000-C,2020-12-01,24
BTC-25JUN21-20000-C,2021-01-01,24
BTC-25JUN21-20000-C,2021-02-01,24
BTC-25JUN21-20000-C,2021-06-01,24
BTC-25JUN21-20000-P,2020-10-01,24
BTC-25JUN21-20000-P,2020-11-01,12
BTC-25JUN21-20000-P,2020-12-01,24
BTC-25JUN21-20000-P,2021-01-01,24
BTC-25JUN21-20000-P,2021-02-01,24
BTC-25JUN21-20000-P,2021-06-01,24
BTC-25JUN21-22000-C,2020-12-01,24
BTC-25JUN21-22000-C,2021-01-01,24
BTC-25JUN21-22000-C,2021-02-01,23
BTC-25JUN21-22000-C,2021-06-01,24
BTC-25JUN21-22000-P,2020-12-01,15
BTC-25JUN21-22000-P,2021-01-01,24
BTC-25JUN21-22000-P,2021-02-01,24
BTC-25JUN21-22000-P,2021-06-01,24
BTC-25JUN21-24000-C,2020-11-01,24
BTC-25JUN21-24000-C,2020-12-01,24
BTC-25JUN21-24000-C,2021-01-01,24
BTC-25JUN21-24000-C,2021-02-01,22
BTC-25JUN21-24000-C,2021-06-01,24
BTC-25JUN21-24000-P,2020-12-01,22
BTC-25JUN21-24000-P,2021-01-01,24
BTC-25JUN21-24000-P,2021-02-01,24
BTC-25JUN21-24000-P,2021-06-01,24
BTC-25JUN21-28000-C,2020-11-01,23
BTC-25JUN21-28000-C,2020-12-01,24
BTC-25JUN21-28000-C,2021-01-01,24
BTC-25JUN21-28000-C,2021-02-01,24
BTC-25JUN21-28000-C,2021-03-01,24
BTC-25JUN21-28000-C,2021-06-01,24
BTC-25JUN21-28000-P,2020-12-01,16
BTC-25JUN21-28000-P,2021-01-01,24
BTC-25JUN21-28000-P,2021-02-01,24
BTC-25JUN21-28000-P,2021-03-01,24
BTC-25JUN21-28000-P,2021-06-01,24
BTC-25JUN21-32000-C,2020-12-01,24
BTC-25JUN21-32000-C,2021-01-01,24
BTC-25JUN21-32000-C,2021-02-01,24
BTC-25JUN21-32000-C,2021-03-01,23
BTC-25JUN21-32000-C,2021-04-01,23
BTC-25JUN21-32000-C,2021-05-01,23
BTC-25JUN21-32000-C,2021-06-01,24
BTC-25JUN21-32000-P,2020-12-01,16
BTC-25JUN21-32000-P,2021-01-01,15
BTC-25JUN21-32000-P,2021-02-01,24
BTC-25JUN21-32000-P,2021-03-01,24
BTC-25JUN21-32000-P,2021-04-01,24
BTC-25JUN21-32000-P,2021-05-01,24
BTC-25JUN21-32000-P,2021-06-01,24
BTC-25JUN21-36000-C,2020-12-01,24
BTC-25JUN21-36000-C,2021-01-01,24
BTC-25JUN21-36000-C,2021-02-01,24
BTC-25JUN21-36000-C,2021-03-01,24
BTC-25JUN21-36000-C,2021-04-01,24
BTC-25JUN21-36000-C,2021-05-01,24
BTC-25JUN21-36000-C,2021-06-01,24
BTC-25JUN21-36000-P,2020-12-01,16
BTC-25JUN21-36000-P,2021-01-01,15
BTC-25JUN21-36000-P,2021-02-01,24
BTC-25JUN21-36000-P,2021-03-01,24
BTC-25JUN21-36000-P,2021-04-01,24
BTC-25JUN21-36000-P,2021-05-01,24
BTC-25JUN21-36000-P,2021-06-01,24
BTC-25JUN21-40000-C,2020-12-01,20
BTC-25JUN21-40000-C,2021-01-01,24
BTC-25JUN21-40000-C,2021-02-01,24
BTC-25JUN21-40000-C,2021-03-01,24
BTC-25JUN21-40000-C,2021-04-01,24
BTC-25JUN21-40000-C,2021-05-01,24
BTC-25JUN21-40000-C,2021-06-01,24
BTC-25JUN21-40000-P,2020-12-01,20
BTC-25JUN21-40000-P,2021-01-01,15
BTC-25JUN21-40000-P,2021-03-01,24
BTC-25JUN21-40000-P,2021-04-01,24
BTC-25JUN21-40000-P,2021-05-01,24
BTC-25JUN21-40000-P,2021-06-01,22
BTC-25JUN21-44000-C,2021-01-01,24
BTC-25JUN21-44000-C,2021-02-01,24
BTC-25JUN21-44000-C,2021-03-01,23
BTC-25JUN21-44000-C,2021-04-01,24
BTC-25JUN21-44000-C,2021-05-01,23
BTC-25JUN21-44000-C,2021-06-01,24
BTC-25JUN21-44000-P,2021-01-01,15
BTC-25JUN21-44000-P,2021-03-01,24
BTC-25JUN21-44000-P,2021-04-01,24
BTC-25JUN21-44000-P,2021-05-01,24
BTC-25JUN21-44000-P,2021-06-01,22
BTC-25JUN21-48000-C,2021-01-01,24
BTC-25JUN21-48000-C,2021-02-01,24
BTC-25JUN21-48000-C,2021-03-01,24
BTC-25JUN21-48000-C,2021-04-01,24
BTC-25JUN21-48000-C,2021-05-01,23
BTC-25JUN21-48000-C,2021-06-01,24
BTC-25JUN21-48000-P,2021-01-01,15
BTC-25JUN21-48000-P,2021-03-01,24
BTC-25JUN21-48000-P,2021-04-01,24
BTC-25JUN21-48000-P,2021-05-01,24
BTC-25JUN21-48000-P,2021-06-01,21
BTC-25JUN21-50000-C,2021-03-01,24
BTC-25JUN21-50000-C,2021-04-01,24
BTC-25JUN21-50000-C,2021-05-01,23
BTC-25JUN21-50000-C,2021-06-01,24
BTC-25JUN21-50000-P,2021-03-01,24
BTC-25JUN21-50000-P,2021-04-01,24
BTC-25JUN21-50000-P,2021-05-01,24
BTC-25JUN21-50000-P,2021-06-01,21
BTC-25JUN21-52000-C,2021-01-01,24
BTC-25JUN21-52000-C,2021-02-01,24
BTC-25JUN21-52000-C,2021-03-01,24
BTC-25JUN21-52000-C,2021-04-01,24
BTC-25JUN21-52000-C,2021-05-01,23
BTC-25JUN21-52000-C,2021-06-01,24
BTC-25JUN21-52000-P,2021-03-01,24
BTC-25JUN21-52000-P,2021-04-01,24
BTC-25JUN21-52000-P,2021-05-01,24
BTC-25JUN21-52000-P,2021-06-01,17
BTC-25JUN21-56000-C,2021-01-01,24
BTC-25JUN21-56000-C,2021-02-01,24
BTC-25JUN21-56000-C,2021-03-01,24
BTC-25JUN21-56000-C,2021-04-01,24
BTC-25JUN21-56000-C,2021-05-01,24
BTC-25JUN21-56000-C,2021-06-01,24
BTC-25JUN21-56000-P,2021-03-01,8
BTC-25JUN21-56000-P,2021-04-01,24
BTC-25JUN21-56000-P,2021-05-01,24
BTC-25JUN21-56000-P,2021-06-01,17
BTC-25JUN21-6000-C,2020-10-01,24
BTC-25JUN21-6000-P,2020-10-01,24
BTC-25JUN21-60000-C,2021-01-01,24
BTC-25JUN21-60000-C,2021-02-01,24
BTC-25JUN21-60000-C,2021-03-01,24
BTC-25JUN21-60000-C,2021-04-01,24
BTC-25JUN21-60000-C,2021-05-01,24
BTC-25JUN21-60000-C,2021-06-01,24
BTC-25JUN21-60000-P,2021-04-01,24
BTC-25JUN21-60000-P,2021-05-01,24
BTC-25JUN21-60000-P,2021-06-01,17
BTC-25JUN21-64000-C,2021-02-01,24
BTC-25JUN21-64000-C,2021-03-01,24
BTC-25JUN21-64000-C,2021-04-01,24
BTC-25JUN21-64000-C,2021-05-01,24
BTC-25JUN21-64000-C,2021-06-01,24
BTC-25JUN21-64000-P,2021-04-01,24
BTC-25JUN21-64000-P,2021-05-01,24
BTC-25JUN21-64000-P,2021-06-01,17
BTC-25JUN21-68000-C,2021-03-01,11
BTC-25JUN21-68000-C,2021-04-01,24
BTC-25JUN21-68000-C,2021-05-01,24
BTC-25JUN21-68000-C,2021-06-01,23
BTC-25JUN21-68000-P,2021-04-01,24
BTC-25JUN21-68000-P,2021-05-01,6
BTC-25JUN21-72000-C,2021-02-01,4
BTC-25JUN21-72000-C,2021-03-01,24
BTC-25JUN21-72000-C,2021-04-01,24
BTC-25JUN21-72000-C,2021-05-01,24
BTC-25JUN21-72000-C,2021-06-01,24
BTC-25JUN21-72000-P,2021-06-01,16
BTC-25JUN21-76000-C,2021-03-01,11
BTC-25JUN21-76000-C,2021-04-01,24
BTC-25JUN21-76000-C,2021-05-01,24
BTC-25JUN21-8000-C,2020-10-01,24
BTC-25JUN21-8000-C,2020-11-01,24
BTC-25JUN21-8000-P,2020-10-01,24
BTC-25JUN21-8000-P,2020-11-01,24
BTC-25JUN21-80000-C,2021-03-01,24
BTC-25JUN21-80000-C,2021-04-01,24
BTC-25JUN21-80000-C,2021-05-01,24
BTC-25JUN21-88000-C,2021-03-01,24
BTC-25JUN21-88000-C,2021-04-01,24
BTC-25JUN21-88000-C,2021-05-01,24
BTC-25MAR22-100000-C,2021-04-01,24
BTC-25MAR22-100000-C,2021-05-01,24
BTC-25MAR22-100000-C,2021-09-01,14
BTC-25MAR22-100000-C,2021-10-01,4
BTC-25MAR22-100000-C,2021-11-01,24
BTC-25MAR22-100000-C,2021-12-01,24
BTC-25MAR22-120000-C,2021-04-01,24
BTC-25MAR22-120000-C,2021-05-01,24
BTC-25MAR22-120000-C,2021-11-01,24
BTC-25MAR22-18000-C,2021-07-01,8
BTC-25MAR22-18000-P,2021-07-01,21
BTC-25MAR22-20000-C,2021-06-01,22
BTC-25MAR22-20000-C,2021-07-01,15
BTC-25MAR22-20000-C,2022-02-01,19
BTC-25MAR22-20000-P,2021-06-01,23
BTC-25MAR22-20000-P,2021-07-01,23
BTC-25MAR22-20000-P,2022-02-01,24
BTC-25MAR22-22000-C,2021-07-01,8
BTC-25MAR22-22000-C,2021-08-01,12
BTC-25MAR22-22000-C,2022-02-01,21
BTC-25MAR22-22000-C,2022-03-01,16
BTC-25MAR22-22000-P,2021-07-01,23
BTC-25MAR22-22000-P,2021-08-01,12
BTC-25MAR22-22000-P,2022-02-01,24
BTC-25MAR22-25000-C,2021-06-01,24
BTC-25MAR22-25000-C,2021-07-01,19
BTC-25MAR22-25000-C,2021-08-01,20
BTC-25MAR22-25000-C,2021-09-01,5
BTC-25MAR22-25000-C,2021-10-01,19
BTC-25MAR22-25000-C,2022-01-01,17
BTC-25MAR22-25000-C,2022-02-01,19
BTC-25MAR22-25000-C,2022-03-01,18
BTC-25MAR22-25000-P,2021-06-01,24
BTC-25MAR22-25000-P,2021-07-01,23
BTC-25MAR22-25000-P,2021-08-01,24
BTC-25MAR22-25000-P,2021-09-01,9
BTC-25MAR22-25000-P,2021-10-01,20
BTC-25MAR22-25000-P,2022-01-01,24
BTC-25MAR22-25000-P,2022-02-01,24
BTC-25MAR22-25000-P,2022-03-01,23
BTC-25MAR22-30000-C,2021-06-01,23
BTC-25MAR22-30000-C,2021-07-01,19
BTC-25MAR22-30000-C,2021-08-01,22
BTC-25MAR22-30000-C,2021-09-01,22
BTC-25MAR22-30000-C,2021-10-01,24
BTC-25MAR22-30000-C,2021-12-01,21
BTC-25MAR22-30000-C,2022-01-01,24
BTC-25MAR22-30000-C,2022-02-01,24
BTC-25MAR22-30000-C,2022-03-01,24
BTC-25MAR22-30000-P,2021-06-01,24
BTC-25MAR22-30000-P,2021-07-01,23
BTC-25MAR22-30000-P,2021-08-01,24
BTC-25MAR22-30000-P,2021-09-01,24
BTC-25MAR22-30000-P,2021-10-01,24
BTC-25MAR22-30000-P,2021-12-01,21
BTC-25MAR22-30000-P,2022-01-01,24
BTC-25MAR22-30000-P,2022-02-01,24
BTC-25MAR22-30000-P,2022-03-01,24
BTC-25MAR22-32000-C,2022-02-01,18
BTC-25MAR22-32000-C,2022-03-01,22
BTC-25MAR22-32000-P,2022-02-01,24
BTC-25MAR22-32000-P,2022-03-01,24
BTC-25MAR22-34000-C,2022-02-01,17
BTC-25MAR22-34000-C,2022-03-01,16
BTC-25MAR22-34000-P,2022-02-01,24
BTC-25MAR22-34000-P,2022-03-01,24
BTC-25MAR22-35000-C,2021-06-01,23
BTC-25MAR22-35000-C,2021-07-01,19
BTC-25MAR22-35000-C,2021-08-01,20
BTC-25MAR22-35000-C,2021-09-01,22
BTC-25MAR22-35000-C,2021-10-01,23
BTC-25MAR22-35000-C,2021-11-01,24
BTC-25MAR22-35000-C,2021-12-01,24
BTC-25MAR22-35000-C,2022-01-01,24
BTC-25MAR22-35000-C,2022-02-01,24
BTC-25MAR22-35000-C,2022-03-01,24
BTC-25MAR22-35000-P,2021-06-01,23
BTC-25MAR22-35000-P,2021-07-01,23
BTC-25MAR22-35000-P,2021-08-01,24
BTC-25MAR22-35000-P,2021-09-01,24
BTC-25MAR22-35000-P,2021-10-01,24
BTC-25MAR22-35000-P,2021-11-01,24
BTC-25MAR22-35000-P,2021-12-01,24
BTC-25MAR22-35000-P,2022-01-01,24
BTC-25MAR22-35000-P,2022-02-01,24
BTC-25MAR22-35000-P,2022-03-01,24
BTC-25MAR22-36000-C,2022-02-01,17
BTC-25MAR22-36000-C,2022-03-01,24
BTC-25MAR22-36000-P,2022-02-01,24
BTC-25MAR22-36000-P,2022-03-01,24
BTC-25MAR22-38000-C,2022-02-01,24
BTC-25MAR22-38000-C,2022-03-01,24
BTC-25MAR22-38000-P,2022-02-01,24
BTC-25MAR22-38000-P,2022-03-01,24
BTC-25MAR22-40000-C,2021-05-01,24
BTC-25MAR22-40000-C,2021-06-01,24
BTC-25MAR22-40000-C,2021-07-01,23
BTC-25MAR22-40000-C,2021-08-01,20
BTC-25MAR22-40000-C,2021-09-01,20
BTC-25MAR22-40000-C,2021-10-01,24
BTC-25MAR22-40000-C,2021-11-01,24
BTC-25MAR22-40000-C,2021-12-01,24
BTC-25MAR22-40000-C,2022-01-01,24
BTC-25MAR22-40000-C,2022-02-01,24
BTC-25MAR22-40000-C,2022-03-01,24
BTC-25MAR22-40000-P,2021-04-01,24
BTC-25MAR22-40000-P,2021-05-01,24
BTC-25MAR22-40000-P,2021-06-01,12
BTC-25MAR22-40000-P,2021-07-01,9
BTC-25MAR22-40000-P,2021-08-01,24
BTC-25MAR22-40000-P,2021-09-01,24
BTC-25MAR22-40000-P,2021-10-01,24
BTC-25MAR22-40000-P,2021-11-01,24
BTC-25MAR22-40000-P,2021-12-01,24
BTC-25MAR22-40000-P,2022-01-01,24
BTC-25MAR22-40000-P,2022-02-01,24
BTC-25MAR22-40000-P,2022-03-01,24
BTC-25MAR22-42000-C,2022-02-01,24
BTC-25MAR22-42000-C,2022-03-01,24
BTC-25MAR22-42000-P,2022-03-01,24
BTC-25MAR22-44000-C,2022-03-01,24
BTC-25MAR22-44000-P,2022-03-01,24
BTC-25MAR22-45000-C,2022-01-01,20
BTC-25MAR22-45000-C,2022-02-01,24
BTC-25MAR22-45000-C,2022-03-01,24
BTC-25MAR22-45000-P,2022-01-01,24
BTC-25MAR22-45000-P,2022-02-01,23
BTC-25MAR22-45000-P,2022-03-01,24
BTC-25MAR22-46000-C,2022-03-01,24
BTC-25MAR22-46000-P,2022-03-01,23
BTC-25MAR22-48000-C,2022-03-01,24
BTC-25MAR22-48000-P,2022-03-01,11
BTC-25MAR22-50000-C,2021-04-01,12
BTC-25MAR22-50000-C,2021-05-01,24
BTC-25MAR22-50000-C,2021-06-01,24
BTC-25MAR22-50000-C,2021-07-01,23
BTC-25MAR22-50000-C,2021-08-01,24
BTC-25MAR22-50000-C,2021-09-01,24
BTC-25MAR22-50000-C,2021-10-01,24
BTC-25MAR22-50000-C,2021-11-01,24
BTC-25MAR22-50000-C,2021-12-01,24
BTC-25MAR22-50000-C,2022-01-01,24
BTC-25MAR22-50000-C,2022-02-01,24
BTC-25MAR22-50000-C,2022-03-01,24
BTC-25MAR22-50000-P,2021-04-01,24
BTC-25MAR22-50000-P,2021-05-01,24
BTC-25MAR22-50000-P,2021-06-01,4
BTC-25MAR22-50000-P,2021-07-01,23
BTC-25MAR22-50000-P,2021-08-01,24
BTC-25MAR22-50000-P,2021-09-01,24
BTC-25MAR22-50000-P,2021-10-01,24
BTC-25MAR22-50000-P,2021-11-01,24
BTC-25MAR22-50000-P,2021-12-01,24
BTC-25MAR22-50000-P,2022-01-01,24
BTC-25MAR22-50000-P,2022-02-01,24
BTC-25MAR22-50000-P,2022-03-01,24
BTC-25MAR22-52000-C,2022-03-01,24
BTC-25MAR22-52000-P,2022-03-01,10
BTC-25MAR22-55000-C,2022-01-01,24
BTC-25MAR22-55000-C,2022-02-01,24
BTC-25MAR22-55000-C,2022-03-01,24
BTC-25MAR22-60000-C,2021-04-01,11
BTC-25MAR22-60000-C,2021-05-01,24
BTC-25MAR22-60000-C,2021-06-01,24
BTC-25MAR22-60000-C,2021-07-01,23
BTC-25MAR22-60000-C,2021-08-01,24
BTC-25MAR22-60000-C,2021-09-01,24
BTC-25MAR22-60000-C,2021-10-01,24
BTC-25MAR22-60000-C,2021-11-01,24
BTC-25MAR22-60000-C,2021-12-01,24
BTC-25MAR22-60000-C,2022-01-01,24
BTC-25MAR22-60000-C,2022-02-01,24
BTC-25MAR22-60000-C,2022-03-01,24
BTC-25MAR22-60000-P,2021-04-01,24
BTC-25MAR22-60000-P,2021-05-01,24
BTC-25MAR22-60000-P,2021-09-01,19
BTC-25MAR22-60000-P,2021-11-01,24
BTC-25MAR22-60000-P,2021-12-01,24
BTC-25MAR22-60000-P,2022-01-01,24
BTC-25MAR22-60000-P,2022-02-01,23
BTC-25MAR22-60000-P,2022-03-01,23
BTC-25MAR22-65000-C,2022-01-01,24
BTC-25MAR22-65000-C,2022-02-01,24
BTC-25MAR22-65000-C,2022-03-01,24
BTC-25MAR22-70000-C,2021-04-01,23
BTC-25MAR22-70000-C,2021-05-01,24
BTC-25MAR22-70000-C,2021-06-01,24
BTC-25MAR22-70000-C,2021-07-01,12
BTC-25MAR22-70000-C,2021-08-01,24
BTC-25MAR22-70000-C,2021-09-01,24
BTC-25MAR22-70000-C,2021-10-01,24
BTC-25MAR22-70000-C,2021-11-01,24
BTC-25MAR22-70000-C,2021-12-01,24
BTC-25MAR22-70000-C,2022-01-01,24
BTC-25MAR22-70000-C,2022-02-01,24
BTC-25MAR22-70000-C,2022-03-01,12
BTC-25MAR22-70000-P,2021-04-01,24
BTC-25MAR22-70000-P,2021-05-01,24
BTC-25MAR22-70000-P,2021-11-01,24
BTC-25MAR22-70000-P,2021-12-01,24
BTC-25MAR22-70000-P,2022-01-01,23
BTC-25MAR22-70000-P,2022-02-01,24
BTC-25MAR22-70000-P,2022-03-01,24
BTC-25MAR22-80000-C,2021-04-01,24
BTC-25MAR22-80000-C,2021-05-01,24
BTC-25MAR22-80000-C,2021-08-01,24
BTC-25MAR22-80000-C,2021-09-01,24
BTC-25MAR22-80000-C,2021-10-01,24
BTC-25MAR22-80000-C,2021-11-01,24
BTC-25MAR22-80000-C,2021-12-01,24
BTC-25MAR22-80000-C,2022-01-01,24
BTC-25MAR22-80000-C,2022-03-01,4
BTC-25MAR22-80000-P,2021-04-01,23
BTC-25MAR22-80000-P,2021-05-01,14
BTC-25MAR22-80000-P,2021-11-01,10
BTC-25MAR22-90000-C,2021-11-01,24
BTC-25MAR22-90000-C,2021-12-01,24
BTC-25MAR22-90000-C,2022-01-01,24
BTC-25MAR22-90000-P,2021-12-01,17
BTC-25NOV22-10000-P,2022-09-01,12
BTC-25NOV22-10000-P,2022-10-01,24
BTC-25NOV22-12000-P,2022-09-01,24
BTC-25NOV22-12000-P,2022-10-01,24
BTC-25NOV22-12000-P,2022-11-01,24
BTC-25NOV22-14000-P,2022-09-01,24
BTC-25NOV22-14000-P,2022-10-01,24
BTC-25NOV22-14000-P,2022-11-01,24
BTC-25NOV22-15000-P,2022-09-01,24
BTC-25NOV22-15000-P,2022-10-01,24
BTC-25NOV22-15000-P,2022-11-01,24
BTC-25NOV22-16000-C,2022-09-01,14
BTC-25NOV22-16000-P,2022-09-01,24
BTC-25NOV22-16000-P,2022-10-01,24
BTC-25NOV22-16000-P,2022-11-01,24
BTC-25NOV22-17000-C,2022-09-01,12
BTC-25NOV22-17000-P,2022-09-01,24
BTC-25NOV22-17000-P,2022-10-01,24
BTC-25NOV22-17000-P,2022-11-01,24
BTC-25NOV22-18000-C,2022-09-01,13
BTC-25NOV22-18000-C,2022-10-01,24
BTC-25NOV22-18000-C,2022-11-01,18
BTC-25NOV22-18000-P,2022-09-01,24
BTC-25NOV22-18000-P,2022-10-01,24
BTC-25NOV22-18000-P,2022-11-01,24
BTC-25NOV22-19000-C,2022-09-01,24
BTC-25NOV22-19000-C,2022-10-01,24
BTC-25NOV22-19000-C,2022-11-01,24
BTC-25NOV22-19000-P,2022-09-01,24
BTC-25NOV22-19000-P,2022-10-01,24
BTC-25NOV22-19000-P,2022-11-01,24
BTC-25NOV22-20000-C,2022-09-01,24
BTC-25NOV22-20000-C,2022-10-01,24
BTC-25NOV22-20000-C,2022-11-01,24
BTC-25NOV22-20000-P,2022-09-01,24
BTC-25NOV22-20000-P,2022-10-01,24
BTC-25NOV22-20000-P,2022-11-01,24
BTC-25NOV22-21000-C,2022-09-01,24
BTC-25NOV22-21000-C,2022-10-01,24
BTC-25NOV22-21000-C,2022-11-01,24
BTC-25NOV22-21000-P,2022-09-01,24
BTC-25NOV22-21000-P,2022-10-01,18
BTC-25NOV22-21000-P,2022-11-01,24
BTC-25NOV22-22000-C,2022-09-01,24
BTC-25NOV22-22000-C,2022-10-01,24
BTC-25NOV22-22000-C,2022-11-01,24
BTC-25NOV22-22000-P,2022-09-01,23
BTC-25NOV22-22000-P,2022-10-01,8
BTC-25NOV22-22000-P,2022-11-01,24
BTC-25NOV22-23000-C,2022-09-01,24
BTC-25NOV22-23000-C,2022-10-01,24
BTC-25NOV22-23000-C,2022-11-01,24
BTC-25NOV22-23000-P,2022-09-01,12
BTC-25NOV22-23000-P,2022-11-01,22
BTC-25NOV22-24000-C,2022-09-01,24
BTC-25NOV22-24000-C,2022-10-01,24
BTC-25NOV22-24000-C,2022-11-01,24
BTC-25NOV22-24000-P,2022-09-01,12
BTC-25NOV22-25000-C,2022-09-01,24
BTC-25NOV22-25000-C,2022-10-01,24
BTC-25NOV22-25000-C,2022-11-01,24
BTC-25NOV22-25000-P,2022-09-01,15
BTC-25NOV22-26000-C,2022-09-01,24
BTC-25NOV22-26000-C,2022-10-01,24
BTC-25NOV22-26000-C,2022-11-01,24
BTC-25NOV22-26000-P,2022-09-01,15
BTC-25NOV22-28000-C,2022-09-01,24
BTC-25NOV22-28000-C,2022-10-01,24
BTC-25NOV22-28000-C,2022-11-01,23
BTC-25NOV22-28000-P,2022-09-01,15
BTC-25NOV22-30000-C,2022-09-01,24
BTC-25NOV22-30000-C,2022-10-01,24
BTC-25NOV22-32000-C,2022-09-01,24
BTC-25NOV22-32000-C,2022-10-01,24
BTC-25NOV22-34000-C,2022-09-01,24
BTC-25NOV22-34000-C,2022-10-01,23
BTC-25NOV22-35000-C,2022-09-01,24
BTC-25NOV22-35000-C,2022-10-01,10
BTC-25NOV22-36000-C,2022-09-01,24
BTC-25NOV22-36000-C,2022-10-01,10
BTC-25NOV22-40000-C,2022-09-01,12
BTC-25SEP20-10000-C,2020-01-01,24
BTC-25SEP20-10000-C,2020-02-01,24
BTC-25SEP20-10000-C,2020-03-01,24
BTC-25SEP20-10000-C,2020-04-01,24
BTC-25SEP20-10000-C,2020-05-01,24
BTC-25SEP20-10000-C,2020-06-01,24
BTC-25SEP20-10000-C,2020-07-01,24
BTC-25SEP20-10000-C,2020-08-01,24
BTC-25SEP20-10000-C,2020-09-01,24
BTC-25SEP20-10000-P,2020-02-01,24
BTC-25SEP20-10000-P,2020-03-01,24
BTC-25SEP20-10000-P,2020-04-01,7
BTC-25SEP20-10000-P,2020-05-01,24
BTC-25SEP20-10000-P,2020-06-01,24
BTC-25SEP20-10000-P,2020-07-01,24
BTC-25SEP20-10000-P,2020-08-01,24
BTC-25SEP20-10000-P,2020-09-01,24
BTC-25SEP20-10500-C,2020-07-01,24
BTC-25SEP20-10500-C,2020-08-01,24
BTC-25SEP20-10500-C,2020-09-01,24
BTC-25SEP20-10500-P,2020-07-01,15
BTC-25SEP20-10500-P,2020-08-01,24
BTC-25SEP20-10500-P,2020-09-01,24
BTC-25SEP20-11000-C,2020-01-01,24
BTC-25SEP20-11000-C,2020-02-01,24
BTC-25SEP20-11000-C,2020-03-01,24
BTC-25SEP20-11000-C,2020-04-01,24
BTC-25SEP20-11000-C,2020-05-01,24
BTC-25SEP20-11000-C,2020-06-01,24
BTC-25SEP20-11000-C,2020-07-01,24
BTC-25SEP20-11000-C,2020-08-01,24
BTC-25SEP20-11000-C,2020-09-01,24
BTC-25SEP20-11000-P,2020-02-01,24
BTC-25SEP20-11000-P,2020-03-01,20
BTC-25SEP20-11000-P,2020-07-01,24
BTC-25SEP20-11000-P,2020-08-01,24
BTC-25SEP20-11000-P,2020-09-01,24
BTC-25SEP20-11500-C,2020-09-01,24
BTC-25SEP20-11500-P,2020-09-01,24
BTC-25SEP20-12000-C,2020-01-01,22
BTC-25SEP20-12000-C,2020-02-01,24
BTC-25SEP20-12000-C,2020-03-01,24
BTC-25SEP20-12000-C,2020-04-01,24
BTC-25SEP20-12000-C,2020-05-01,24
BTC-25SEP20-12000-C,2020-06-01,24
BTC-25SEP20-12000-C,2020-07-01,24
BTC-25SEP20-12000-C,2020-08-01,24
BTC-25SEP20-12000-C,2020-09-01,24
BTC-25SEP20-12000-P,2020-07-01,15
BTC-25SEP20-12000-P,2020-08-01,24
BTC-25SEP20-12000-P,2020-09-01,24
BTC-25SEP20-12500-C,2020-09-01,24
BTC-25SEP20-12500-P,2020-09-01,24
BTC-25SEP20-13000-C,2020-08-01,24
BTC-25SEP20-13000-C,2020-09-01,24
BTC-25SEP20-13000-P,2020-09-01,24
BTC-25SEP20-14000-C,2020-01-01,24
BTC-25SEP20-14000-C,2020-02-01,24
BTC-25SEP20-14000-C,2020-03-01,24
BTC-25SEP20-14000-C,2020-05-01,24
BTC-25SEP20-14000-C,2020-06-01,24
BTC-25SEP20-14000-C,2020-07-01,24
BTC-25SEP20-14000-C,2020-08-01,24
BTC-25SEP20-14000-C,2020-09-01,24
BTC-25SEP20-14000-P,2020-07-01,15
BTC-25SEP20-14000-P,2020-09-01,23
BTC-25SEP20-16000-C,2020-02-01,24
BTC-25SEP20-16000-C,2020-03-01,24
BTC-25SEP20-16000-C,2020-05-01,24
BTC-25SEP20-16000-C,2020-06-01,24
BTC-25SEP20-16000-C,2020-07-01,24
BTC-25SEP20-16000-C,2020-08-01,24
BTC-25SEP20-16000-C,2020-09-01,24
BTC-25SEP20-16000-P,2020-03-01,24
BTC-25SEP20-16000-P,2020-07-01,14
BTC-25SEP20-16000-P,2020-09-01,22
BTC-25SEP20-18000-C,2020-02-01,24
BTC-25SEP20-18000-C,2020-03-01,24
BTC-25SEP20-18000-C,2020-06-01,24
BTC-25SEP20-18000-C,2020-07-01,24
BTC-25SEP20-18000-C,2020-08-01,24
BTC-25SEP20-18000-C,2020-09-01,24
BTC-25SEP20-18000-P,2020-07-01,16
BTC-25SEP20-18000-P,2020-09-01,24
BTC-25SEP20-20000-C,2020-02-01,10
BTC-25SEP20-20000-C,2020-08-01,23
BTC-25SEP20-20000-C,2020-09-01,24
BTC-25SEP20-20000-P,2020-09-01,23
BTC-25SEP20-24000-C,2020-08-01,10
BTC-25SEP20-24000-P,2020-09-01,16
BTC-25SEP20-3500-C,2020-04-01,12
BTC-25SEP20-3500-P,2020-04-01,24
BTC-25SEP20-4000-C,2020-01-01,24
BTC-25SEP20-4000-C,2020-04-01,24
BTC-25SEP20-4000-P,2020-01-01,24
BTC-25SEP20-4000-P,2020-04-01,24
BTC-25SEP20-4500-C,2020-04-01,24
BTC-25SEP20-4500-C,2020-05-01,21
BTC-25SEP20-4500-P,2020-04-01,24
BTC-25SEP20-4500-P,2020-05-01,21
BTC-25SEP20-5000-C,2020-01-01,24
BTC-25SEP20-5000-C,2020-02-01,14
BTC-25SEP20-5000-C,2020-04-01,24
BTC-25SEP20-5000-C,2020-05-01,24
BTC-25SEP20-5000-C,2020-06-01,23
BTC-25SEP20-5000-C,2020-07-01,24
BTC-25SEP20-5000-P,2020-01-01,24
BTC-25SEP20-5000-P,2020-02-01,14
BTC-25SEP20-5000-P,2020-03-01,24
BTC-25SEP20-5000-P,2020-04-01,24
BTC-25SEP20-5000-P,2020-05-01,24
BTC-25SEP20-5000-P,2020-06-01,23
BTC-25SEP20-5000-P,2020-07-01,24
BTC-25SEP20-6000-C,2020-01-01,24
BTC-25SEP20-6000-C,2020-02-01,24
BTC-25SEP20-6000-C,2020-04-01,24
BTC-25SEP20-6000-C,2020-05-01,24
BTC-25SEP20-6000-C,2020-06-01,24
BTC-25SEP20-6000-C,2020-07-01,24
BTC-25SEP20-6000-C,2020-08-01,14
BTC-25SEP20-6000-C,2020-09-01,8
BTC-25SEP20-6000-P,2020-01-01,24
BTC-25SEP20-6000-P,2020-02-01,24
BTC-25SEP20-6000-P,2020-03-01,24
BTC-25SEP20-6000-P,2020-04-01,24
BTC-25SEP20-6000-P,2020-05-01,24
BTC-25SEP20-6000-P,2020-06-01,24
BTC-25SEP20-6000-P,2020-07-01,24
BTC-25SEP20-6000-P,2020-08-01,11
BTC-25SEP20-7000-C,2020-01-01,24
BTC-25SEP20-7000-C,2020-02-01,24
BTC-25SEP20-7000-C,2020-03-01,23
BTC-25SEP20-7000-C,2020-04-01,24
BTC-25SEP20-7000-C,2020-05-01,24
BTC-25SEP20-7000-C,2020-06-01,24
BTC-25SEP20-7000-C,2020-07-01,24
BTC-25SEP20-7000-C,2020-08-01,24
BTC-25SEP20-7000-C,2020-09-01,24
BTC-25SEP20-7000-P,2020-01-01,24
BTC-25SEP20-7000-P,2020-02-01,24
BTC-25SEP20-7000-P,2020-03-01,24
BTC-25SEP20-7000-P,2020-04-01,24
BTC-25SEP20-7000-P,2020-05-01,24
BTC-25SEP20-7000-P,2020-06-01,24
BTC-25SEP20-7000-P,2020-07-01,24
BTC-25SEP20-7000-P,2020-08-01,24
BTC-25SEP20-7000-P,2020-09-01,24
BTC-25SEP20-8000-C,2020-01-01,24
BTC-25SEP20-8000-C,2020-02-01,24
BTC-25SEP20-8000-C,2020-03-01,24
BTC-25SEP20-8000-C,2020-04-01,24
BTC-25SEP20-8000-C,2020-05-01,24
BTC-25SEP20-8000-C,2020-06-01,24
BTC-25SEP20-8000-C,2020-07-01,24
BTC-25SEP20-8000-C,2020-08-01,24
BTC-25SEP20-8000-C,2020-09-01,24
BTC-25SEP20-8000-P,2020-01-01,24
BTC-25SEP20-8000-P,2020-02-01,24
BTC-25SEP20-8000-P,2020-03-01,24
BTC-25SEP20-8000-P,2020-04-01,24
BTC-25SEP20-8000-P,2020-05-01,24
BTC-25SEP20-8000-P,2020-06-01,24
BTC-25SEP20-8000-P,2020-07-01,24
BTC-25SEP20-8000-P,2020-08-01,24
BTC-25SEP20-8000-P,2020-09-01,24
BTC-25SEP20-8500-C,2020-07-01,21
BTC-25SEP20-8500-C,2020-08-01,24
BTC-25SEP20-8500-C,2020-09-01,24
BTC-25SEP20-8500-P,2020-07-01,24
BTC-25SEP20-8500-P,2020-08-01,24
BTC-25SEP20-8500-P,2020-09-01,24
BTC-25SEP20-9000-C,2020-01-01,24
BTC-25SEP20-9000-C,2020-02-01,24
BTC-25SEP20-9000-C,2020-03-01,24
BTC-25SEP20-9000-C,2020-04-01,24
BTC-25SEP20-9000-C,2020-05-01,24
BTC-25SEP20-9000-C,2020-06-01,24
BTC-25SEP20-9000-C,2020-07-01,24
BTC-25SEP20-9000-C,2020-08-01,24
BTC-25SEP20-9000-C,2020-09-01,24
BTC-25SEP20-9000-P,2020-01-01,24
BTC-25SEP20-9000-P,2020-02-01,24
BTC-25SEP20-9000-P,2020-03-01,24
BTC-25SEP20-9000-P,2020-04-01,24
BTC-25SEP20-9000-P,2020-05-01,24
BTC-25SEP20-9000-P,2020-06-01,24
BTC-25SEP20-9000-P,2020-07-01,24
BTC-25SEP20-9000-P,2020-08-01,24
BTC-25SEP20-9000-P,2020-09-01,24
BTC-25SEP20-9500-C,2020-07-01,24
BTC-25SEP20-9500-C,2020-08-01,24
BTC-25SEP20-9500-C,2020-09-01,24
BTC-25SEP20-9500-P,2020-07-01,24
BTC-25SEP20-9500-P,2020-08-01,24
BTC-25SEP20-9500-P,2020-09-01,24
BTC-26AUG22-10000-P,2022-07-01,21
BTC-26AUG22-12000-P,2022-07-01,24
BTC-26AUG22-12000-P,2022-08-01,7
BTC-26AUG22-14000-P,2022-07-01,24
BTC-26AUG22-14000-P,2022-08-01,24
BTC-26AUG22-15000-P,2022-06-01,4
BTC-26AUG22-15000-P,2022-07-01,24
BTC-26AUG22-15000-P,2022-08-01,24
BTC-26AUG22-16000-P,2022-06-01,21
BTC-26AUG22-16000-P,2022-07-01,24
BTC-26AUG22-16000-P,2022-08-01,24
BTC-26AUG22-17000-P,2022-07-01,24
BTC-26AUG22-17000-P,2022-08-01,24
BTC-26AUG22-18000-C,2022-07-01,18
BTC-26AUG22-18000-P,2022-06-01,24
BTC-26AUG22-18000-P,2022-07-01,24
BTC-26AUG22-18000-P,2022-08-01,24
BTC-26AUG22-19000-C,2022-07-01,24
BTC-26AUG22-19000-P,2022-07-01,24
BTC-26AUG22-19000-P,2022-08-01,24
BTC-26AUG22-20000-C,2022-07-01,24
BTC-26AUG22-20000-C,2022-08-01,24
BTC-26AUG22-20000-P,2022-06-01,24
BTC-26AUG22-20000-P,2022-07-01,24
BTC-26AUG22-20000-P,2022-08-01,24
BTC-26AUG22-21000-C,2022-07-01,24
BTC-26AUG22-21000-C,2022-08-01,24
BTC-26AUG22-21000-P,2022-07-01,17
BTC-26AUG22-21000-P,2022-08-01,24
BTC-26AUG22-22000-C,2022-07-01,24
BTC-26AUG22-22000-C,2022-08-01,24
BTC-26AUG22-22000-P,2022-06-01,24
BTC-26AUG22-22000-P,2022-07-01,15
BTC-26AUG22-22000-P,2022-08-01,24
BTC-26AUG22-23000-C,2022-07-01,24
BTC-26AUG22-23000-C,2022-08-01,24
BTC-26AUG22-23000-P,2022-07-01,16
BTC-26AUG22-23000-P,2022-08-01,24
BTC-26AUG22-24000-C,2022-07-01,24
BTC-26AUG22-24000-C,2022-08-01,24
BTC-26AUG22-24000-P,2022-06-01,24
BTC-26AUG22-24000-P,2022-07-01,16
BTC-26AUG22-24000-P,2022-08-01,24
BTC-26AUG22-25000-C,2022-07-01,24
BTC-26AUG22-25000-C,2022-08-01,24
BTC-26AUG22-25000-P,2022-07-01,5
BTC-26AUG22-25000-P,2022-08-01,20
BTC-26AUG22-26000-C,2022-07-01,24
BTC-26AUG22-26000-C,2022-08-01,24
BTC-26AUG22-26000-P,2022-06-01,24
BTC-26AUG22-26000-P,2022-07-01,5
BTC-26AUG22-26000-P,2022-08-01,12
BTC-26AUG22-27000-C,2022-07-01,24
BTC-26AUG22-27000-C,2022-08-01,24
BTC-26AUG22-27000-P,2022-08-01,13
BTC-26AUG22-28000-C,2022-06-01,16
BTC-26AUG22-28000-C,2022-07-01,24
BTC-26AUG22-28000-C,2022-08-01,24
BTC-26AUG22-28000-P,2022-06-01,24
BTC-26AUG22-28000-P,2022-07-01,9
BTC-26AUG22-28000-P,2022-08-01,24
BTC-26AUG22-30000-C,2022-06-01,24
BTC-26AUG22-30000-C,2022-07-01,24
BTC-26AUG22-30000-C,2022-08-01,24
BTC-26AUG22-30000-P,2022-06-01,24
BTC-26AUG22-32000-C,2022-06-01,24
BTC-26AUG22-32000-C,2022-07-01,24
BTC-26AUG22-32000-C,2022-08-01,24
BTC-26AUG22-32000-P,2022-06-01,24
BTC-26AUG22-34000-C,2022-06-01,24
BTC-26AUG22-34000-C,2022-07-01,24
BTC-26AUG22-34000-C,2022-08-01,24
BTC-26AUG22-34000-P,2022-06-01,17
BTC-26AUG22-34000-P,2022-08-01,24
BTC-26AUG22-35000-C,2022-06-01,24
BTC-26AUG22-35000-C,2022-07-01,24
BTC-26AUG22-35000-C,2022-08-01,24
BTC-26AUG22-35000-P,2022-06-01,13
BTC-26AUG22-36000-C,2022-06-01,24
BTC-26AUG22-36000-C,2022-07-01,24
BTC-26AUG22-36000-C,2022-08-01,10
BTC-26AUG22-36000-P,2022-06-01,4
BTC-26AUG22-38000-C,2022-06-01,24
BTC-26AUG22-38000-C,2022-07-01,24
BTC-26AUG22-38000-P,2022-06-01,4
BTC-26AUG22-40000-C,2022-06-01,24
BTC-26AUG22-40000-C,2022-08-01,6
BTC-26AUG22-40000-P,2022-06-01,4
BTC-26AUG22-45000-C,2022-06-01,24
BTC-26AUG22-50000-C,2022-06-01,24
BTC-26AUG22-55000-C,2022-06-01,24
BTC-26AUG22-60000-C,2022-06-01,20
BTC-26FEB21-10000-C,2020-12-01,12
BTC-26FEB21-10000-P,2020-12-01,11
BTC-26FEB21-12000-C,2020-12-01,12
BTC-26FEB21-12000-P,2020-12-01,21
BTC-26FEB21-14000-C,2020-12-01,24
BTC-26FEB21-14000-P,2020-12-01,24
BTC-26FEB21-16000-C,2020-12-01,24
BTC-26FEB21-16000-C,2021-01-01,24
BTC-26FEB21-16000-P,2020-12-01,24
BTC-26FEB21-16000-P,2021-01-01,24
BTC-26FEB21-18000-C,2020-12-01,24
BTC-26FEB21-18000-C,2021-01-01,24
BTC-26FEB21-18000-C,2021-02-01,24
BTC-26FEB21-18000-P,2020-12-01,24
BTC-26FEB21-18000-P,2021-01-01,24
BTC-26FEB21-18000-P,2021-02-01,24
BTC-26FEB21-20000-C,2020-12-01,24
BTC-26FEB21-20000-C,2021-01-01,24
BTC-26FEB21-20000-C,2021-02-01,24
BTC-26FEB21-20000-P,2020-12-01,20
BTC-26FEB21-20000-P,2021-01-01,24
BTC-26FEB21-20000-P,2021-02-01,24
BTC-26FEB21-22000-C,2020-12-01,21
BTC-26FEB21-22000-C,2021-01-01,24
BTC-26FEB21-22000-C,2021-02-01,22
BTC-26FEB21-22000-P,2021-01-01,24
BTC-26FEB21-22000-P,2021-02-01,24
BTC-26FEB21-24000-C,2020-12-01,24
BTC-26FEB21-24000-C,2021-01-01,24
BTC-26FEB21-24000-C,2021-02-01,24
BTC-26FEB21-24000-P,2021-01-01,24
BTC-26FEB21-24000-P,2021-02-01,24
BTC-26FEB21-26000-C,2021-01-01,24
BTC-26FEB21-26000-C,2021-02-01,24
BTC-26FEB21-26000-P,2021-01-01,24
BTC-26FEB21-26000-P,2021-02-01,24
BTC-26FEB21-28000-C,2020-12-01,24
BTC-26FEB21-28000-C,2021-01-01,24
BTC-26FEB21-28000-C,2021-02-01,24
BTC-26FEB21-28000-P,2021-01-01,24
BTC-26FEB21-28000-P,2021-02-01,24
BTC-26FEB21-30000-C,2021-01-01,24
BTC-26FEB21-30000-C,2021-02-01,24
BTC-26FEB21-30000-P,2021-01-01,24
BTC-26FEB21-30000-P,2021-02-01,24
BTC-26FEB21-32000-C,2020-12-01,24
BTC-26FEB21-32000-C,2021-01-01,24
BTC-26FEB21-32000-C,2021-02-01,24
BTC-26FEB21-32000-P,2021-01-01,24
BTC-26FEB21-32000-P,2021-02-01,24
BTC-26FEB21-34000-C,2021-01-01,24
BTC-26FEB21-34000-C,2021-02-01,24
BTC-26FEB21-34000-P,2021-01-01,15
BTC-26FEB21-34000-P,2021-02-01,24
BTC-26FEB21-36000-C,2021-01-01,24
BTC-26FEB21-36000-C,2021-02-01,24
BTC-26FEB21-36000-P,2021-01-01,15
BTC-26FEB21-36000-P,2021-02-01,24
BTC-26FEB21-38000-C,2021-01-01,24
BTC-26FEB21-38000-C,2021-02-01,24
BTC-26FEB21-40000-C,2021-01-01,24
BTC-26FEB21-40000-C,2021-02-01,24
BTC-26FEB21-44000-C,2021-01-01,24
BTC-26FEB21-44000-C,2021-02-01,24
BTC-26FEB21-48000-C,2021-01-01,24
BTC-26FEB21-48000-C,2021-02-01,24
BTC-26FEB21-52000-C,2021-02-01,24
BTC-26FEB21-56000-C,2021-02-01,24
BTC-26FEB21-64000-C,2021-02-01,24
BTC-26JUN20-10000-C,2020-01-01,24
BTC-26JUN20-10000-C,2020-02-01,24
BTC-26JUN20-10000-C,2020-03-01,24
BTC-26JUN20-10000-C,2020-04-01,24
BTC-26JUN20-10000-C,2020-05-01,24
BTC-26JUN20-10000-C,2020-06-01,24
BTC-26JUN20-10000-P,2020-01-01,24
BTC-26JUN20-10000-P,2020-02-01,24
BTC-26JUN20-10000-P,2020-03-01,24
BTC-26JUN20-10000-P,2020-05-01,12
BTC-26JUN20-10000-P,2020-06-01,24
BTC-26JUN20-10500-C,2020-06-01,24
BTC-26JUN20-10500-P,2020-06-01,9
BTC-26JUN20-11000-C,2020-03-01,24
BTC-26JUN20-11000-C,2020-04-01,24
BTC-26JUN20-11000-C,2020-05-01,24
BTC-26JUN20-11000-C,2020-06-01,24
BTC-26JUN20-11500-C,2020-06-01,24
BTC-26JUN20-12000-C,2020-01-01,24
BTC-26JUN20-12000-C,2020-02-01,24
BTC-26JUN20-12000-C,2020-03-01,24
BTC-26JUN20-12000-C,2020-04-01,24
BTC-26JUN20-12000-C,2020-05-01,24
BTC-26JUN20-12000-C,2020-06-01,24
BTC-26JUN20-13000-C,2020-03-01,24
BTC-26JUN20-13000-C,2020-05-01,24
BTC-26JUN20-13000-C,2020-06-01,24
BTC-26JUN20-14000-C,2020-01-01,24
BTC-26JUN20-14000-C,2020-02-01,24
BTC-26JUN20-14000-C,2020-03-01,24
BTC-26JUN20-14000-C,2020-05-01,24
BTC-26JUN20-14000-C,2020-06-01,24
BTC-26JUN20-16000-C,2020-02-01,24
BTC-26JUN20-16000-C,2020-03-01,24
BTC-26JUN20-16000-C,2020-05-01,24
BTC-26JUN20-16000-C,2020-06-01,21
BTC-26JUN20-18000-C,2020-02-01,24
BTC-26JUN20-18000-C,2020-03-01,4
BTC-26JUN20-18000-C,2020-06-01,11
BTC-26JUN20-3500-P,2020-04-01,24
BTC-26JUN20-4000-C,2020-01-01,24
BTC-26JUN20-4000-C,2020-04-01,24
BTC-26JUN20-4000-P,2020-01-01,24
BTC-26JUN20-4000-P,2020-04-01,24
BTC-26JUN20-4500-C,2020-04-01,9
BTC-26JUN20-4500-C,2020-05-01,23
BTC-26JUN20-4500-P,2020-04-01,24
BTC-26JUN20-4500-P,2020-05-01,23
BTC-26JUN20-5000-C,2020-01-01,24
BTC-26JUN20-5000-C,2020-02-01,24
BTC-26JUN20-5000-C,2020-04-01,24
BTC-26JUN20-5000-C,2020-05-01,24
BTC-26JUN20-5000-C,2020-06-01,23
BTC-26JUN20-5000-P,2020-01-01,24
BTC-26JUN20-5000-P,2020-02-01,24
BTC-26JUN20-5000-P,2020-03-01,24
BTC-26JUN20-5000-P,2020-04-01,24
BTC-26JUN20-5000-P,2020-05-01,24
BTC-26JUN20-6000-C,2020-01-01,24
BTC-26JUN20-6000-C,2020-02-01,24
BTC-26JUN20-6000-C,2020-04-01,24
BTC-26JUN20-6000-C,2020-05-01,24
BTC-26JUN20-6000-C,2020-06-01,24
BTC-26JUN20-6000-P,2020-01-01,24
BTC-26JUN20-6000-P,2020-02-01,24
BTC-26JUN20-6000-P,2020-03-01,24
BTC-26JUN20-6000-P,2020-04-01,24
BTC-26JUN20-6000-P,2020-05-01,24
BTC-26JUN20-6000-P,2020-06-01,24
BTC-26JUN20-7000-C,2020-01-01,24
BTC-26JUN20-7000-C,2020-02-01,24
BTC-26JUN20-7000-C,2020-03-01,24
BTC-26JUN20-7000-C,2020-04-01,24
BTC-26JUN20-7000-C,2020-05-01,24
BTC-26JUN20-7000-C,2020-06-01,24
BTC-26JUN20-7000-P,2020-01-01,24
BTC-26JUN20-7000-P,2020-02-01,24
BTC-26JUN20-7000-P,2020-03-01,24
BTC-26JUN20-7000-P,2020-04-01,24
BTC-26JUN20-7000-P,2020-05-01,24
BTC-26JUN20-7000-P,2020-06-01,24
BTC-26JUN20-7500-C,2020-06-01,24
BTC-26JUN20-7500-P,2020-06-01,24
BTC-26JUN20-8000-C,2020-01-01,24
BTC-26JUN20-8000-C,2020-02-01,24
BTC-26JUN20-8000-C,2020-03-01,24
BTC-26JUN20-8000-C,2020-04-01,24
BTC-26JUN20-8000-C,2020-05-01,24
BTC-26JUN20-8000-C,2020-06-01,24
BTC-26JUN20-8000-P,2020-01-01,24
BTC-26JUN20-8000-P,2020-02-01,24
BTC-26JUN20-8000-P,2020-03-01,24
BTC-26JUN20-8000-P,2020-05-01,24
BTC-26JUN20-8000-P,2020-06-01,24
BTC-26JUN20-8500-C,2020-06-01,24
BTC-26JUN20-8500-P,2020-06-01,24
BTC-26JUN20-9000-C,2020-01-01,24
BTC-26JUN20-9000-C,2020-02-01,24
BTC-26JUN20-9000-C,2020-03-01,24
BTC-26JUN20-9000-C,2020-04-01,24
BTC-26JUN20-9000-C,2020-05-01,24
BTC-26JUN20-9000-C,2020-06-01,24
BTC-26JUN20-9000-P,2020-01-01,24
BTC-26JUN20-9000-P,2020-02-01,24
BTC-26JUN20-9000-P,2020-03-01,24
BTC-26JUN20-9000-P,2020-05-01,24
BTC-26JUN20-9000-P,2020-06-01,24
BTC-26JUN20-9500-C,2020-06-01,24
BTC-26JUN20-9500-P,2020-06-01,24
BTC-26MAR21-10000-C,2020-07-01,24
BTC-26MAR21-10000-C,2020-08-01,24
BTC-26MAR21-10000-C,2020-09-01,24
BTC-26MAR21-10000-C,2020-10-01,24
BTC-26MAR21-10000-C,2020-11-01,24
BTC-26MAR21-10000-C,2020-12-01,12
BTC-26MAR21-10000-P,2020-07-01,24
BTC-26MAR21-10000-P,2020-08-01,24
BTC-26MAR21-10000-P,2020-09-01,24
BTC-26MAR21-10000-P,2020-10-01,24
BTC-26MAR21-10000-P,2020-11-01,24
BTC-26MAR21-10000-P,2020-12-01,12
BTC-26MAR21-11000-C,2020-07-01,24
BTC-26MAR21-11000-C,2020-08-01,24
BTC-26MAR21-11000-C,2020-09-01,24
BTC-26MAR21-11000-C,2020-10-01,24
BTC-26MAR21-11000-C,2020-11-01,24
BTC-26MAR21-11000-C,2020-12-01,24
BTC-26MAR21-11000-P,2020-07-01,19
BTC-26MAR21-11000-P,2020-08-01,24
BTC-26MAR21-11000-P,2020-09-01,24
BTC-26MAR21-11000-P,2020-10-01,24
BTC-26MAR21-11000-P,2020-11-01,24
BTC-26MAR21-11000-P,2020-12-01,24
BTC-26MAR21-12000-C,2020-07-01,24
BTC-26MAR21-12000-C,2020-08-01,24
BTC-26MAR21-12000-C,2020-09-01,24
BTC-26MAR21-12000-C,2020-10-01,24
BTC-26MAR21-12000-C,2020-11-01,24
BTC-26MAR21-12000-C,2020-12-01,24
BTC-26MAR21-12000-P,2020-07-01,24
BTC-26MAR21-12000-P,2020-08-01,24
BTC-26MAR21-12000-P,2020-09-01,24
BTC-26MAR21-12000-P,2020-10-01,24
BTC-26MAR21-12000-P,2020-11-01,24
BTC-26MAR21-12000-P,2020-12-01,24
BTC-26MAR21-13000-C,2020-07-01,24
BTC-26MAR21-13000-C,2020-08-01,24
BTC-26MAR21-13000-C,2020-09-01,24
BTC-26MAR21-13000-C,2020-10-01,24
BTC-26MAR21-13000-C,2020-11-01,24
BTC-26MAR21-13000-C,2020-12-01,24
BTC-26MAR21-13000-P,2020-08-01,24
BTC-26MAR21-13000-P,2020-09-01,12
BTC-26MAR21-13000-P,2020-10-01,24
BTC-26MAR21-13000-P,2020-11-01,24
BTC-26MAR21-13000-P,2020-12-01,24
BTC-26MAR21-14000-C,2020-07-01,24
BTC-26MAR21-14000-C,2020-08-01,24
BTC-26MAR21-14000-C,2020-09-01,24
BTC-26MAR21-14000-C,2020-10-01,24
BTC-26MAR21-14000-C,2020-11-01,24
BTC-26MAR21-14000-C,2020-12-01,24
BTC-26MAR21-14000-P,2020-08-01,23
BTC-26MAR21-14000-P,2020-09-01,4
BTC-26MAR21-14000-P,2020-10-01,24
BTC-26MAR21-14000-P,2020-11-01,24
BTC-26MAR21-14000-P,2020-12-01,24
BTC-26MAR21-15000-C,2020-12-01,24
BTC-26MAR21-15000-P,2020-12-01,24
BTC-26MAR21-16000-C,2020-07-01,24
BTC-26MAR21-16000-C,2020-08-01,24
BTC-26MAR21-16000-C,2020-09-01,24
BTC-26MAR21-16000-C,2020-10-01,24
BTC-26MAR21-16000-C,2020-11-01,24
BTC-26MAR21-16000-C,2020-12-01,24
BTC-26MAR21-16000-C,2021-01-01,23
BTC-26MAR21-16000-P,2020-07-01,8
BTC-26MAR21-16000-P,2020-09-01,24
BTC-26MAR21-16000-P,2020-10-01,24
BTC-26MAR21-16000-P,2020-11-01,22
BTC-26MAR21-16000-P,2020-12-01,24
BTC-26MAR21-16000-P,2021-01-01,24
BTC-26MAR21-17000-C,2020-12-01,24
BTC-26MAR21-17000-C,2021-01-01,24
BTC-26MAR21-17000-P,2020-12-01,24
BTC-26MAR21-17000-P,2021-01-01,24
BTC-26MAR21-18000-C,2020-07-01,24
BTC-26MAR21-18000-C,2020-08-01,24
BTC-26MAR21-18000-C,2020-09-01,24
BTC-26MAR21-18000-C,2020-10-01,24
BTC-26MAR21-18000-C,2020-11-01,24
BTC-26MAR21-18000-C,2020-12-01,24
BTC-26MAR21-18000-C,2021-01-01,24
BTC-26MAR21-18000-C,2021-02-01,24
BTC-26MAR21-18000-P,2020-09-01,24
BTC-26MAR21-18000-P,2020-10-01,24
BTC-26MAR21-18000-P,2020-11-01,13
BTC-26MAR21-18000-P,2020-12-01,24
BTC-26MAR21-18000-P,2021-01-01,24
BTC-26MAR21-18000-P,2021-02-01,24
BTC-26MAR21-20000-C,2020-08-01,24
BTC-26MAR21-20000-C,2020-09-01,24
BTC-26MAR21-20000-C,2020-10-01,24
BTC-26MAR21-20000-C,2020-11-01,24
BTC-26MAR21-20000-C,2020-12-01,24
BTC-26MAR21-20000-C,2021-01-01,24
BTC-26MAR21-20000-C,2021-02-01,24
BTC-26MAR21-20000-P,2020-09-01,24
BTC-26MAR21-20000-P,2020-10-01,24
BTC-26MAR21-20000-P,2020-11-01,16
BTC-26MAR21-20000-P,2020-12-01,24
BTC-26MAR21-20000-P,2021-01-01,24
BTC-26MAR21-20000-P,2021-02-01,24
BTC-26MAR21-22000-C,2021-01-01,24
BTC-26MAR21-22000-C,2021-02-01,24
BTC-26MAR21-22000-P,2021-01-01,24
BTC-26MAR21-22000-P,2021-02-01,24
BTC-26MAR21-24000-C,2020-08-01,22
BTC-26MAR21-24000-C,2020-09-01,24
BTC-26MAR21-24000-C,2020-11-01,24
BTC-26MAR21-24000-C,2020-12-01,24
BTC-26MAR21-24000-C,2021-01-01,24
BTC-26MAR21-24000-C,2021-02-01,23
BTC-26MAR21-24000-C,2021-03-01,9
BTC-26MAR21-24000-P,2020-09-01,24
BTC-26MAR21-24000-P,2020-12-01,24
BTC-26MAR21-24000-P,2021-01-01,24
BTC-26MAR21-24000-P,2021-02-01,24
BTC-26MAR21-24000-P,2021-03-01,9
BTC-26MAR21-28000-C,2020-11-01,24
BTC-26MAR21-28000-C,2020-12-01,24
BTC-26MAR21-28000-C,2021-01-01,24
BTC-26MAR21-28000-C,2021-02-01,24
BTC-26MAR21-28000-C,2021-03-01,24
BTC-26MAR21-28000-P,2020-12-01,16
BTC-26MAR21-28000-P,2021-01-01,24
BTC-26MAR21-28000-P,2021-02-01,24
BTC-26MAR21-28000-P,2021-03-01,24
BTC-26MAR21-32000-C,2020-12-01,24
BTC-26MAR21-32000-C,2021-01-01,24
BTC-26MAR21-32000-C,2021-02-01,24
BTC-26MAR21-32000-C,2021-03-01,24
BTC-26MAR21-32000-P,2020-12-01,16
BTC-26MAR21-32000-P,2021-01-01,24
BTC-26MAR21-32000-P,2021-02-01,24
BTC-26MAR21-32000-P,2021-03-01,24
BTC-26MAR21-36000-C,2020-12-01,24
BTC-26MAR21-36000-C,2021-01-01,24
BTC-26MAR21-36000-C,2021-02-01,24
BTC-26MAR21-36000-C,2021-03-01,23
BTC-26MAR21-36000-P,2020-12-01,16
BTC-26MAR21-36000-P,2021-01-01,15
BTC-26MAR21-36000-P,2021-02-01,23
BTC-26MAR21-36000-P,2021-03-01,24
BTC-26MAR21-40000-C,2020-12-01,12
BTC-26MAR21-40000-C,2021-01-01,24
BTC-26MAR21-40000-C,2021-02-01,24
BTC-26MAR21-40000-C,2021-03-01,24
BTC-26MAR21-40000-P,2020-12-01,12
BTC-26MAR21-40000-P,2021-01-01,15
BTC-26MAR21-40000-P,2021-02-01,9
BTC-26MAR21-40000-P,2021-03-01,24
BTC-26MAR21-42000-C,2021-03-01,24
BTC-26MAR21-42000-P,2021-03-01,24
BTC-26MAR21-44000-C,2021-01-01,24
BTC-26MAR21-44000-C,2021-02-01,24
BTC-26MAR21-44000-C,2021-03-01,24
BTC-26MAR21-44000-P,2021-02-01,8
BTC-26MAR21-44000-P,2021-03-01,24
BTC-26MAR21-46000-C,2021-03-01,24
BTC-26MAR21-46000-P,2021-03-01,24
BTC-26MAR21-48000-C,2021-01-01,24
BTC-26MAR21-48000-C,2021-02-01,24
BTC-26MAR21-48000-C,2021-03-01,24
BTC-26MAR21-48000-P,2021-03-01,24
BTC-26MAR21-5000-C,2020-07-01,24
BTC-26MAR21-5000-P,2020-07-01,24
BTC-26MAR21-50000-C,2021-03-01,24
BTC-26MAR21-50000-P,2021-03-01,24
BTC-26MAR21-52000-C,2021-01-01,24
BTC-26MAR21-52000-C,2021-02-01,24
BTC-26MAR21-52000-C,2021-03-01,24
BTC-26MAR21-52000-P,2021-03-01,24
BTC-26MAR21-54000-C,2021-03-01,24
BTC-26MAR21-54000-P,2021-03-01,6
BTC-26MAR21-56000-C,2021-01-01,24
BTC-26MAR21-56000-C,2021-02-01,24
BTC-26MAR21-56000-C,2021-03-01,24
BTC-26MAR21-58000-C,2021-03-01,11
BTC-26MAR21-6000-C,2020-07-01,24
BTC-26MAR21-6000-C,2020-10-01,24
BTC-26MAR21-6000-P,2020-07-01,24
BTC-26MAR21-6000-P,2020-10-01,24
BTC-26MAR21-60000-C,2021-03-01,24
BTC-26MAR21-60000-P,2021-03-01,6
BTC-26MAR21-62000-C,2021-03-01,11
BTC-26MAR21-64000-C,2021-02-01,24
BTC-26MAR21-64000-C,2021-03-01,24
BTC-26MAR21-68000-C,2021-03-01,24
BTC-26MAR21-7000-C,2020-07-01,24
BTC-26MAR21-7000-C,2020-09-01,24
BTC-26MAR21-7000-C,2020-10-01,24
BTC-26MAR21-7000-P,2020-07-01,24
BTC-26MAR21-7000-P,2020-08-01,24
BTC-26MAR21-7000-P,2020-09-01,24
BTC-26MAR21-7000-P,2020-10-01,24
BTC-26MAR21-72000-C,2021-03-01,24
BTC-26MAR21-8000-C,2020-07-01,24
BTC-26MAR21-8000-C,2020-08-01,23
BTC-26MAR21-8000-C,2020-09-01,24
BTC-26MAR21-8000-C,2020-10-01,24
BTC-26MAR21-8000-C,2020-11-01,24
BTC-26MAR21-8000-P,2020-07-01,24
BTC-26MAR21-8000-P,2020-08-01,24
BTC-26MAR21-8000-P,2020-09-01,24
BTC-26MAR21-8000-P,2020-10-01,24
BTC-26MAR21-8000-P,2020-11-01,24
BTC-26MAR21-80000-C,2021-03-01,24
BTC-26MAR21-88000-C,2021-03-01,24
BTC-26MAR21-9000-C,2020-07-01,24
BTC-26MAR21-9000-C,2020-08-01,24
BTC-26MAR21-9000-C,2020-09-01,24
BTC-26MAR21-9000-C,2020-10-01,24
BTC-26MAR21-9000-C,2020-11-01,24
BTC-26MAR21-9000-P,2020-07-01,24
BTC-26MAR21-9000-P,2020-08-01,24
BTC-26MAR21-9000-P,2020-09-01,24
BTC-26MAR21-9000-P,2020-10-01,24
BTC-26MAR21-9000-P,2020-11-01,24
BTC-26NOV21-100000-C,2021-11-01,24
BTC-26NOV21-30000-P,2021-09-01,24
BTC-26NOV21-30000-P,2021-10-01,24
BTC-26NOV21-35000-C,2021-11-01,13
BTC-26NOV21-35000-P,2021-09-01,24
BTC-26NOV21-35000-P,2021-10-01,24
BTC-26NOV21-35000-P,2021-11-01,24
BTC-26NOV21-40000-C,2021-10-01,17
BTC-26NOV21-40000-C,2021-11-01,24
BTC-26NOV21-40000-P,2021-09-01,24
BTC-26NOV21-40000-P,2021-10-01,24
BTC-26NOV21-40000-P,2021-11-01,24
BTC-26NOV21-45000-C,2021-09-01,24
BTC-26NOV21-45000-C,2021-10-01,24
BTC-26NOV21-45000-C,2021-11-01,23
BTC-26NOV21-45000-P,2021-09-01,24
BTC-26NOV21-45000-P,2021-10-01,24
BTC-26NOV21-45000-P,2021-11-01,24
BTC-26NOV21-48000-C,2021-11-01,6
BTC-26NOV21-48000-P,2021-11-01,24
BTC-26NOV21-50000-C,2021-09-01,24
BTC-26NOV21-50000-C,2021-10-01,24
BTC-26NOV21-50000-C,2021-11-01,23
BTC-26NOV21-50000-P,2021-09-01,24
BTC-26NOV21-50000-P,2021-10-01,24
BTC-26NOV21-50000-P,2021-11-01,24
BTC-26NOV21-52000-C,2021-11-01,9
BTC-26NOV21-52000-P,2021-11-01,24
BTC-26NOV21-54000-C,2021-11-01,11
BTC-26NOV21-54000-P,2021-11-01,24
BTC-26NOV21-55000-C,2021-09-01,24
BTC-26NOV21-55000-C,2021-10-01,24
BTC-26NOV21-55000-C,2021-11-01,23
BTC-26NOV21-55000-P,2021-09-01,4
BTC-26NOV21-55000-P,2021-11-01,24
BTC-26NOV21-56000-C,2021-11-01,24
BTC-26NOV21-56000-P,2021-11-01,24
BTC-26NOV21-58000-C,2021-11-01,24
BTC-26NOV21-58000-P,2021-11-01,24
BTC-26NOV21-60000-C,2021-09-01,24
BTC-26NOV21-60000-C,2021-10-01,24
BTC-26NOV21-60000-C,2021-11-01,24
BTC-26NOV21-60000-P,2021-11-01,24
BTC-26NOV21-62000-C,2021-11-01,24
BTC-26NOV21-62000-P,2021-11-01,24
BTC-26NOV21-64000-C,2021-11-01,24
BTC-26NOV21-64000-P,2021-11-01,24
BTC-26NOV21-65000-C,2021-11-01,24
BTC-26NOV21-65000-P,2021-11-01,14
BTC-26NOV21-66000-C,2021-11-01,24
BTC-26NOV21-66000-P,2021-11-01,9
BTC-26NOV21-68000-C,2021-11-01,24
BTC-26NOV21-68000-P,2021-11-01,9
BTC-26NOV21-70000-C,2021-09-01,24
BTC-26NOV21-70000-C,2021-10-01,24
BTC-26NOV21-70000-C,2021-11-01,24
BTC-26NOV21-70000-P,2021-11-01,8
BTC-26NOV21-72000-C,2021-11-01,24
BTC-26NOV21-72000-P,2021-11-01,9
BTC-26NOV21-74000-C,2021-11-01,24
BTC-26NOV21-74000-P,2021-11-01,9
BTC-26NOV21-75000-C,2021-11-01,24
BTC-26NOV21-75000-P,2021-11-01,9
BTC-26NOV21-80000-C,2021-09-01,24
BTC-26NOV21-80000-C,2021-10-01,24
BTC-26NOV21-80000-C,2021-11-01,24
BTC-26NOV21-80000-P,2021-11-01,9
BTC-26NOV21-85000-C,2021-11-01,24
BTC-26NOV21-85000-P,2021-11-01,6
BTC-26NOV21-90000-C,2021-09-01,24
BTC-26NOV21-90000-C,2021-10-01,17
BTC-26NOV21-90000-C,2021-11-01,24
BTC-27AUG21-20000-C,2021-06-01,23
BTC-27AUG21-20000-P,2021-06-01,24
BTC-27AUG21-20000-P,2021-07-01,23
BTC-27AUG21-25000-C,2021-06-01,23
BTC-27AUG21-25000-C,2021-08-01,20
BTC-27AUG21-25000-P,2021-06-01,24
BTC-27AUG21-25000-P,2021-07-01,23
BTC-27AUG21-25000-P,2021-08-01,24
BTC-27AUG21-28000-C,2021-08-01,22
BTC-27AUG21-28000-P,2021-08-01,24
BTC-27AUG21-30000-C,2021-06-01,23
BTC-27AUG21-30000-C,2021-07-01,21
BTC-27AUG21-30000-C,2021-08-01,24
BTC-27AUG21-30000-P,2021-06-01,24
BTC-27AUG21-30000-P,2021-07-01,23
BTC-27AUG21-30000-P,2021-08-01,24
BTC-27AUG21-32000-C,2021-08-01,22
BTC-27AUG21-32000-P,2021-08-01,24
BTC-27AUG21-34000-C,2021-08-01,24
BTC-27AUG21-34000-P,2021-08-01,24
BTC-27AUG21-35000-C,2021-06-01,24
BTC-27AUG21-35000-C,2021-07-01,23
BTC-27AUG21-35000-C,2021-08-01,24
BTC-27AUG21-35000-P,2021-06-01,24
BTC-27AUG21-35000-P,2021-07-01,23
BTC-27AUG21-35000-P,2021-08-01,24
BTC-27AUG21-36000-C,2021-08-01,24
BTC-27AUG21-36000-P,2021-08-01,24
BTC-27AUG21-38000-C,2021-08-01,24
BTC-27AUG21-38000-P,2021-08-01,24
BTC-27AUG21-40000-C,2021-06-01,24
BTC-27AUG21-40000-C,2021-07-01,23
BTC-27AUG21-40000-C,2021-08-01,24
BTC-27AUG21-40000-P,2021-06-01,24
BTC-27AUG21-40000-P,2021-07-01,5
BTC-27AUG21-40000-P,2021-08-01,24
BTC-27AUG21-42000-C,2021-08-01,24
BTC-27AUG21-42000-P,2021-08-01,23
BTC-27AUG21-44000-C,2021-08-01,24
BTC-27AUG21-45000-C,2021-06-01,24
BTC-27AUG21-45000-C,2021-07-01,23
BTC-27AUG21-45000-C,2021-08-01,24
BTC-27AUG21-46000-C,2021-08-01,24
BTC-27AUG21-50000-C,2021-06-01,24
BTC-27AUG21-50000-C,2021-07-01,23
BTC-27AUG21-50000-C,2021-08-01,24
BTC-27AUG21-55000-C,2021-06-01,24
BTC-27AUG21-55000-C,2021-07-01,23
BTC-27AUG21-55000-C,2021-08-01,24
BTC-27AUG21-60000-C,2021-06-01,24
BTC-27AUG21-60000-C,2021-07-01,23
BTC-27AUG21-60000-C,2021-08-01,24
BTC-27AUG21-70000-C,2021-06-01,24
BTC-27AUG21-70000-C,2021-08-01,24
BTC-27AUG21-80000-C,2021-08-01,9
BTC-27JAN23-10000-P,2022-12-01,24
BTC-27JAN23-11000-P,2022-12-01,24
BTC-27JAN23-12000-P,2022-11-01,24
BTC-27JAN23-12000-P,2022-12-01,24
BTC-27JAN23-13000-P,2022-12-01,24
BTC-27JAN23-14000-C,2022-12-01,24
BTC-27JAN23-14000-P,2022-11-01,24
BTC-27JAN23-14000-P,2022-12-01,24
BTC-27JAN23-15000-C,2022-12-01,21
BTC-27JAN23-15000-P,2022-11-01,24
BTC-27JAN23-15000-P,2022-12-01,24
BTC-27JAN23-16000-C,2022-12-01,24
BTC-27JAN23-16000-P,2022-11-01,24
BTC-27JAN23-16000-P,2022-12-01,24
BTC-27JAN23-17000-C,2022-11-01,20
BTC-27JAN23-17000-C,2022-12-01,24
BTC-27JAN23-17000-P,2022-11-01,24
BTC-27JAN23-17000-P,2022-12-01,24
BTC-27JAN23-18000-C,2022-11-01,20
BTC-27JAN23-18000-C,2022-12-01,24
BTC-27JAN23-18000-P,2022-11-01,24
BTC-27JAN23-18000-P,2022-12-01,24
BTC-27JAN23-19000-C,2022-11-01,21
BTC-27JAN23-19000-C,2022-12-01,24
BTC-27JAN23-19000-P,2022-11-01,24
BTC-27JAN23-19000-P,2022-12-01,22
BTC-27JAN23-20000-C,2022-11-01,24
BTC-27JAN23-20000-C,2022-12-01,24
BTC-27JAN23-20000-P,2022-11-01,24
BTC-27JAN23-20000-P,2022-12-01,22
BTC-27JAN23-21000-C,2022-11-01,24
BTC-27JAN23-21000-C,2022-12-01,24
BTC-27JAN23-21000-P,2022-11-01,24
BTC-27JAN23-21000-P,2022-12-01,15
BTC-27JAN23-22000-C,2022-11-01,24
BTC-27JAN23-22000-C,2022-12-01,24
BTC-27JAN23-22000-P,2022-11-01,20
BTC-27JAN23-23000-C,2022-11-01,24
BTC-27JAN23-23000-C,2022-12-01,24
BTC-27JAN23-23000-P,2022-11-01,20
BTC-27JAN23-24000-C,2022-11-01,24
BTC-27JAN23-24000-C,2022-12-01,24
BTC-27JAN23-24000-P,2022-11-01,20
BTC-27JAN23-25000-C,2022-11-01,24
BTC-27JAN23-25000-C,2022-12-01,24
BTC-27JAN23-25000-P,2022-11-01,20
BTC-27JAN23-26000-C,2022-11-01,24
BTC-27JAN23-26000-C,2022-12-01,24
BTC-27JAN23-26000-P,2022-11-01,22
BTC-27JAN23-28000-C,2022-11-01,24
BTC-27JAN23-28000-C,2022-12-01,24
BTC-27JAN23-28000-P,2022-11-01,22
BTC-27JAN23-30000-C,2022-11-01,24
BTC-27JAN23-30000-C,2022-12-01,24
BTC-27JAN23-32000-C,2022-11-01,24
BTC-27JAN23-32000-C,2022-12-01,24
BTC-27JAN23-34000-C,2022-11-01,24
BTC-27JAN23-34000-C,2022-12-01,15
BTC-27JAN23-35000-C,2022-11-01,24
BTC-27JAN23-40000-C,2022-11-01,24
BTC-27MAR20-10000-C,2020-01-01,24
BTC-27MAR20-10000-C,2020-02-01,24
BTC-27MAR20-10000-C,2020-03-01,24
BTC-27MAR20-10000-P,2020-01-01,24
BTC-27MAR20-10000-P,2020-02-01,22
BTC-27MAR20-10000-P,2020-03-01,24
BTC-27MAR20-10500-C,2020-03-01,24
BTC-27MAR20-10500-P,2020-03-01,14
BTC-27MAR20-11000-C,2020-02-01,24
BTC-27MAR20-11000-C,2020-03-01,24
BTC-27MAR20-11000-P,2020-02-01,24
BTC-27MAR20-11000-P,2020-03-01,13
BTC-27MAR20-11500-C,2020-03-01,24
BTC-27MAR20-12000-C,2020-01-01,24
BTC-27MAR20-12000-C,2020-02-01,24
BTC-27MAR20-12000-C,2020-03-01,24
BTC-27MAR20-12000-P,2020-01-01,24
BTC-27MAR20-13000-C,2020-02-01,24
BTC-27MAR20-13000-C,2020-03-01,24
BTC-27MAR20-14000-C,2020-01-01,24
BTC-27MAR20-14000-C,2020-02-01,24
BTC-27MAR20-14000-C,2020-03-01,24
BTC-27MAR20-14000-P,2020-01-01,11
BTC-27MAR20-15000-C,2020-02-01,24
BTC-27MAR20-15000-C,2020-03-01,20
BTC-27MAR20-16000-C,2020-02-01,24
BTC-27MAR20-16000-C,2020-03-01,9
BTC-27MAR20-18000-C,2020-02-01,24
BTC-27MAR20-4000-C,2020-01-01,24
BTC-27MAR20-4000-P,2020-01-01,24
BTC-27MAR20-5000-C,2020-01-01,24
BTC-27MAR20-5000-C,2020-02-01,24
BTC-27MAR20-5000-P,2020-01-01,24
BTC-27MAR20-5000-P,2020-02-01,23
BTC-27MAR20-5500-C,2020-02-01,24
BTC-27MAR20-5500-P,2020-02-01,15
BTC-27MAR20-6000-C,2020-01-01,24
BTC-27MAR20-6000-C,2020-02-01,24
BTC-27MAR20-6000-C,2020-03-01,24
BTC-27MAR20-6000-P,2020-01-01,24
BTC-27MAR20-6000-P,2020-02-01,24
BTC-27MAR20-6000-P,2020-03-01,21
BTC-27MAR20-6500-C,2020-02-01,24
BTC-27MAR20-6500-C,2020-03-01,24
BTC-27MAR20-6500-P,2020-02-01,24
BTC-27MAR20-6500-P,2020-03-01,24
BTC-27MAR20-7000-C,2020-01-01,24
BTC-27MAR20-7000-C,2020-02-01,24
BTC-27MAR20-7000-C,2020-03-01,24
BTC-27MAR20-7000-P,2020-01-01,24
BTC-27MAR20-7000-P,2020-02-01,24
BTC-27MAR20-7000-P,2020-03-01,24
BTC-27MAR20-7500-C,2020-02-01,24
BTC-27MAR20-7500-C,2020-03-01,24
BTC-27MAR20-7500-P,2020-02-01,24
BTC-27MAR20-7500-P,2020-03-01,24
BTC-27MAR20-8000-C,2020-01-01,24
BTC-27MAR20-8000-C,2020-02-01,24
BTC-27MAR20-8000-C,2020-03-01,24
BTC-27MAR20-8000-P,2020-01-01,24
BTC-27MAR20-8000-P,2020-02-01,24
BTC-27MAR20-8000-P,2020-03-01,24
BTC-27MAR20-8500-C,2020-02-01,24
BTC-27MAR20-8500-C,2020-03-01,24
BTC-27MAR20-8500-P,2020-02-01,24
BTC-27MAR20-8500-P,2020-03-01,24
BTC-27MAR20-9000-C,2020-01-01,24
BTC-27MAR20-9000-C,2020-02-01,24
BTC-27MAR20-9000-C,2020-03-01,24
BTC-27MAR20-9000-P,2020-01-01,24
BTC-27MAR20-9000-P,2020-02-01,24
BTC-27MAR20-9000-P,2020-03-01,24
BTC-27MAR20-9500-C,2020-03-01,24
BTC-27MAR20-9500-P,2020-03-01,24
BTC-27MAY22-25000-P,2022-05-01,24
BTC-27MAY22-30000-P,2022-03-01,24
BTC-27MAY22-30000-P,2022-04-01,24
BTC-27MAY22-30000-P,2022-05-01,24
BTC-27MAY22-32000-P,2022-03-01,24
BTC-27MAY22-32000-P,2022-04-01,24
BTC-27MAY22-32000-P,2022-05-01,24
BTC-27MAY22-34000-C,2022-03-01,18
BTC-27MAY22-34000-P,2022-03-01,24
BTC-27MAY22-34000-P,2022-04-01,24
BTC-27MAY22-34000-P,2022-05-01,24
BTC-27MAY22-35000-P,2022-04-01,24
BTC-27MAY22-35000-P,2022-05-01,24
BTC-27MAY22-36000-C,2022-03-01,20
BTC-27MAY22-36000-C,2022-05-01,23
BTC-27MAY22-36000-P,2022-03-01,24
BTC-27MAY22-36000-P,2022-04-01,24
BTC-27MAY22-36000-P,2022-05-01,24
BTC-27MAY22-37000-C,2022-05-01,24
BTC-27MAY22-37000-P,2022-05-01,24
BTC-27MAY22-38000-C,2022-03-01,20
BTC-27MAY22-38000-C,2022-04-01,20
BTC-27MAY22-38000-C,2022-05-01,24
BTC-27MAY22-38000-P,2022-03-01,24
BTC-27MAY22-38000-P,2022-04-01,24
BTC-27MAY22-38000-P,2022-05-01,24
BTC-27MAY22-39000-C,2022-05-01,24
BTC-27MAY22-39000-P,2022-05-01,24
BTC-27MAY22-40000-C,2022-03-01,24
BTC-27MAY22-40000-C,2022-04-01,24
BTC-27MAY22-40000-C,2022-05-01,24
BTC-27MAY22-40000-P,2022-03-01,24
BTC-27MAY22-40000-P,2022-04-01,24
BTC-27MAY22-40000-P,2022-05-01,24
BTC-27MAY22-41000-C,2022-05-01,24
BTC-27MAY22-41000-P,2022-05-01,7
BTC-27MAY22-42000-C,2022-03-01,24
BTC-27MAY22-42000-C,2022-04-01,22
BTC-27MAY22-42000-C,2022-05-01,24
BTC-27MAY22-42000-P,2022-03-01,24
BTC-27MAY22-42000-P,2022-04-01,24
BTC-27MAY22-42000-P,2022-05-01,23
BTC-27MAY22-43000-C,2022-05-01,24
BTC-27MAY22-44000-C,2022-03-01,24
BTC-27MAY22-44000-C,2022-04-01,24
BTC-27MAY22-44000-C,2022-05-01,24
BTC-27MAY22-44000-P,2022-03-01,24
BTC-27MAY22-44000-P,2022-04-01,24
BTC-27MAY22-44000-P,2022-05-01,24
BTC-27MAY22-45000-C,2022-05-01,24
BTC-27MAY22-46000-C,2022-03-01,24
BTC-27MAY22-46000-C,2022-04-01,24
BTC-27MAY22-46000-C,2022-05-01,24
BTC-27MAY22-46000-P,2022-03-01,23
BTC-27MAY22-46000-P,2022-04-01,24
BTC-27MAY22-46000-P,2022-05-01,23
BTC-27MAY22-48000-C,2022-03-01,22
BTC-27MAY22-48000-C,2022-04-01,24
BTC-27MAY22-48000-C,2022-05-01,24
BTC-27MAY22-48000-P,2022-03-01,16
BTC-27MAY22-48000-P,2022-04-01,23
BTC-27MAY22-50000-C,2022-03-01,24
BTC-27MAY22-50000-C,2022-04-01,24
BTC-27MAY22-50000-C,2022-05-01,24
BTC-27MAY22-50000-P,2022-03-01,14
BTC-27MAY22-50000-P,2022-04-01,20
BTC-27MAY22-52000-C,2022-04-01,24
BTC-27MAY22-52000-C,2022-05-01,24
BTC-27MAY22-52000-P,2022-04-01,10
BTC-27MAY22-54000-C,2022-04-01,24
BTC-27MAY22-54000-C,2022-05-01,24
BTC-27MAY22-54000-P,2022-04-01,13
BTC-27MAY22-55000-C,2022-04-01,24
BTC-27MAY22-55000-P,2022-04-01,13
BTC-27MAY22-60000-C,2022-03-01,24
BTC-27MAY22-60000-C,2022-04-01,24
BTC-27MAY22-60000-P,2022-03-01,20
BTC-27MAY22-65000-C,2022-04-01,24
BTC-27MAY22-70000-C,2022-03-01,24
BTC-27MAY22-70000-C,2022-04-01,24
BTC-27MAY22-75000-C,2022-04-01,24
BTC-27MAY22-80000-C,2022-03-01,24
BTC-27MAY22-80000-C,2022-04-01,24
BTC-27MAY22-85000-C,2022-04-01,23
BTC-27NOV20-10000-C,2020-09-01,24
BTC-27NOV20-10000-C,2020-10-01,24
BTC-27NOV20-10000-C,2020-11-01,9
BTC-27NOV20-10000-P,2020-09-01,24
BTC-27NOV20-10000-P,2020-10-01,24
BTC-27NOV20-10000-P,2020-11-01,24
BTC-27NOV20-11000-C,2020-09-01,24
BTC-27NOV20-11000-C,2020-10-01,24
BTC-27NOV20-11000-C,2020-11-01,24
BTC-27NOV20-11000-P,2020-09-01,24
BTC-27NOV20-11000-P,2020-10-01,24
BTC-27NOV20-11000-P,2020-11-01,24
BTC-27NOV20-12000-C,2020-09-01,24
BTC-27NOV20-12000-C,2020-10-01,24
BTC-27NOV20-12000-C,2020-11-01,24
BTC-27NOV20-12000-P,2020-09-01,24
BTC-27NOV20-12000-P,2020-10-01,24
BTC-27NOV20-12000-P,2020-11-01,24
BTC-27NOV20-12500-C,2020-11-01,24
BTC-27NOV20-12500-P,2020-11-01,24
BTC-27NOV20-13000-C,2020-09-01,24
BTC-27NOV20-13000-C,2020-10-01,24
BTC-27NOV20-13000-C,2020-11-01,24
BTC-27NOV20-13000-P,2020-09-01,19
BTC-27NOV20-13000-P,2020-10-01,24
BTC-27NOV20-13000-P,2020-11-01,24
BTC-27NOV20-13500-C,2020-11-01,24
BTC-27NOV20-13500-P,2020-11-01,24
BTC-27NOV20-14000-C,2020-09-01,24
BTC-27NOV20-14000-C,2020-10-01,24
BTC-27NOV20-14000-C,2020-11-01,24
BTC-27NOV20-14000-P,2020-10-01,24
BTC-27NOV20-14000-P,2020-11-01,24
BTC-27NOV20-15000-C,2020-11-01,24
BTC-27NOV20-15000-P,2020-11-01,20
BTC-27NOV20-16000-C,2020-09-01,24
BTC-27NOV20-16000-C,2020-10-01,24
BTC-27NOV20-16000-C,2020-11-01,24
BTC-27NOV20-16000-P,2020-10-01,24
BTC-27NOV20-16000-P,2020-11-01,20
BTC-27NOV20-18000-C,2020-10-01,24
BTC-27NOV20-18000-C,2020-11-01,24
BTC-27NOV20-18000-P,2020-10-01,14
BTC-27NOV20-18000-P,2020-11-01,16
BTC-27NOV20-20000-C,2020-09-01,24
BTC-27NOV20-20000-C,2020-10-01,24
BTC-27NOV20-20000-C,2020-11-01,24
BTC-27NOV20-20000-P,2020-10-01,24
BTC-27NOV20-24000-C,2020-09-01,19
BTC-27NOV20-24000-C,2020-11-01,18
BTC-27NOV20-6000-C,2020-10-01,24
BTC-27NOV20-6000-P,2020-10-01,23
BTC-27NOV20-7000-C,2020-10-01,24
BTC-27NOV20-7000-P,2020-10-01,24
BTC-27NOV20-7000-P,2020-11-01,19
BTC-27NOV20-8000-C,2020-09-01,24
BTC-27NOV20-8000-C,2020-10-01,24
BTC-27NOV20-8000-C,2020-11-01,24
BTC-27NOV20-8000-P,2020-09-01,24
BTC-27NOV20-8000-P,2020-10-01,24
BTC-27NOV20-8000-P,2020-11-01,23
BTC-27NOV20-9000-C,2020-10-01,24
BTC-27NOV20-9000-P,2020-10-01,24
BTC-27NOV20-9000-P,2020-11-01,24
BTC-28AUG20-10000-C,2020-07-01,24
BTC-28AUG20-10000-C,2020-08-01,24
BTC-28AUG20-10000-P,2020-07-01,24
BTC-28AUG20-10000-P,2020-08-01,24
BTC-28AUG20-10500-C,2020-07-01,24
BTC-28AUG20-10500-C,2020-08-01,24
BTC-28AUG20-10500-P,2020-07-01,24
BTC-28AUG20-10500-P,2020-08-01,24
BTC-28AUG20-11000-C,2020-07-01,24
BTC-28AUG20-11000-C,2020-08-01,24
BTC-28AUG20-11000-P,2020-07-01,24
BTC-28AUG20-11000-P,2020-08-01,24
BTC-28AUG20-11500-C,2020-07-01,24
BTC-28AUG20-11500-C,2020-08-01,24
BTC-28AUG20-11500-P,2020-07-01,24
BTC-28AUG20-11500-P,2020-08-01,24
BTC-28AUG20-12000-C,2020-07-01,24
BTC-28AUG20-12000-C,2020-08-01,24
BTC-28AUG20-12000-P,2020-08-01,24
BTC-28AUG20-13000-C,2020-07-01,24
BTC-28AUG20-13000-C,2020-08-01,24
BTC-28AUG20-13000-P,2020-08-01,4
BTC-28AUG20-14000-C,2020-07-01,24
BTC-28AUG20-14000-C,2020-08-01,24
BTC-28AUG20-15000-C,2020-07-01,24
BTC-28AUG20-15000-C,2020-08-01,24
BTC-28AUG20-16000-C,2020-08-01,24
BTC-28AUG20-18000-C,2020-08-01,4
BTC-28AUG20-6000-C,2020-07-01,24
BTC-28AUG20-6000-P,2020-07-01,24
BTC-28AUG20-6000-P,2020-08-01,6
BTC-28AUG20-6500-C,2020-07-01,24
BTC-28AUG20-6500-P,2020-07-01,24
BTC-28AUG20-6500-P,2020-08-01,18
BTC-28AUG20-7000-C,2020-07-01,24
BTC-28AUG20-7000-P,2020-07-01,24
BTC-28AUG20-7000-P,2020-08-01,20
BTC-28AUG20-7500-C,2020-07-01,24
BTC-28AUG20-7500-C,2020-08-01,6
BTC-28AUG20-7500-P,2020-07-01,24
BTC-28AUG20-7500-P,2020-08-01,13
BTC-28AUG20-8000-C,2020-07-01,24
BTC-28AUG20-8000-P,2020-07-01,24
BTC-28AUG20-8000-P,2020-08-01,22
BTC-28AUG20-8500-C,2020-07-01,24
BTC-28AUG20-8500-P,2020-07-01,24
BTC-28AUG20-8500-P,2020-08-01,24
BTC-28AUG20-9000-C,2020-07-01,24
BTC-28AUG20-9000-C,2020-08-01,21
BTC-28AUG20-9000-P,2020-07-01,24
BTC-28AUG20-9000-P,2020-08-01,24
BTC-28AUG20-9500-C,2020-07-01,24
BTC-28AUG20-9500-C,2020-08-01,24
BTC-28AUG20-9500-P,2020-07-01,24
BTC-28AUG20-9500-P,2020-08-01,24
BTC-28FEB20-10000-C,2020-01-01,24
BTC-28FEB20-10000-C,2020-02-01,24
BTC-28FEB20-10000-P,2020-01-01,14
BTC-28FEB20-10000-P,2020-02-01,23
BTC-28FEB20-10500-C,2020-02-01,24
BTC-28FEB20-10500-P,2020-02-01,19
BTC-28FEB20-11000-C,2020-01-01,24
BTC-28FEB20-11000-C,2020-02-01,24
BTC-28FEB20-11000-P,2020-01-01,14
BTC-28FEB20-11500-C,2020-02-01,24
BTC-28FEB20-12000-C,2020-02-01,24
BTC-28FEB20-12500-C,2020-02-01,24
BTC-28FEB20-13000-C,2020-02-01,24
BTC-28FEB20-5000-C,2020-01-01,24
BTC-28FEB20-5000-C,2020-02-01,24
BTC-28FEB20-5000-P,2020-01-01,24
BTC-28FEB20-5500-C,2020-01-01,24
BTC-28FEB20-5500-C,2020-02-01,24
BTC-28FEB20-5500-P,2020-01-01,24
BTC-28FEB20-6000-C,2020-01-01,24
BTC-28FEB20-6000-C,2020-02-01,23
BTC-28FEB20-6000-P,2020-01-01,24
BTC-28FEB20-6000-P,2020-02-01,7
BTC-28FEB20-6500-C,2020-01-01,24
BTC-28FEB20-6500-C,2020-02-01,24
BTC-28FEB20-6500-P,2020-01-01,24
BTC-28FEB20-6500-P,2020-02-01,24
BTC-28FEB20-7000-C,2020-01-01,24
BTC-28FEB20-7000-C,2020-02-01,24
BTC-28FEB20-7000-P,2020-01-01,24
BTC-28FEB20-7000-P,2020-02-01,24
BTC-28FEB20-7500-C,2020-01-01,24
BTC-28FEB20-7500-C,2020-02-01,24
BTC-28FEB20-7500-P,2020-01-01,24
BTC-28FEB20-7500-P,2020-02-01,24
BTC-28FEB20-8000-C,2020-01-01,24
BTC-28FEB20-8000-C,2020-02-01,24
BTC-28FEB20-8000-P,2020-01-01,24
BTC-28FEB20-8000-P,2020-02-01,24
BTC-28FEB20-8500-C,2020-01-01,24
BTC-28FEB20-8500-C,2020-02-01,24
BTC-28FEB20-8500-P,2020-01-01,14
BTC-28FEB20-8500-P,2020-02-01,24
BTC-28FEB20-9000-C,2020-01-01,24
BTC-28FEB20-9000-C,2020-02-01,24
BTC-28FEB20-9000-P,2020-01-01,14
BTC-28FEB20-9000-P,2020-02-01,24
BTC-28FEB20-9500-C,2020-01-01,24
BTC-28FEB20-9500-C,2020-02-01,24
BTC-28FEB20-9500-P,2020-01-01,14
BTC-28FEB20-9500-P,2020-02-01,24
BTC-28JAN22-100000-C,2021-11-01,24
BTC-28JAN22-100000-C,2021-12-01,24
BTC-28JAN22-110000-C,2021-11-01,24
BTC-28JAN22-110000-C,2021-12-01,24
BTC-28JAN22-120000-C,2021-11-01,24
BTC-28JAN22-25000-P,2022-01-01,14
BTC-28JAN22-30000-P,2021-12-01,24
BTC-28JAN22-30000-P,2022-01-01,24
BTC-28JAN22-35000-P,2022-01-01,24
BTC-28JAN22-38000-P,2022-01-01,24
BTC-28JAN22-40000-P,2021-11-01,24
BTC-28JAN22-40000-P,2021-12-01,24
BTC-28JAN22-40000-P,2022-01-01,24
BTC-28JAN22-42000-P,2022-01-01,24
BTC-28JAN22-44000-P,2022-01-01,24
BTC-28JAN22-45000-C,2022-01-01,23
BTC-28JAN22-45000-P,2022-01-01,24
BTC-28JAN22-46000-C,2022-01-01,24
BTC-28JAN22-46000-P,2022-01-01,24
BTC-28JAN22-48000-C,2022-01-01,24
BTC-28JAN22-48000-P,2022-01-01,24
BTC-28JAN22-50000-C,2022-01-01,24
BTC-28JAN22-50000-P,2021-11-01,24
BTC-28JAN22-50000-P,2021-12-01,24
BTC-28JAN22-50000-P,2022-01-01,24
BTC-28JAN22-52000-C,2022-01-01,24
BTC-28JAN22-52000-P,2022-01-01,11
BTC-28JAN22-54000-C,2022-01-01,24
BTC-28JAN22-54000-P,2022-01-01,14
BTC-28JAN22-55000-C,2021-12-01,24
BTC-28JAN22-55000-C,2022-01-01,24
BTC-28JAN22-55000-P,2021-11-01,24
BTC-28JAN22-55000-P,2021-12-01,24
BTC-28JAN22-55000-P,2022-01-01,23
BTC-28JAN22-56000-C,2022-01-01,24
BTC-28JAN22-58000-C,2022-01-01,24
BTC-28JAN22-60000-C,2021-11-01,24
BTC-28JAN22-60000-C,2021-12-01,24
BTC-28JAN22-60000-C,2022-01-01,24
BTC-28JAN22-60000-P,2021-11-01,24
BTC-28JAN22-60000-P,2021-12-01,24
BTC-28JAN22-60000-P,2022-01-01,23
BTC-28JAN22-65000-C,2021-11-01,24
BTC-28JAN22-65000-C,2021-12-01,24
BTC-28JAN22-65000-C,2022-01-01,24
BTC-28JAN22-65000-P,2021-11-01,24
BTC-28JAN22-65000-P,2021-12-01,24
BTC-28JAN22-65000-P,2022-01-01,23
BTC-28JAN22-70000-C,2021-11-01,24
BTC-28JAN22-70000-C,2021-12-01,24
BTC-28JAN22-70000-C,2022-01-01,24
BTC-28JAN22-75000-C,2022-01-01,22
BTC-28JAN22-80000-C,2021-11-01,24
BTC-28JAN22-80000-C,2021-12-01,24
BTC-28JAN22-80000-C,2022-01-01,9
BTC-28JAN22-90000-C,2021-11-01,24
BTC-28JAN22-90000-C,2021-12-01,24
BTC-28MAY21-100000-C,2021-03-01,13
BTC-28MAY21-100000-C,2021-04-01,24
BTC-28MAY21-100000-C,2021-05-01,24
BTC-28MAY21-120000-C,2021-04-01,24
BTC-28MAY21-30000-C,2021-05-01,24
BTC-28MAY21-30000-P,2021-03-01,24
BTC-28MAY21-30000-P,2021-05-01,7
BTC-28MAY21-35000-C,2021-05-01,24
BTC-28MAY21-35000-P,2021-05-01,24
BTC-28MAY21-40000-C,2021-04-01,24
BTC-28MAY21-40000-C,2021-05-01,24
BTC-28MAY21-40000-P,2021-03-01,24
BTC-28MAY21-40000-P,2021-04-01,24
BTC-28MAY21-40000-P,2021-05-01,24
BTC-28MAY21-45000-C,2021-03-01,24
BTC-28MAY21-45000-C,2021-04-01,24
BTC-28MAY21-45000-C,2021-05-01,24
BTC-28MAY21-45000-P,2021-03-01,24
BTC-28MAY21-45000-P,2021-04-01,24
BTC-28MAY21-45000-P,2021-05-01,24
BTC-28MAY21-48000-C,2021-05-01,24
BTC-28MAY21-48000-P,2021-05-01,24
BTC-28MAY21-50000-C,2021-03-01,24
BTC-28MAY21-50000-C,2021-04-01,24
BTC-28MAY21-50000-C,2021-05-01,24
BTC-28MAY21-50000-P,2021-03-01,24
BTC-28MAY21-50000-P,2021-04-01,24
BTC-28MAY21-50000-P,2021-05-01,24
BTC-28MAY21-52000-C,2021-05-01,23
BTC-28MAY21-52000-P,2021-05-01,24
BTC-28MAY21-54000-C,2021-05-01,20
BTC-28MAY21-54000-P,2021-05-01,24
BTC-28MAY21-55000-C,2021-03-01,24
BTC-28MAY21-55000-C,2021-04-01,24
BTC-28MAY21-55000-C,2021-05-01,24
BTC-28MAY21-55000-P,2021-03-01,14
BTC-28MAY21-55000-P,2021-04-01,24
BTC-28MAY21-55000-P,2021-05-01,24
BTC-28MAY21-56000-C,2021-05-01,24
BTC-28MAY21-56000-P,2021-05-01,24
BTC-28MAY21-60000-C,2021-03-01,24
BTC-28MAY21-60000-C,2021-04-01,24
BTC-28MAY21-60000-C,2021-05-01,24
BTC-28MAY21-60000-P,2021-04-01,24
BTC-28MAY21-60000-P,2021-05-01,24
BTC-28MAY21-65000-C,2021-03-01,24
BTC-28MAY21-65000-C,2021-04-01,24
BTC-28MAY21-65000-C,2021-05-01,24
BTC-28MAY21-65000-P,2021-04-01,24
BTC-28MAY21-70000-C,2021-03-01,24
BTC-28MAY21-70000-C,2021-04-01,24
BTC-28MAY21-70000-C,2021-05-01,24
BTC-28MAY21-75000-C,2021-03-01,24
BTC-28MAY21-75000-C,2021-04-01,24
BTC-28MAY21-75000-C,2021-05-01,24
BTC-28MAY21-80000-C,2021-03-01,24
BTC-28MAY21-80000-C,2021-04-01,24
BTC-28MAY21-80000-C,2021-05-01,24
BTC-28MAY21-85000-C,2021-04-01,24
BTC-28MAY21-85000-C,2021-05-01,24
BTC-28MAY21-90000-C,2021-03-01,24
BTC-28MAY21-90000-C,2021-04-01,24
BTC-28MAY21-90000-C,2021-05-01,24
BTC-28OCT22-10000-P,2022-09-01,14
BTC-28OCT22-10000-P,2022-10-01,12
BTC-28OCT22-12000-P,2022-08-01,24
BTC-28OCT22-12000-P,2022-09-01,24
BTC-28OCT22-12000-P,2022-10-01,24
BTC-28OCT22-14000-P,2022-08-01,24
BTC-28OCT22-14000-P,2022-09-01,24
BTC-28OCT22-14000-P,2022-10-01,24
BTC-28OCT22-15000-P,2022-10-01,24
BTC-28OCT22-16000-C,2022-09-01,21
BTC-28OCT22-16000-P,2022-08-01,24
BTC-28OCT22-16000-P,2022-09-01,24
BTC-28OCT22-16000-P,2022-10-01,24
BTC-28OCT22-17000-C,2022-09-01,13
BTC-28OCT22-17000-C,2022-10-01,15
BTC-28OCT22-17000-P,2022-08-01,24
BTC-28OCT22-17000-P,2022-09-01,24
BTC-28OCT22-17000-P,2022-10-01,24
BTC-28OCT22-18000-C,2022-08-01,12
BTC-28OCT22-18000-C,2022-09-01,13
BTC-28OCT22-18000-C,2022-10-01,24
BTC-28OCT22-18000-P,2022-08-01,24
BTC-28OCT22-18000-P,2022-09-01,24
BTC-28OCT22-18000-P,2022-10-01,24
BTC-28OCT22-19000-C,2022-08-01,11
BTC-28OCT22-19000-C,2022-09-01,24
BTC-28OCT22-19000-C,2022-10-01,24
BTC-28OCT22-19000-P,2022-08-01,24
BTC-28OCT22-19000-P,2022-09-01,24
BTC-28OCT22-19000-P,2022-10-01,24
BTC-28OCT22-20000-C,2022-08-01,11
BTC-28OCT22-20000-C,2022-09-01,24
BTC-28OCT22-20000-C,2022-10-01,24
BTC-28OCT22-20000-P,2022-08-01,24
BTC-28OCT22-20000-P,2022-09-01,24
BTC-28OCT22-20000-P,2022-10-01,24
BTC-28OCT22-21000-C,2022-08-01,11
BTC-28OCT22-21000-C,2022-09-01,24
BTC-28OCT22-21000-C,2022-10-01,24
BTC-28OCT22-21000-P,2022-08-01,24
BTC-28OCT22-21000-P,2022-09-01,24
BTC-28OCT22-21000-P,2022-10-01,15
BTC-28OCT22-22000-C,2022-08-01,24
BTC-28OCT22-22000-C,2022-09-01,24
BTC-28OCT22-22000-C,2022-10-01,24
BTC-28OCT22-22000-P,2022-08-01,24
BTC-28OCT22-22000-P,2022-09-01,13
BTC-28OCT22-22000-P,2022-10-01,8
BTC-28OCT22-23000-C,2022-08-01,24
BTC-28OCT22-23000-C,2022-09-01,24
BTC-28OCT22-23000-C,2022-10-01,24
BTC-28OCT22-23000-P,2022-08-01,24
BTC-28OCT22-23000-P,2022-09-01,13
BTC-28OCT22-24000-C,2022-08-01,24
BTC-28OCT22-24000-C,2022-09-01,24
BTC-28OCT22-24000-C,2022-10-01,24
BTC-28OCT22-24000-P,2022-08-01,24
BTC-28OCT22-24000-P,2022-09-01,15
BTC-28OCT22-24000-P,2022-10-01,18
BTC-28OCT22-25000-C,2022-08-01,24
BTC-28OCT22-25000-C,2022-09-01,24
BTC-28OCT22-25000-C,2022-10-01,24
BTC-28OCT22-25000-P,2022-08-01,24
BTC-28OCT22-25000-P,2022-09-01,15
BTC-28OCT22-26000-C,2022-08-01,24
BTC-28OCT22-26000-C,2022-09-01,24
BTC-28OCT22-26000-C,2022-10-01,24
BTC-28OCT22-26000-P,2022-08-01,22
BTC-28OCT22-26000-P,2022-09-01,15
BTC-28OCT22-27000-C,2022-08-01,24
BTC-28OCT22-27000-C,2022-09-01,24
BTC-28OCT22-27000-C,2022-10-01,24
BTC-28OCT22-27000-P,2022-08-01,11
BTC-28OCT22-28000-C,2022-08-01,24
BTC-28OCT22-28000-C,2022-09-01,24
BTC-28OCT22-28000-C,2022-10-01,22
BTC-28OCT22-28000-P,2022-08-01,11
BTC-28OCT22-29000-C,2022-08-01,24
BTC-28OCT22-29000-C,2022-09-01,24
BTC-28OCT22-29000-C,2022-10-01,12
BTC-28OCT22-29000-P,2022-08-01,13
BTC-28OCT22-30000-C,2022-08-01,24
BTC-28OCT22-30000-C,2022-09-01,24
BTC-28OCT22-30000-C,2022-10-01,20
BTC-28OCT22-30000-P,2022-08-01,13
BTC-28OCT22-32000-C,2022-08-01,24
BTC-28OCT22-32000-C,2022-09-01,24
BTC-28OCT22-32000-P,2022-08-01,13
BTC-28OCT22-34000-C,2022-08-01,24
BTC-28OCT22-34000-C,2022-09-01,24
BTC-28OCT22-34000-P,2022-08-01,13
BTC-28OCT22-35000-C,2022-09-01,24
BTC-28OCT22-36000-C,2022-08-01,24
BTC-28OCT22-36000-C,2022-09-01,24
BTC-28OCT22-38000-C,2022-08-01,24
BTC-28OCT22-38000-C,2022-09-01,24
BTC-28OCT22-40000-C,2022-08-01,24
BTC-28OCT22-40000-C,2022-09-01,10
BTC-28OCT22-45000-C,2022-08-01,24
BTC-29APR22-20000-P,2022-02-01,24
BTC-29APR22-25000-P,2022-02-01,24
BTC-29APR22-25000-P,2022-03-01,24
BTC-29APR22-30000-P,2022-02-01,24
BTC-29APR22-30000-P,2022-03-01,24
BTC-29APR22-30000-P,2022-04-01,24
BTC-29APR22-32000-P,2022-03-01,24
BTC-29APR22-32000-P,2022-04-01,24
BTC-29APR22-34000-P,2022-02-01,24
BTC-29APR22-34000-P,2022-03-01,24
BTC-29APR22-34000-P,2022-04-01,24
BTC-29APR22-35000-C,2022-03-01,7
BTC-29APR22-35000-P,2022-02-01,24
BTC-29APR22-35000-P,2022-03-01,24
BTC-29APR22-35000-P,2022-04-01,24
BTC-29APR22-36000-C,2022-02-01,17
BTC-29APR22-36000-C,2022-03-01,24
BTC-29APR22-36000-P,2022-02-01,24
BTC-29APR22-36000-P,2022-03-01,24
BTC-29APR22-36000-P,2022-04-01,24
BTC-29APR22-38000-C,2022-02-01,24
BTC-29APR22-38000-C,2022-03-01,23
BTC-29APR22-38000-C,2022-04-01,23
BTC-29APR22-38000-P,2022-02-01,24
BTC-29APR22-38000-P,2022-03-01,24
BTC-29APR22-38000-P,2022-04-01,24
BTC-29APR22-40000-C,2022-02-01,24
BTC-29APR22-40000-C,2022-03-01,24
BTC-29APR22-40000-C,2022-04-01,24
BTC-29APR22-40000-P,2022-02-01,24
BTC-29APR22-40000-P,2022-03-01,24
BTC-29APR22-40000-P,2022-04-01,24
BTC-29APR22-42000-C,2022-02-01,24
BTC-29APR22-42000-C,2022-03-01,24
BTC-29APR22-42000-C,2022-04-01,24
BTC-29APR22-42000-P,2022-02-01,8
BTC-29APR22-42000-P,2022-03-01,24
BTC-29APR22-42000-P,2022-04-01,24
BTC-29APR22-43000-C,2022-04-01,24
BTC-29APR22-43000-P,2022-04-01,24
BTC-29APR22-44000-C,2022-02-01,7
BTC-29APR22-44000-C,2022-03-01,24
BTC-29APR22-44000-C,2022-04-01,24
BTC-29APR22-44000-P,2022-03-01,24
BTC-29APR22-44000-P,2022-04-01,24
BTC-29APR22-45000-C,2022-02-01,24
BTC-29APR22-45000-C,2022-03-01,24
BTC-29APR22-45000-C,2022-04-01,24
BTC-29APR22-45000-P,2022-03-01,24
BTC-29APR22-45000-P,2022-04-01,24
BTC-29APR22-46000-C,2022-03-01,24
BTC-29APR22-46000-C,2022-04-01,24
BTC-29APR22-46000-P,2022-03-01,23
BTC-29APR22-46000-P,2022-04-01,24
BTC-29APR22-47000-C,2022-04-01,24
BTC-29APR22-47000-P,2022-04-01,24
BTC-29APR22-48000-C,2022-03-01,24
BTC-29APR22-48000-C,2022-04-01,24
BTC-29APR22-48000-P,2022-03-01,14
BTC-29APR22-48000-P,2022-04-01,24
BTC-29APR22-49000-C,2022-04-01,24
BTC-29APR22-49000-P,2022-04-01,13
BTC-29APR22-50000-C,2022-02-01,24
BTC-29APR22-50000-C,2022-03-01,24
BTC-29APR22-50000-C,2022-04-01,24
BTC-29APR22-50000-P,2022-03-01,11
BTC-29APR22-50000-P,2022-04-01,12
BTC-29APR22-51000-C,2022-04-01,24
BTC-29APR22-51000-P,2022-04-01,12
BTC-29APR22-52000-C,2022-04-01,24
BTC-29APR22-52000-P,2022-04-01,18
BTC-29APR22-53000-C,2022-04-01,24
BTC-29APR22-53000-P,2022-04-01,15
BTC-29APR22-55000-C,2022-04-01,24
BTC-29APR22-60000-C,2022-02-01,24
BTC-29APR22-60000-C,2022-03-01,24
BTC-29APR22-60000-C,2022-04-01,24
BTC-29APR22-65000-C,2022-04-01,12
BTC-29APR22-70000-C,2022-02-01,24
BTC-29APR22-70000-C,2022-03-01,24
BTC-29APR22-70000-C,2022-04-01,7
BTC-29APR22-80000-C,2022-03-01,24
BTC-29JAN21-10000-C,2020-11-01,24
BTC-29JAN21-10000-C,2020-12-01,9
BTC-29JAN21-10000-P,2020-11-01,24
BTC-29JAN21-10000-P,2020-12-01,17
BTC-29JAN21-12000-C,2020-11-01,24
BTC-29JAN21-12000-C,2020-12-01,18
BTC-29JAN21-12000-P,2020-11-01,24
BTC-29JAN21-12000-P,2020-12-01,24
BTC-29JAN21-14000-C,2020-11-01,24
BTC-29JAN21-14000-C,2020-12-01,24
BTC-29JAN21-14000-P,2020-11-01,24
BTC-29JAN21-14000-P,2020-12-01,24
BTC-29JAN21-16000-C,2020-11-01,24
BTC-29JAN21-16000-C,2020-12-01,24
BTC-29JAN21-16000-C,2021-01-01,24
BTC-29JAN21-16000-P,2020-11-01,24
BTC-29JAN21-16000-P,2020-12-01,24
BTC-29JAN21-16000-P,2021-01-01,18
BTC-29JAN21-17000-C,2020-12-01,24
BTC-29JAN21-17000-C,2021-01-01,24
BTC-29JAN21-17000-P,2020-12-01,24
BTC-29JAN21-17000-P,2021-01-01,21
BTC-29JAN21-18000-C,2020-11-01,24
BTC-29JAN21-18000-C,2020-12-01,24
BTC-29JAN21-18000-C,2021-01-01,24
BTC-29JAN21-18000-P,2020-12-01,24
BTC-29JAN21-18000-P,2021-01-01,24
BTC-29JAN21-19000-C,2020-12-01,24
BTC-29JAN21-19000-C,2021-01-01,24
BTC-29JAN21-19000-P,2020-12-01,24
BTC-29JAN21-19000-P,2021-01-01,24
BTC-29JAN21-20000-C,2020-11-01,24
BTC-29JAN21-20000-C,2020-12-01,24
BTC-29JAN21-20000-C,2021-01-01,24
BTC-29JAN21-20000-P,2020-12-01,24
BTC-29JAN21-20000-P,2021-01-01,24
BTC-29JAN21-21000-C,2021-01-01,24
BTC-29JAN21-21000-P,2021-01-01,24
BTC-29JAN21-22000-C,2020-12-01,24
BTC-29JAN21-22000-C,2021-01-01,24
BTC-29JAN21-22000-P,2021-01-01,24
BTC-29JAN21-23000-C,2021-01-01,24
BTC-29JAN21-23000-P,2021-01-01,24
BTC-29JAN21-24000-C,2020-11-01,24
BTC-29JAN21-24000-C,2020-12-01,24
BTC-29JAN21-24000-C,2021-01-01,23
BTC-29JAN21-24000-P,2020-12-01,24
BTC-29JAN21-24000-P,2021-01-01,24
BTC-29JAN21-25000-C,2021-01-01,23
BTC-29JAN21-25000-P,2021-01-01,24
BTC-29JAN21-26000-C,2021-01-01,24
BTC-29JAN21-26000-P,2021-01-01,24
BTC-29JAN21-27000-C,2021-01-01,24
BTC-29JAN21-27000-P,2021-01-01,24
BTC-29JAN21-28000-C,2020-11-01,16
BTC-29JAN21-28000-C,2020-12-01,24
BTC-29JAN21-28000-C,2021-01-01,24
BTC-29JAN21-28000-P,2020-12-01,16
BTC-29JAN21-28000-P,2021-01-01,24
BTC-29JAN21-30000-C,2021-01-01,24
BTC-29JAN21-30000-P,2021-01-01,24
BTC-29JAN21-32000-C,2020-12-01,24
BTC-29JAN21-32000-C,2021-01-01,24
BTC-29JAN21-32000-P,2020-12-01,16
BTC-29JAN21-32000-P,2021-01-01,18
BTC-29JAN21-34000-C,2021-01-01,24
BTC-29JAN21-36000-C,2020-12-01,24
BTC-29JAN21-36000-C,2021-01-01,24
BTC-29JAN21-36000-P,2020-12-01,16
BTC-29JAN21-40000-C,2020-12-01,7
BTC-29JAN21-40000-C,2021-01-01,24
BTC-29JAN21-40000-P,2020-12-01,7
BTC-29JAN21-44000-C,2021-01-01,24
BTC-29JAN21-48000-C,2021-01-01,24
BTC-29JAN21-52000-C,2021-01-01,24
BTC-29JAN21-8000-C,2020-11-01,24
BTC-29JAN21-8000-P,2020-11-01,24
BTC-29JUL22-10000-P,2022-07-01,21
BTC-29JUL22-12000-P,2022-07-01,24
BTC-29JUL22-14000-P,2022-07-01,24
BTC-29JUL22-15000-P,2022-06-01,4
BTC-29JUL22-15000-P,2022-07-01,24
BTC-29JUL22-16000-P,2022-06-01,22
BTC-29JUL22-16000-P,2022-07-01,24
BTC-29JUL22-17000-P,2022-07-01,24
BTC-29JUL22-18000-C,2022-07-01,18
BTC-29JUL22-18000-P,2022-06-01,24
BTC-29JUL22-18000-P,2022-07-01,24
BTC-29JUL22-19000-C,2022-07-01,24
BTC-29JUL22-19000-P,2022-07-01,24
BTC-29JUL22-20000-C,2022-07-01,24
BTC-29JUL22-20000-P,2022-05-01,24
BTC-29JUL22-20000-P,2022-06-01,24
BTC-29JUL22-20000-P,2022-07-01,24
BTC-29JUL22-21000-C,2022-07-01,24
BTC-29JUL22-21000-P,2022-07-01,24
BTC-29JUL22-22000-C,2022-07-01,24
BTC-29JUL22-22000-P,2022-06-01,24
BTC-29JUL22-22000-P,2022-07-01,24
BTC-29JUL22-23000-C,2022-07-01,24
BTC-29JUL22-24000-C,2022-07-01,24
BTC-29JUL22-24000-P,2022-06-01,24
BTC-29JUL22-24000-P,2022-07-01,24
BTC-29JUL22-25000-C,2022-07-01,24
BTC-29JUL22-25000-P,2022-05-01,24
BTC-29JUL22-25000-P,2022-06-01,24
BTC-29JUL22-25000-P,2022-07-01,23
BTC-29JUL22-26000-C,2022-07-01,24
BTC-29JUL22-26000-P,2022-06-01,24
BTC-29JUL22-26000-P,2022-07-01,23
BTC-29JUL22-27000-C,2022-07-01,24
BTC-29JUL22-28000-C,2022-06-01,15
BTC-29JUL22-28000-C,2022-07-01,24
BTC-29JUL22-28000-P,2022-06-01,24
BTC-29JUL22-28000-P,2022-07-01,23
BTC-29JUL22-30000-C,2022-06-01,24
BTC-29JUL22-30000-C,2022-07-01,24
BTC-29JUL22-30000-P,2022-05-01,24
BTC-29JUL22-30000-P,2022-06-01,24
BTC-29JUL22-30000-P,2022-07-01,23
BTC-29JUL22-32000-C,2022-06-01,24
BTC-29JUL22-32000-C,2022-07-01,24
BTC-29JUL22-32000-P,2022-06-01,24
BTC-29JUL22-32000-P,2022-07-01,24
BTC-29JUL22-34000-C,2022-06-01,24
BTC-29JUL22-34000-P,2022-05-01,24
BTC-29JUL22-34000-P,2022-06-01,18
BTC-29JUL22-34000-P,2022-07-01,24
BTC-29JUL22-35000-C,2022-06-01,24
BTC-29JUL22-35000-C,2022-07-01,16
BTC-29JUL22-35000-P,2022-06-01,4
BTC-29JUL22-36000-C,2022-05-01,21
BTC-29JUL22-36000-C,2022-06-01,24
BTC-29JUL22-36000-C,2022-07-01,23
BTC-29JUL22-36000-P,2022-05-01,24
BTC-29JUL22-36000-P,2022-06-01,4
BTC-29JUL22-38000-C,2022-05-01,24
BTC-29JUL22-38000-C,2022-06-01,24
BTC-29JUL22-38000-C,2022-07-01,8
BTC-29JUL22-38000-P,2022-05-01,24
BTC-29JUL22-38000-P,2022-06-01,4
BTC-29JUL22-40000-C,2022-05-01,24
BTC-29JUL22-40000-C,2022-06-01,24
BTC-29JUL22-40000-P,2022-05-01,24
BTC-29JUL22-42000-C,2022-05-01,24
BTC-29JUL22-42000-C,2022-06-01,24
BTC-29JUL22-44000-C,2022-05-01,24
BTC-29JUL22-44000-C,2022-06-01,24
BTC-29JUL22-45000-C,2022-06-01,24
BTC-29JUL22-46000-C,2022-05-01,24
BTC-29JUL22-46000-C,2022-06-01,24
BTC-29JUL22-48000-C,2022-05-01,24
BTC-29JUL22-48000-C,2022-06-01,24
BTC-29JUL22-50000-C,2022-05-01,24
BTC-29JUL22-50000-C,2022-06-01,24
BTC-29JUL22-55000-C,2022-05-01,24
BTC-29JUL22-55000-C,2022-06-01,24
BTC-29JUL22-60000-C,2022-05-01,24
BTC-29JUL22-60000-C,2022-06-01,20
BTC-29JUL22-65000-C,2022-05-01,24
BTC-29JUL22-70000-C,2022-05-01,24
BTC-29JUL22-75000-C,2022-05-01,24
BTC-29MAY20-10000-C,2020-04-01,24
BTC-29MAY20-10000-C,2020-05-01,24
BTC-29MAY20-10000-P,2020-05-01,11
BTC-29MAY20-11000-C,2020-04-01,24
BTC-29MAY20-11000-C,2020-05-01,24
BTC-29MAY20-12000-C,2020-04-01,23
BTC-29MAY20-12000-C,2020-05-01,24
BTC-29MAY20-3500-C,2020-04-01,9
BTC-29MAY20-3500-P,2020-04-01,24
BTC-29MAY20-4000-C,2020-04-01,9
BTC-29MAY20-4000-P,2020-04-01,24
BTC-29MAY20-4500-C,2020-04-01,9
BTC-29MAY20-4500-P,2020-04-01,24
BTC-29MAY20-4500-P,2020-05-01,23
BTC-29MAY20-5000-C,2020-04-01,9
BTC-29MAY20-5000-C,2020-05-01,24
BTC-29MAY20-5000-P,2020-04-01,24
BTC-29MAY20-5000-P,2020-05-01,24
BTC-29MAY20-5500-C,2020-04-01,9
BTC-29MAY20-5500-C,2020-05-01,24
BTC-29MAY20-5500-P,2020-04-01,24
BTC-29MAY20-5500-P,2020-05-01,24
BTC-29MAY20-6000-C,2020-04-01,24
BTC-29MAY20-6000-C,2020-05-01,24
BTC-29MAY20-6000-P,2020-04-01,24
BTC-29MAY20-6000-P,2020-05-01,24
BTC-29MAY20-6500-C,2020-04-01,24
BTC-29MAY20-6500-C,2020-05-01,24
BTC-29MAY20-6500-P,2020-04-01,24
BTC-29MAY20-6500-P,2020-05-01,24
BTC-29MAY20-7000-C,2020-04-01,24
BTC-29MAY20-7000-C,2020-05-01,24
BTC-29MAY20-7000-P,2020-04-01,24
BTC-29MAY20-7000-P,2020-05-01,24
BTC-29MAY20-7500-C,2020-04-01,24
BTC-29MAY20-7500-C,2020-05-01,24
BTC-29MAY20-7500-P,2020-04-01,11
BTC-29MAY20-7500-P,2020-05-01,24
BTC-29MAY20-8000-C,2020-04-01,24
BTC-29MAY20-8000-C,2020-05-01,24
BTC-29MAY20-8000-P,2020-05-01,24
BTC-29MAY20-8500-C,2020-04-01,24
BTC-29MAY20-8500-C,2020-05-01,24
BTC-29MAY20-8500-P,2020-05-01,24
BTC-29MAY20-9000-C,2020-04-01,24
BTC-29MAY20-9000-C,2020-05-01,24
BTC-29MAY20-9000-P,2020-05-01,24
BTC-29MAY20-9500-C,2020-05-01,24
BTC-29MAY20-9500-P,2020-05-01,10
BTC-29OCT21-25000-C,2021-10-01,5
BTC-29OCT21-25000-P,2021-08-01,24
BTC-29OCT21-25000-P,2021-09-01,24
BTC-29OCT21-25000-P,2021-10-01,20
BTC-29OCT21-30000-C,2021-10-01,5
BTC-29OCT21-30000-P,2021-08-01,24
BTC-29OCT21-30000-P,2021-09-01,24
BTC-29OCT21-30000-P,2021-10-01,24
BTC-29OCT21-35000-C,2021-08-01,22
BTC-29OCT21-35000-C,2021-10-01,13
BTC-29OCT21-35000-P,2021-08-01,24
BTC-29OCT21-35000-P,2021-09-01,24
BTC-29OCT21-35000-P,2021-10-01,24
BTC-29OCT21-40000-C,2021-08-01,24
BTC-29OCT21-40000-C,2021-09-01,22
BTC-29OCT21-40000-C,2021-10-01,24
BTC-29OCT21-40000-P,2021-08-01,24
BTC-29OCT21-40000-P,2021-09-01,24
BTC-29OCT21-40000-P,2021-10-01,24
BTC-29OCT21-45000-C,2021-08-01,24
BTC-29OCT21-45000-C,2021-09-01,24
BTC-29OCT21-45000-C,2021-10-01,24
BTC-29OCT21-45000-P,2021-08-01,24
BTC-29OCT21-45000-P,2021-09-01,24
BTC-29OCT21-45000-P,2021-10-01,24
BTC-29OCT21-50000-C,2021-08-01,24
BTC-29OCT21-50000-C,2021-09-01,24
BTC-29OCT21-50000-C,2021-10-01,24
BTC-29OCT21-50000-P,2021-09-01,24
BTC-29OCT21-50000-P,2021-10-01,24
BTC-29OCT21-55000-C,2021-09-01,24
BTC-29OCT21-55000-C,2021-10-01,24
BTC-29OCT21-55000-P,2021-10-01,15
BTC-29OCT21-60000-C,2021-08-01,24
BTC-29OCT21-60000-C,2021-09-01,24
BTC-29OCT21-60000-C,2021-10-01,24
BTC-29OCT21-60000-P,2021-10-01,5
BTC-29OCT21-65000-C,2021-10-01,24
BTC-29OCT21-65000-P,2021-10-01,5
BTC-29OCT21-70000-C,2021-08-01,24
BTC-29OCT21-70000-C,2021-09-01,24
BTC-29OCT21-70000-C,2021-10-01,24
BTC-29OCT21-75000-C,2021-10-01,24
BTC-29OCT21-75000-P,2021-10-01,5
BTC-29OCT21-80000-C,2021-08-01,24
BTC-29OCT21-80000-C,2021-09-01,24
BTC-29OCT21-80000-C,2021-10-01,23
BTC-29OCT21-80000-P,2021-10-01,5
BTC-29OCT21-85000-C,2021-10-01,19
BTC-29OCT21-85000-P,2021-10-01,5
BTC-29OCT21-90000-C,2021-09-01,24
BTC-29OCT21-90000-C,2021-10-01,8
BTC-29OCT21-90000-P,2021-10-01,5
BTC-29SEP23-10000-C,2022-10-01,19
BTC-29SEP23-10000-C,2022-12-01,24
BTC-29SEP23-10000-P,2022-10-01,24
BTC-29SEP23-10000-P,2022-12-01,24
BTC-29SEP23-11000-C,2022-12-01,21
BTC-29SEP23-11000-P,2022-12-01,24
BTC-29SEP23-12000-C,2022-12-01,21
BTC-29SEP23-12000-P,2022-12-01,24
BTC-29SEP23-13000-C,2022-10-01,19
BTC-29SEP23-13000-C,2022-11-01,24
BTC-29SEP23-13000-C,2022-12-01,21
BTC-29SEP23-13000-P,2022-10-01,24
BTC-29SEP23-13000-P,2022-11-01,24
BTC-29SEP23-13000-P,2022-12-01,24
BTC-29SEP23-14000-C,2022-10-01,19
BTC-29SEP23-14000-C,2022-11-01,24
BTC-29SEP23-14000-C,2022-12-01,21
BTC-29SEP23-14000-P,2022-10-01,20
BTC-29SEP23-14000-P,2022-11-01,24
BTC-29SEP23-14000-P,2022-12-01,24
BTC-29SEP23-15000-C,2022-10-01,18
BTC-29SEP23-15000-C,2022-11-01,24
BTC-29SEP23-15000-C,2022-12-01,21
BTC-29SEP23-15000-P,2022-10-01,20
BTC-29SEP23-15000-P,2022-11-01,24
BTC-29SEP23-15000-P,2022-12-01,24
BTC-29SEP23-16000-C,2022-10-01,17
BTC-29SEP23-16000-C,2022-11-01,17
BTC-29SEP23-16000-C,2022-12-01,19
BTC-29SEP23-16000-P,2022-10-01,18
BTC-29SEP23-16000-P,2022-11-01,24
BTC-29SEP23-16000-P,2022-12-01,24
BTC-29SEP23-17000-C,2022-10-01,18
BTC-29SEP23-17000-C,2022-11-01,17
BTC-29SEP23-17000-C,2022-12-01,24
BTC-29SEP23-17000-P,2022-10-01,18
BTC-29SEP23-17000-P,2022-11-01,24
BTC-29SEP23-17000-P,2022-12-01,16
BTC-29SEP23-18000-C,2022-10-01,18
BTC-29SEP23-18000-C,2022-11-01,17
BTC-29SEP23-18000-C,2022-12-01,24
BTC-29SEP23-18000-P,2022-10-01,18
BTC-29SEP23-18000-P,2022-11-01,24
BTC-29SEP23-19000-C,2022-10-01,18
BTC-29SEP23-19000-C,2022-11-01,17
BTC-29SEP23-19000-C,2022-12-01,24
BTC-29SEP23-19000-P,2022-10-01,17
BTC-29SEP23-19000-P,2022-11-01,24
BTC-29SEP23-19000-P,2022-12-01,7
BTC-29SEP23-20000-C,2022-10-01,18
BTC-29SEP23-20000-C,2022-11-01,24
BTC-29SEP23-20000-C,2022-12-01,24
BTC-29SEP23-20000-P,2022-11-01,24
BTC-29SEP23-21000-C,2022-10-01,19
BTC-29SEP23-21000-C,2022-11-01,24
BTC-29SEP23-21000-C,2022-12-01,24
BTC-29SEP23-21000-P,2022-11-01,24
BTC-29SEP23-22000-C,2022-10-01,19
BTC-29SEP23-22000-C,2022-11-01,24
BTC-29SEP23-22000-C,2022-12-01,24
BTC-29SEP23-22000-P,2022-11-01,22
BTC-29SEP23-23000-C,2022-10-01,19
BTC-29SEP23-23000-C,2022-11-01,24
BTC-29SEP23-23000-C,2022-12-01,24
BTC-29SEP23-23000-P,2022-11-01,20
BTC-29SEP23-24000-C,2022-10-01,18
BTC-29SEP23-24000-C,2022-11-01,24
BTC-29SEP23-24000-C,2022-12-01,24
BTC-29SEP23-24000-P,2022-11-01,17
BTC-29SEP23-25000-C,2022-10-01,19
BTC-29SEP23-25000-C,2022-11-01,24
BTC-29SEP23-25000-C,2022-12-01,24
BTC-29SEP23-25000-P,2022-11-01,19
BTC-29SEP23-30000-C,2022-10-01,20
BTC-29SEP23-30000-C,2022-11-01,24
BTC-29SEP23-30000-C,2022-12-01,24
BTC-29SEP23-35000-C,2022-10-01,19
BTC-29SEP23-35000-C,2022-11-01,24
BTC-29SEP23-40000-C,2022-11-01,24
BTC-2APR20-5750-P,2020-04-01,13
BTC-2APR20-5875-C,2020-04-01,13
BTC-2APR20-5875-P,2020-04-01,12
BTC-2APR20-6000-C,2020-04-01,10
BTC-2APR20-6000-P,2020-04-01,19
BTC-2APR20-6125-C,2020-04-01,17
BTC-2APR20-6125-P,2020-04-01,20
BTC-2APR20-6250-C,2020-04-01,23
BTC-2APR20-6250-P,2020-04-01,22
BTC-2APR20-6375-C,2020-04-01,18
BTC-2APR20-6375-P,2020-04-01,21
BTC-2APR20-6500-C,2020-04-01,15
BTC-2APR20-6500-P,2020-04-01,21
BTC-2APR20-6625-C,2020-04-01,11
BTC-2APR20-6625-P,2020-04-01,7
BTC-2APR21-36000-C,2021-04-01,12
BTC-2APR21-38000-C,2021-04-01,10
BTC-2APR21-40000-C,2021-04-01,12
BTC-2APR21-42000-C,2021-04-01,24
BTC-2APR21-44000-C,2021-04-01,13
BTC-2APR21-46000-C,2021-04-01,12
BTC-2APR21-48000-C,2021-04-01,12
BTC-2APR21-50000-C,2021-04-01,13
BTC-2APR21-52000-C,2021-04-01,24
BTC-2APR21-54000-C,2021-04-01,24
BTC-2APR21-56000-C,2021-04-01,24
BTC-2APR21-57000-C,2021-04-01,20
BTC-2APR21-57000-P,2021-04-01,16
BTC-2APR21-58000-C,2021-04-01,24
BTC-2APR21-58000-P,2021-04-01,23
BTC-2APR21-59000-C,2021-04-01,24
BTC-2APR21-59000-P,2021-04-01,24
BTC-2APR21-60000-C,2021-04-01,23
BTC-2APR21-60000-P,2021-04-01,24
BTC-2APR21-61000-C,2021-04-01,16
BTC-2APR21-61000-P,2021-04-01,23
BTC-2APR21-62000-C,2021-04-01,11
BTC-2APR21-62000-P,2021-04-01,17
BTC-2APR22-43000-P,2022-04-01,11
BTC-2APR22-44000-C,2022-04-01,24
BTC-2APR22-44000-P,2022-04-01,16
BTC-2APR22-45000-C,2022-04-01,24
BTC-2APR22-45000-P,2022-04-01,17
BTC-2APR22-46000-C,2022-04-01,24
BTC-2APR22-46000-P,2022-04-01,24
BTC-2APR22-47000-C,2022-04-01,7
BTC-2APR22-47000-P,2022-04-01,11
BTC-2AUG20-11000-C,2020-08-01,18
BTC-2AUG20-11000-P,2020-08-01,6
BTC-2AUG20-11125-P,2020-08-01,6
BTC-2AUG20-11250-C,2020-08-01,21
BTC-2AUG20-11250-P,2020-08-01,6
BTC-2AUG20-11375-C,2020-08-01,21
BTC-2AUG20-11375-P,2020-08-01,12
BTC-2AUG20-11500-C,2020-08-01,23
BTC-2AUG20-11500-P,2020-08-01,13
BTC-2AUG20-11625-C,2020-08-01,19
BTC-2AUG20-11625-P,2020-08-01,17
BTC-2AUG20-11750-C,2020-08-01,23
BTC-2AUG20-11750-P,2020-08-01,17
BTC-2AUG20-11875-C,2020-08-01,21
BTC-2AUG20-11875-P,2020-08-01,7
BTC-2AUG20-12000-C,2020-08-01,21
BTC-2AUG20-12125-C,2020-08-01,17
BTC-2AUG20-12250-C,2020-08-01,14
BTC-2AUG20-12375-C,2020-08-01,7
BTC-2AUG20-12500-C,2020-08-01,6
BTC-2AUG21-39000-P,2021-08-01,12
BTC-2AUG21-40000-C,2021-08-01,15
BTC-2AUG21-40000-P,2021-08-01,24
BTC-2AUG21-41000-C,2021-08-01,23
BTC-2AUG21-41000-P,2021-08-01,24
BTC-2AUG21-42000-C,2021-08-01,22
BTC-2AUG21-42000-P,2021-08-01,22
BTC-2AUG21-43000-C,2021-08-01,16
BTC-2AUG21-43000-P,2021-08-01,11
BTC-2AUG21-44000-C,2021-08-01,12
BTC-2AUG21-44000-P,2021-08-01,4
BTC-2AUG21-45000-C,2021-08-01,5
BTC-2AUG22-22000-P,2022-08-01,9
BTC-2AUG22-22500-C,2022-08-01,18
BTC-2AUG22-22500-P,2022-08-01,22
BTC-2AUG22-23000-C,2022-08-01,24
BTC-2AUG22-23000-P,2022-08-01,24
BTC-2AUG22-23500-C,2022-08-01,24
BTC-2AUG22-23500-P,2022-08-01,24
BTC-2AUG22-24000-C,2022-08-01,19
BTC-2AUG22-24000-P,2022-08-01,20
BTC-2AUG22-24500-C,2022-08-01,12
BTC-2AUG22-24500-P,2022-08-01,9
BTC-2AUG22-25000-C,2022-08-01,4
BTC-2DEC20-17250-C,2020-12-01,6
BTC-2DEC20-17750-C,2020-12-01,6
BTC-2DEC20-18000-P,2020-12-01,10
BTC-2DEC20-18250-P,2020-12-01,13
BTC-2DEC20-18500-C,2020-12-01,13
BTC-2DEC20-18500-P,2020-12-01,20
BTC-2DEC20-18750-C,2020-12-01,15
BTC-2DEC20-18750-P,2020-12-01,24
BTC-2DEC20-19000-C,2020-12-01,23
BTC-2DEC20-19000-P,2020-12-01,23
BTC-2DEC20-19250-C,2020-12-01,23
BTC-2DEC20-19250-P,2020-12-01,22
BTC-2DEC20-19500-C,2020-12-01,23
BTC-2DEC20-19500-P,2020-12-01,23
BTC-2DEC20-19750-C,2020-12-01,21
BTC-2DEC20-19750-P,2020-12-01,13
BTC-2DEC20-20000-C,2020-12-01,22
BTC-2DEC20-20000-P,2020-12-01,12
BTC-2DEC20-20250-C,2020-12-01,17
BTC-2DEC20-20250-P,2020-12-01,4
BTC-2DEC20-20500-C,2020-12-01,15
BTC-2DEC20-20750-C,2020-12-01,13
BTC-2DEC20-21000-C,2020-12-01,11
BTC-2DEC20-21250-C,2020-12-01,11
BTC-2DEC20-21500-C,2020-12-01,10
BTC-2DEC21-54000-P,2021-12-01,12
BTC-2DEC21-55000-C,2021-12-01,5
BTC-2DEC21-55000-P,2021-12-01,18
BTC-2DEC21-56000-C,2021-12-01,21
BTC-2DEC21-56000-P,2021-12-01,21
BTC-2DEC21-57000-C,2021-12-01,22
BTC-2DEC21-57000-P,2021-12-01,24
BTC-2DEC21-58000-C,2021-12-01,24
BTC-2DEC21-58000-P,2021-12-01,24
BTC-2DEC21-59000-C,2021-12-01,19
BTC-2DEC21-59000-P,2021-12-01,15
BTC-2DEC21-60000-C,2021-12-01,9
BTC-2DEC21-61000-C,2021-12-01,8
BTC-2DEC22-16000-C,2022-12-01,8
BTC-2DEC22-16500-C,2022-12-01,22
BTC-2DEC22-16500-P,2022-12-01,16
BTC-2DEC22-16750-C,2022-12-01,24
BTC-2DEC22-16750-P,2022-12-01,23
BTC-2DEC22-17000-C,2022-12-01,24
BTC-2DEC22-17000-P,2022-12-01,24
BTC-2DEC22-17250-C,2022-12-01,24
BTC-2DEC22-17250-P,2022-12-01,22
BTC-2DEC22-17500-C,2022-12-01,16
BTC-2DEC22-17500-P,2022-12-01,14
BTC-2DEC22-18000-C,2022-12-01,7
BTC-2FEB21-29000-C,2021-02-01,4
BTC-2FEB21-30000-P,2021-02-01,4
BTC-2FEB21-31000-C,2021-02-01,5
BTC-2FEB21-31000-P,2021-02-01,10
BTC-2FEB21-32000-C,2021-02-01,12
BTC-2FEB21-32000-P,2021-02-01,15
BTC-2FEB21-33000-C,2021-02-01,24
BTC-2FEB21-33000-P,2021-02-01,24
BTC-2FEB21-34000-C,2021-02-01,24
BTC-2FEB21-34000-P,2021-02-01,24
BTC-2FEB21-35000-C,2021-02-01,20
BTC-2FEB21-35000-P,2021-02-01,17
BTC-2FEB21-36000-C,2021-02-01,18
BTC-2FEB21-36000-P,2021-02-01,13
BTC-2FEB21-37000-C,2021-02-01,9
BTC-2FEB21-37000-P,2021-02-01,4
BTC-2FEB21-38000-C,2021-02-01,4
BTC-2FEB22-36000-P,2022-02-01,6
BTC-2FEB22-37000-C,2022-02-01,6
BTC-2FEB22-37000-P,2022-02-01,16
BTC-2FEB22-38000-C,2022-02-01,24
BTC-2FEB22-38000-P,2022-02-01,23
BTC-2FEB22-39000-C,2022-02-01,24
BTC-2FEB22-39000-P,2022-02-01,24
BTC-2FEB22-40000-C,2022-02-01,13
BTC-2JAN21-27000-P,2021-01-01,5
BTC-2JAN21-27250-P,2021-01-01,7
BTC-2JAN21-27500-P,2021-01-01,7
BTC-2JAN21-27750-P,2021-01-01,10
BTC-2JAN21-28000-P,2021-01-01,12
BTC-2JAN21-28250-P,2021-01-01,11
BTC-2JAN21-28500-P,2021-01-01,20
BTC-2JAN21-28750-C,2021-01-01,7
BTC-2JAN21-28750-P,2021-01-01,22
BTC-2JAN21-29000-C,2021-01-01,17
BTC-2JAN21-29000-P,2021-01-01,23
BTC-2JAN21-29250-C,2021-01-01,24
BTC-2JAN21-29250-P,2021-01-01,24
BTC-2JAN21-29500-C,2021-01-01,24
BTC-2JAN21-29500-P,2021-01-01,24
BTC-2JAN21-29750-C,2021-01-01,19
BTC-2JAN21-29750-P,2021-01-01,17
BTC-2JAN21-30000-C,2021-01-01,17
BTC-2JAN21-30000-P,2021-01-01,8
BTC-2JAN21-30250-C,2021-01-01,16
BTC-2JAN21-30500-C,2021-01-01,10
BTC-2JAN21-30750-C,2021-01-01,8
BTC-2JAN21-31000-C,2021-01-01,7
BTC-2JAN21-31250-C,2021-01-01,5
BTC-2JAN21-31750-C,2021-01-01,4
BTC-2JAN22-44000-P,2022-01-01,4
BTC-2JAN22-45000-P,2022-01-01,10
BTC-2JAN22-46000-C,2022-01-01,22
BTC-2JAN22-46000-P,2022-01-01,16
BTC-2JAN22-47000-C,2022-01-01,24
BTC-2JAN22-47000-P,2022-01-01,23
BTC-2JAN22-48000-C,2022-01-01,24
BTC-2JAN22-48000-P,2022-01-01,24
BTC-2JAN22-49000-C,2022-01-01,14
BTC-2JAN22-49000-P,2022-01-01,13
BTC-2JAN22-50000-C,2022-01-01,4
BTC-2JUL20-8250-C,2020-07-01,11
BTC-2JUL20-8500-C,2020-07-01,18
BTC-2JUL20-8625-C,2020-07-01,24
BTC-2JUL20-8750-C,2020-07-01,24
BTC-2JUL20-8750-P,2020-07-01,6
BTC-2JUL20-8875-C,2020-07-01,24
BTC-2JUL20-8875-P,2020-07-01,11
BTC-2JUL20-9000-C,2020-07-01,24
BTC-2JUL20-9000-P,2020-07-01,16
BTC-2JUL20-9125-C,2020-07-01,24
BTC-2JUL20-9125-P,2020-07-01,19
BTC-2JUL20-9250-C,2020-07-01,22
BTC-2JUL20-9250-P,2020-07-01,24
BTC-2JUL20-9375-C,2020-07-01,8
BTC-2JUL20-9375-P,2020-07-01,16
BTC-2JUL20-9500-P,2020-07-01,17
BTC-2JUL21-30000-C,2021-07-01,5
BTC-2JUL21-30000-P,2021-07-01,11
BTC-2JUL21-31000-P,2021-07-01,21
BTC-2JUL21-32000-C,2021-07-01,8
BTC-2JUL21-32000-P,2021-07-01,23
BTC-2JUL21-33000-C,2021-07-01,19
BTC-2JUL21-33000-P,2021-07-01,23
BTC-2JUL21-34000-C,2021-07-01,23
BTC-2JUL21-34000-P,2021-07-01,23
BTC-2JUL21-35000-C,2021-07-01,19
BTC-2JUL21-35000-P,2021-07-01,22
BTC-2JUL21-36000-C,2021-07-01,16
BTC-2JUL21-36000-P,2021-07-01,16
BTC-2JUL21-37000-C,2021-07-01,7
BTC-2JUL21-38000-C,2021-07-01,6
BTC-2JUL21-40000-P,2021-07-01,4
BTC-2JUL22-17000-P,2022-07-01,8
BTC-2JUL22-17500-P,2022-07-01,10
BTC-2JUL22-18000-P,2022-07-01,14
BTC-2JUL22-18500-P,2022-07-01,20
BTC-2JUL22-19000-C,2022-07-01,22
BTC-2JUL22-19000-P,2022-07-01,24
BTC-2JUL22-19500-C,2022-07-01,21
BTC-2JUL22-19500-P,2022-07-01,24
BTC-2JUL22-20000-C,2022-07-01,20
BTC-2JUL22-20000-P,2022-07-01,13
BTC-2JUL22-20500-C,2022-07-01,10
BTC-2JUL22-20500-P,2022-07-01,4
BTC-2JUL22-21000-C,2022-07-01,8
BTC-2JUN20-10000-C,2020-06-01,4
BTC-2JUN20-10000-P,2020-06-01,5
BTC-2JUN20-10125-P,2020-06-01,6
BTC-2JUN20-8625-C,2020-06-01,20
BTC-2JUN20-8750-C,2020-06-01,21
BTC-2JUN20-8875-C,2020-06-01,8
BTC-2JUN20-9000-C,2020-06-01,24
BTC-2JUN20-9125-C,2020-06-01,24
BTC-2JUN20-9125-P,2020-06-01,6
BTC-2JUN20-9250-C,2020-06-01,24
BTC-2JUN20-9250-P,2020-06-01,8
BTC-2JUN20-9375-C,2020-06-01,24
BTC-2JUN20-9375-P,2020-06-01,20
BTC-2JUN20-9500-C,2020-06-01,24
BTC-2JUN20-9500-P,2020-06-01,20
BTC-2JUN20-9625-C,2020-06-01,24
BTC-2JUN20-9625-P,2020-06-01,22
BTC-2JUN20-9750-C,2020-06-01,23
BTC-2JUN20-9750-P,2020-06-01,23
BTC-2JUN20-9875-C,2020-06-01,14
BTC-2JUN20-9875-P,2020-06-01,14
BTC-2JUN21-32000-P,2021-06-01,13
BTC-2JUN21-33000-P,2021-06-01,20
BTC-2JUN21-34000-C,2021-06-01,4
BTC-2JUN21-34000-P,2021-06-01,24
BTC-2JUN21-35000-C,2021-06-01,17
BTC-2JUN21-35000-P,2021-06-01,24
BTC-2JUN21-36000-C,2021-06-01,24
BTC-2JUN21-36000-P,2021-06-01,24
BTC-2JUN21-37000-C,2021-06-01,24
BTC-2JUN21-37000-P,2021-06-01,23
BTC-2JUN21-38000-C,2021-06-01,17
BTC-2JUN21-38000-P,2021-06-01,15
BTC-2JUN21-39000-C,2021-06-01,9
BTC-2JUN21-39000-P,2021-06-01,10
BTC-2JUN21-41000-P,2021-06-01,5
BTC-2JUN22-29000-C,2022-06-01,4
BTC-2JUN22-29000-P,2022-06-01,6
BTC-2JUN22-29500-C,2022-06-01,8
BTC-2JUN22-29500-P,2022-06-01,11
BTC-2JUN22-30000-C,2022-06-01,10
BTC-2JUN22-30000-P,2022-06-01,20
BTC-2JUN22-30500-C,2022-06-01,15
BTC-2JUN22-30500-P,2022-06-01,22
BTC-2JUN22-31000-C,2022-06-01,18
BTC-2JUN22-31000-P,2022-06-01,19
BTC-2JUN22-31500-C,2022-06-01,18
BTC-2JUN22-31500-P,2022-06-01,23
BTC-2JUN22-32000-C,2022-06-01,17
BTC-2JUN22-32000-P,2022-06-01,16
BTC-2JUN22-32500-C,2022-06-01,15
BTC-2JUN22-32500-P,2022-06-01,12
BTC-2JUN22-33000-C,2022-06-01,10
BTC-2MAR20-8000-C,2020-03-01,23
BTC-2MAR20-8125-C,2020-03-01,13
BTC-2MAR20-8250-C,2020-03-01,14
BTC-2MAR20-8250-P,2020-03-01,6
BTC-2MAR20-8375-C,2020-03-01,24
BTC-2MAR20-8375-P,2020-03-01,15
BTC-2MAR20-8500-C,2020-03-01,24
BTC-2MAR20-8500-P,2020-03-01,22
BTC-2MAR20-8625-C,2020-03-01,19
BTC-2MAR20-8625-P,2020-03-01,24
BTC-2MAR20-8750-C,2020-03-01,18
BTC-2MAR20-8750-P,2020-03-01,23
BTC-2MAR20-8875-C,2020-03-01,4
BTC-2MAR20-8875-P,2020-03-01,7
BTC-2MAR20-9000-P,2020-03-01,8
BTC-2MAR20-9125-P,2020-03-01,22
BTC-2MAR20-9250-P,2020-03-01,23
BTC-2MAR20-9375-P,2020-03-01,23
BTC-2MAR20-9500-P,2020-03-01,23
BTC-2MAR21-41000-P,2021-03-01,5
BTC-2MAR21-42000-P,2021-03-01,7
BTC-2MAR21-43000-P,2021-03-01,9
BTC-2MAR21-44000-C,2021-03-01,8
BTC-2MAR21-44000-P,2021-03-01,9
BTC-2MAR21-45000-C,2021-03-01,24
BTC-2MAR21-45000-P,2021-03-01,11
BTC-2MAR21-46000-C,2021-03-01,22
BTC-2MAR21-46000-P,2021-03-01,15
BTC-2MAR21-47000-C,2021-03-01,23
BTC-2MAR21-47000-P,2021-03-01,19
BTC-2MAR21-48000-C,2021-03-01,22
BTC-2MAR21-48000-P,2021-03-01,15
BTC-2MAR21-49000-C,2021-03-01,24
BTC-2MAR21-49000-P,2021-03-01,13
BTC-2MAR21-50000-C,2021-03-01,19
BTC-2MAR21-50000-P,2021-03-01,8
BTC-2MAR21-51000-C,2021-03-01,5
BTC-2MAR22-38000-C,2022-03-01,17
BTC-2MAR22-39000-C,2022-03-01,19
BTC-2MAR22-40000-C,2022-03-01,15
BTC-2MAR22-40000-P,2022-03-01,9
BTC-2MAR22-41000-C,2022-03-01,24
BTC-2MAR22-41000-P,2022-03-01,13
BTC-2MAR22-42000-C,2022-03-01,19
BTC-2MAR22-42000-P,2022-03-01,18
BTC-2MAR22-43000-C,2022-03-01,24
BTC-2MAR22-43000-P,2022-03-01,24
BTC-2MAR22-44000-C,2022-03-01,24
BTC-2MAR22-44000-P,2022-03-01,24
BTC-2MAR22-45000-C,2022-03-01,24
BTC-2MAR22-45000-P,2022-03-01,23
BTC-2MAR22-46000-C,2022-03-01,15
BTC-2MAR22-47000-C,2022-03-01,6
BTC-2MAY20-10000-P,2020-05-01,9
BTC-2MAY20-10125-P,2020-05-01,10
BTC-2MAY20-8250-C,2020-05-01,11
BTC-2MAY20-8250-P,2020-05-01,5
BTC-2MAY20-8375-C,2020-05-01,10
BTC-2MAY20-8500-C,2020-05-01,13
BTC-2MAY20-8500-P,2020-05-01,10
BTC-2MAY20-8625-C,2020-05-01,24
BTC-2MAY20-8625-P,2020-05-01,19
BTC-2MAY20-8750-C,2020-05-01,24
BTC-2MAY20-8750-P,2020-05-01,22
BTC-2MAY20-8875-C,2020-05-01,24
BTC-2MAY20-8875-P,2020-05-01,24
BTC-2MAY20-9000-C,2020-05-01,21
BTC-2MAY20-9000-P,2020-05-01,23
BTC-2MAY20-9125-C,2020-05-01,15
BTC-2MAY20-9125-P,2020-05-01,19
BTC-2MAY20-9250-C,2020-05-01,14
BTC-2MAY20-9250-P,2020-05-01,20
BTC-2MAY20-9375-C,2020-05-01,18
BTC-2MAY20-9375-P,2020-05-01,8
BTC-2MAY20-9500-C,2020-05-01,13
BTC-2MAY20-9500-P,2020-05-01,8
BTC-2MAY20-9625-C,2020-05-01,10
BTC-2MAY20-9625-P,2020-05-01,8
BTC-2MAY20-9750-P,2020-05-01,8
BTC-2MAY20-9875-C,2020-05-01,7
BTC-2MAY20-9875-P,2020-05-01,8
BTC-2MAY21-54000-C,2021-05-01,22
BTC-2MAY21-54000-P,2021-05-01,9
BTC-2MAY21-55000-C,2021-05-01,18
BTC-2MAY21-55000-P,2021-05-01,17
BTC-2MAY21-56000-C,2021-05-01,22
BTC-2MAY21-56000-P,2021-05-01,19
BTC-2MAY21-57000-C,2021-05-01,24
BTC-2MAY21-57000-P,2021-05-01,24
BTC-2MAY21-58000-C,2021-05-01,24
BTC-2MAY21-58000-P,2021-05-01,24
BTC-2MAY21-59000-C,2021-05-01,21
BTC-2MAY21-59000-P,2021-05-01,24
BTC-2MAY21-60000-C,2021-05-01,14
BTC-2MAY21-60000-P,2021-05-01,17
BTC-2MAY21-61000-C,2021-05-01,11
BTC-2MAY21-62000-C,2021-05-01,4
BTC-2MAY22-36000-P,2022-05-01,4
BTC-2MAY22-37000-C,2022-05-01,24
BTC-2MAY22-37000-P,2022-05-01,17
BTC-2MAY22-38000-C,2022-05-01,24
BTC-2MAY22-38000-P,2022-05-01,24
BTC-2MAY22-39000-C,2022-05-01,21
BTC-2MAY22-39000-P,2022-05-01,22
BTC-2NOV20-13250-C,2020-11-01,14
BTC-2NOV20-13375-P,2020-11-01,7
BTC-2NOV20-13500-C,2020-11-01,20
BTC-2NOV20-13500-P,2020-11-01,12
BTC-2NOV20-13625-C,2020-11-01,22
BTC-2NOV20-13625-P,2020-11-01,19
BTC-2NOV20-13750-C,2020-11-01,23
BTC-2NOV20-13750-P,2020-11-01,21
BTC-2NOV20-13875-C,2020-11-01,21
BTC-2NOV20-13875-P,2020-11-01,23
BTC-2NOV20-14000-C,2020-11-01,16
BTC-2NOV20-14000-P,2020-11-01,12
BTC-2NOV20-14125-C,2020-11-01,9
BTC-2NOV20-14250-C,2020-11-01,6
BTC-2NOV20-14250-P,2020-11-01,14
BTC-2NOV21-57000-P,2021-11-01,6
BTC-2NOV21-58000-P,2021-11-01,9
BTC-2NOV21-59000-P,2021-11-01,18
BTC-2NOV21-60000-C,2021-11-01,17
BTC-2NOV21-60000-P,2021-11-01,24
BTC-2NOV21-61000-C,2021-11-01,24
BTC-2NOV21-61000-P,2021-11-01,24
BTC-2NOV21-62000-C,2021-11-01,24
BTC-2NOV21-62000-P,2021-11-01,22
BTC-2NOV21-63000-C,2021-11-01,20
BTC-2NOV21-63000-P,2021-11-01,8
BTC-2NOV21-64000-C,2021-11-01,14
BTC-2NOV21-64000-P,2021-11-01,5
BTC-2NOV21-65000-C,2021-11-01,12
BTC-2NOV22-19750-P,2022-11-01,4
BTC-2NOV22-20000-C,2022-11-01,11
BTC-2NOV22-20000-P,2022-11-01,10
BTC-2NOV22-20250-C,2022-11-01,24
BTC-2NOV22-20250-P,2022-11-01,20
BTC-2NOV22-20500-C,2022-11-01,24
BTC-2NOV22-20500-P,2022-11-01,24
BTC-2NOV22-20750-C,2022-11-01,16
BTC-2NOV22-20750-P,2022-11-01,18
BTC-2NOV22-21000-C,2022-11-01,14
BTC-2NOV22-21000-P,2022-11-01,10
BTC-2NOV22-21250-C,2022-11-01,5
BTC-2OCT20-10000-C,2020-10-01,24
BTC-2OCT20-10000-P,2020-10-01,6
BTC-2OCT20-10250-C,2020-10-01,24
BTC-2OCT20-10250-P,2020-10-01,13
BTC-2OCT20-10500-C,2020-10-01,24
BTC-2OCT20-10500-P,2020-10-01,16
BTC-2OCT20-10750-C,2020-10-01,20
BTC-2OCT20-10750-P,2020-10-01,22
BTC-2OCT20-11000-C,2020-10-01,15
BTC-2OCT20-11000-P,2020-10-01,19
BTC-2OCT20-11250-P,2020-10-01,17
BTC-2OCT20-9750-C,2020-10-01,15
BTC-2OCT21-40000-P,2021-10-01,7
BTC-2OCT21-41000-P,2021-10-01,9
BTC-2OCT21-42000-P,2021-10-01,9
BTC-2OCT21-43000-C,2021-10-01,24
BTC-2OCT21-43000-P,2021-10-01,11
BTC-2OCT21-44000-C,2021-10-01,23
BTC-2OCT21-44000-P,2021-10-01,12
BTC-2OCT21-45000-C,2021-10-01,24
BTC-2OCT21-45000-P,2021-10-01,10
BTC-2OCT21-46000-C,2021-10-01,18
BTC-2OCT21-46000-P,2021-10-01,10
BTC-2OCT21-47000-C,2021-10-01,12
BTC-2OCT21-47000-P,2021-10-01,14
BTC-2OCT21-48000-C,2021-10-01,14
BTC-2OCT21-48000-P,2021-10-01,14
BTC-2OCT21-49000-C,2021-10-01,13
BTC-2OCT21-49000-P,2021-10-01,6
BTC-2OCT22-18750-C,2022-10-01,16
BTC-2OCT22-19000-C,2022-10-01,24
BTC-2OCT22-19000-P,2022-10-01,20
BTC-2OCT22-19250-C,2022-10-01,16
BTC-2OCT22-19250-P,2022-10-01,16
BTC-2OCT22-19500-C,2022-10-01,23
BTC-2OCT22-19500-P,2022-10-01,24
BTC-2OCT22-19750-C,2022-10-01,8
BTC-2OCT22-19750-P,2022-10-01,10
BTC-2OCT22-20000-C,2022-10-01,7
BTC-2SEP20-11250-C,2020-09-01,17
BTC-2SEP20-11375-C,2020-09-01,20
BTC-2SEP20-11500-C,2020-09-01,21
BTC-2SEP20-11500-P,2020-09-01,5
BTC-2SEP20-11625-C,2020-09-01,18
BTC-2SEP20-11625-P,2020-09-01,6
BTC-2SEP20-11750-C,2020-09-01,24
BTC-2SEP20-11750-P,2020-09-01,12
BTC-2SEP20-11875-C,2020-09-01,20
BTC-2SEP20-11875-P,2020-09-01,14
BTC-2SEP20-12000-C,2020-09-01,15
BTC-2SEP20-12000-P,2020-09-01,16
BTC-2SEP20-12125-C,2020-09-01,8
BTC-2SEP20-12125-P,2020-09-01,10
BTC-2SEP20-12250-C,2020-09-01,4
BTC-2SEP20-12250-P,2020-09-01,13
BTC-2SEP21-44000-P,2021-09-01,4
BTC-2SEP21-45000-C,2021-09-01,18
BTC-2SEP21-45000-P,2021-09-01,10
BTC-2SEP21-46000-C,2021-09-01,24
BTC-2SEP21-46000-P,2021-09-01,16
BTC-2SEP21-47000-C,2021-09-01,22
BTC-2SEP21-47000-P,2021-09-01,23
BTC-2SEP21-48000-C,2021-09-01,24
BTC-2SEP21-48000-P,2021-09-01,23
BTC-2SEP21-49000-C,2021-09-01,24
BTC-2SEP21-49000-P,2021-09-01,18
BTC-2SEP21-50000-C,2021-09-01,16
BTC-2SEP21-50000-P,2021-09-01,14
BTC-2SEP21-51000-C,2021-09-01,4
BTC-2SEP21-51000-P,2021-09-01,16
BTC-2SEP21-52000-P,2021-09-01,9
BTC-2SEP22-19000-P,2022-09-01,20
BTC-2SEP22-19500-C,2022-09-01,22
BTC-2SEP22-19500-P,2022-09-01,22
BTC-2SEP22-20000-C,2022-09-01,24
BTC-2SEP22-20000-P,2022-09-01,24
BTC-2SEP22-20500-C,2022-09-01,21
BTC-2SEP22-20500-P,2022-09-01,24
BTC-2SEP22-21000-C,2022-09-01,6
BTC-2SEP22-21000-P,2022-09-01,16
BTC-2SEP22-21500-P,2022-09-01,10
BTC-2SEP22-22000-P,2022-09-01,4
BTC-2SEP22-22500-P,2022-09-01,8
BTC-2SEP22-23000-P,2022-09-01,11
BTC-30APR21-100000-C,2021-03-01,8
BTC-30APR21-100000-C,2021-04-01,24
BTC-30APR21-120000-C,2021-04-01,23
BTC-30APR21-20000-C,2021-02-01,8
BTC-30APR21-20000-P,2021-02-01,24
BTC-30APR21-24000-C,2021-02-01,8
BTC-30APR21-24000-P,2021-02-01,24
BTC-30APR21-24000-P,2021-03-01,6
BTC-30APR21-28000-C,2021-02-01,8
BTC-30APR21-28000-C,2021-03-01,17
BTC-30APR21-28000-P,2021-02-01,24
BTC-30APR21-28000-P,2021-03-01,24
BTC-30APR21-32000-C,2021-02-01,24
BTC-30APR21-32000-C,2021-03-01,10
BTC-30APR21-32000-C,2021-04-01,17
BTC-30APR21-32000-P,2021-02-01,24
BTC-30APR21-32000-P,2021-03-01,24
BTC-30APR21-32000-P,2021-04-01,18
BTC-30APR21-36000-C,2021-02-01,24
BTC-30APR21-36000-C,2021-03-01,24
BTC-30APR21-36000-C,2021-04-01,24
BTC-30APR21-36000-P,2021-02-01,24
BTC-30APR21-36000-P,2021-03-01,24
BTC-30APR21-36000-P,2021-04-01,24
BTC-30APR21-40000-C,2021-02-01,24
BTC-30APR21-40000-C,2021-03-01,24
BTC-30APR21-40000-C,2021-04-01,23
BTC-30APR21-40000-P,2021-02-01,12
BTC-30APR21-40000-P,2021-03-01,24
BTC-30APR21-40000-P,2021-04-01,24
BTC-30APR21-44000-C,2021-02-01,24
BTC-30APR21-44000-C,2021-03-01,24
BTC-30APR21-44000-C,2021-04-01,24
BTC-30APR21-44000-P,2021-03-01,24
BTC-30APR21-44000-P,2021-04-01,24
BTC-30APR21-48000-C,2021-02-01,24
BTC-30APR21-48000-C,2021-03-01,24
BTC-30APR21-48000-C,2021-04-01,24
BTC-30APR21-48000-P,2021-03-01,24
BTC-30APR21-48000-P,2021-04-01,24
BTC-30APR21-50000-C,2021-03-01,24
BTC-30APR21-50000-C,2021-04-01,24
BTC-30APR21-50000-P,2021-03-01,24
BTC-30APR21-50000-P,2021-04-01,24
BTC-30APR21-52000-C,2021-02-01,24
BTC-30APR21-52000-C,2021-03-01,24
BTC-30APR21-52000-C,2021-04-01,24
BTC-30APR21-52000-P,2021-03-01,23
BTC-30APR21-52000-P,2021-04-01,24
BTC-30APR21-56000-C,2021-02-01,24
BTC-30APR21-56000-C,2021-03-01,24
BTC-30APR21-56000-C,2021-04-01,24
BTC-30APR21-56000-P,2021-03-01,23
BTC-30APR21-56000-P,2021-04-01,24
BTC-30APR21-60000-C,2021-02-01,24
BTC-30APR21-60000-C,2021-03-01,24
BTC-30APR21-60000-C,2021-04-01,24
BTC-30APR21-60000-P,2021-04-01,24
BTC-30APR21-64000-C,2021-02-01,24
BTC-30APR21-64000-C,2021-03-01,24
BTC-30APR21-64000-C,2021-04-01,24
BTC-30APR21-64000-P,2021-04-01,17
BTC-30APR21-68000-C,2021-03-01,24
BTC-30APR21-68000-C,2021-04-01,24
BTC-30APR21-68000-P,2021-04-01,19
BTC-30APR21-72000-C,2021-03-01,24
BTC-30APR21-72000-C,2021-04-01,24
BTC-30APR21-76000-C,2021-03-01,24
BTC-30APR21-76000-C,2021-04-01,24
BTC-30APR21-80000-C,2021-03-01,24
BTC-30APR21-80000-C,2021-04-01,24
BTC-30APR21-84000-C,2021-03-01,24
BTC-30APR21-84000-C,2021-04-01,24
BTC-30APR21-88000-C,2021-03-01,24
BTC-30APR21-88000-C,2021-04-01,24
BTC-30DEC22-10000-C,2022-09-01,10
BTC-30DEC22-10000-C,2022-10-01,17
BTC-30DEC22-10000-C,2022-12-01,19
BTC-30DEC22-10000-P,2022-07-01,21
BTC-30DEC22-10000-P,2022-09-01,11
BTC-30DEC22-10000-P,2022-10-01,24
BTC-30DEC22-10000-P,2022-12-01,24
BTC-30DEC22-100000-C,2022-01-01,24
BTC-30DEC22-11000-C,2022-12-01,21
BTC-30DEC22-11000-P,2022-12-01,24
BTC-30DEC22-12000-C,2022-09-01,20
BTC-30DEC22-12000-C,2022-10-01,17
BTC-30DEC22-12000-C,2022-11-01,16
BTC-30DEC22-12000-C,2022-12-01,19
BTC-30DEC22-12000-P,2022-09-01,24
BTC-30DEC22-12000-P,2022-10-01,24
BTC-30DEC22-12000-P,2022-11-01,24
BTC-30DEC22-12000-P,2022-12-01,24
BTC-30DEC22-14000-C,2022-07-01,5
BTC-30DEC22-14000-C,2022-09-01,20
BTC-30DEC22-14000-C,2022-10-01,17
BTC-30DEC22-14000-C,2022-11-01,16
BTC-30DEC22-14000-C,2022-12-01,19
BTC-30DEC22-14000-P,2022-07-01,24
BTC-30DEC22-14000-P,2022-08-01,24
BTC-30DEC22-14000-P,2022-09-01,24
BTC-30DEC22-14000-P,2022-10-01,24
BTC-30DEC22-14000-P,2022-11-01,24
BTC-30DEC22-14000-P,2022-12-01,24
BTC-30DEC22-14500-C,2022-12-01,21
BTC-30DEC22-14500-P,2022-12-01,24
BTC-30DEC22-15000-C,2022-09-01,23
BTC-30DEC22-15000-C,2022-10-01,23
BTC-30DEC22-15000-C,2022-11-01,16
BTC-30DEC22-15000-C,2022-12-01,23
BTC-30DEC22-15000-P,2022-07-01,24
BTC-30DEC22-15000-P,2022-08-01,24
BTC-30DEC22-15000-P,2022-09-01,24
BTC-30DEC22-15000-P,2022-10-01,24
BTC-30DEC22-15000-P,2022-11-01,24
BTC-30DEC22-15000-P,2022-12-01,24
BTC-30DEC22-16000-C,2022-09-01,24
BTC-30DEC22-16000-C,2022-10-01,18
BTC-30DEC22-16000-C,2022-11-01,16
BTC-30DEC22-16000-C,2022-12-01,24
BTC-30DEC22-16000-P,2022-07-01,24
BTC-30DEC22-16000-P,2022-08-01,24
BTC-30DEC22-16000-P,2022-09-01,24
BTC-30DEC22-16000-P,2022-10-01,24
BTC-30DEC22-16000-P,2022-11-01,24
BTC-30DEC22-16000-P,2022-12-01,24
BTC-30DEC22-17000-C,2022-07-01,13
BTC-30DEC22-17000-C,2022-08-01,14
BTC-30DEC22-17000-C,2022-09-01,24
BTC-30DEC22-17000-C,2022-10-01,17
BTC-30DEC22-17000-C,2022-11-01,16
BTC-30DEC22-17000-C,2022-12-01,24
BTC-30DEC22-17000-P,2022-07-01,24
BTC-30DEC22-17000-P,2022-08-01,24
BTC-30DEC22-17000-P,2022-09-01,24
BTC-30DEC22-17000-P,2022-10-01,24
BTC-30DEC22-17000-P,2022-11-01,24
BTC-30DEC22-17000-P,2022-12-01,24
BTC-30DEC22-18000-C,2022-07-01,14
BTC-30DEC22-18000-C,2022-08-01,11
BTC-30DEC22-18000-C,2022-09-01,23
BTC-30DEC22-18000-C,2022-10-01,24
BTC-30DEC22-18000-C,2022-11-01,24
BTC-30DEC22-18000-C,2022-12-01,24
BTC-30DEC22-18000-P,2022-07-01,24
BTC-30DEC22-18000-P,2022-08-01,24
BTC-30DEC22-18000-P,2022-09-01,24
BTC-30DEC22-18000-P,2022-10-01,24
BTC-30DEC22-18000-P,2022-11-01,24
BTC-30DEC22-18000-P,2022-12-01,24
BTC-30DEC22-19000-C,2022-07-01,23
BTC-30DEC22-19000-C,2022-08-01,11
BTC-30DEC22-19000-C,2022-09-01,24
BTC-30DEC22-19000-C,2022-10-01,24
BTC-30DEC22-19000-C,2022-11-01,24
BTC-30DEC22-19000-C,2022-12-01,24
BTC-30DEC22-19000-P,2022-07-01,24
BTC-30DEC22-19000-P,2022-08-01,24
BTC-30DEC22-19000-P,2022-09-01,24
BTC-30DEC22-19000-P,2022-10-01,24
BTC-30DEC22-19000-P,2022-11-01,24
BTC-30DEC22-19000-P,2022-12-01,19
BTC-30DEC22-20000-C,2022-05-01,17
BTC-30DEC22-20000-C,2022-06-01,19
BTC-30DEC22-20000-C,2022-07-01,24
BTC-30DEC22-20000-C,2022-08-01,11
BTC-30DEC22-20000-C,2022-09-01,24
BTC-30DEC22-20000-C,2022-10-01,24
BTC-30DEC22-20000-C,2022-11-01,24
BTC-30DEC22-20000-C,2022-12-01,24
BTC-30DEC22-20000-P,2022-05-01,24
BTC-30DEC22-20000-P,2022-06-01,24
BTC-30DEC22-20000-P,2022-07-01,24
BTC-30DEC22-20000-P,2022-08-01,24
BTC-30DEC22-20000-P,2022-09-01,24
BTC-30DEC22-20000-P,2022-10-01,24
BTC-30DEC22-20000-P,2022-11-01,24
BTC-30DEC22-20000-P,2022-12-01,6
BTC-30DEC22-21000-C,2022-07-01,24
BTC-30DEC22-21000-C,2022-08-01,11
BTC-30DEC22-21000-C,2022-09-01,24
BTC-30DEC22-21000-C,2022-10-01,24
BTC-30DEC22-21000-C,2022-11-01,24
BTC-30DEC22-21000-C,2022-12-01,24
BTC-30DEC22-21000-P,2022-07-01,17
BTC-30DEC22-21000-P,2022-08-01,24
BTC-30DEC22-21000-P,2022-09-01,24
BTC-30DEC22-21000-P,2022-10-01,18
BTC-30DEC22-21000-P,2022-11-01,24
BTC-30DEC22-22000-C,2022-06-01,15
BTC-30DEC22-22000-C,2022-07-01,24
BTC-30DEC22-22000-C,2022-08-01,16
BTC-30DEC22-22000-C,2022-09-01,24
BTC-30DEC22-22000-C,2022-10-01,24
BTC-30DEC22-22000-C,2022-11-01,24
BTC-30DEC22-22000-C,2022-12-01,24
BTC-30DEC22-22000-P,2022-06-01,24
BTC-30DEC22-22000-P,2022-07-01,20
BTC-30DEC22-22000-P,2022-08-01,24
BTC-30DEC22-22000-P,2022-09-01,24
BTC-30DEC22-22000-P,2022-11-01,24
BTC-30DEC22-23000-C,2022-07-01,24
BTC-30DEC22-23000-C,2022-08-01,24
BTC-30DEC22-23000-C,2022-09-01,24
BTC-30DEC22-23000-C,2022-10-01,24
BTC-30DEC22-23000-C,2022-11-01,24
BTC-30DEC22-23000-C,2022-12-01,24
BTC-30DEC22-23000-P,2022-07-01,20
BTC-30DEC22-23000-P,2022-08-01,24
BTC-30DEC22-23000-P,2022-09-01,23
BTC-30DEC22-23000-P,2022-11-01,19
BTC-30DEC22-24000-C,2022-06-01,16
BTC-30DEC22-24000-C,2022-07-01,24
BTC-30DEC22-24000-C,2022-08-01,24
BTC-30DEC22-24000-C,2022-09-01,24
BTC-30DEC22-24000-C,2022-10-01,24
BTC-30DEC22-24000-C,2022-11-01,24
BTC-30DEC22-24000-C,2022-12-01,24
BTC-30DEC22-24000-P,2022-06-01,24
BTC-30DEC22-24000-P,2022-07-01,12
BTC-30DEC22-24000-P,2022-08-01,24
BTC-30DEC22-24000-P,2022-09-01,23
BTC-30DEC22-24000-P,2022-11-01,19
BTC-30DEC22-25000-C,2022-02-01,20
BTC-30DEC22-25000-C,2022-03-01,16
BTC-30DEC22-25000-C,2022-04-01,13
BTC-30DEC22-25000-C,2022-05-01,17
BTC-30DEC22-25000-C,2022-06-01,16
BTC-30DEC22-25000-C,2022-07-01,24
BTC-30DEC22-25000-C,2022-08-01,24
BTC-30DEC22-25000-C,2022-09-01,24
BTC-30DEC22-25000-C,2022-10-01,24
BTC-30DEC22-25000-C,2022-11-01,24
BTC-30DEC22-25000-C,2022-12-01,21
BTC-30DEC22-25000-P,2022-02-01,24
BTC-30DEC22-25000-P,2022-03-01,24
BTC-30DEC22-25000-P,2022-04-01,24
BTC-30DEC22-25000-P,2022-05-01,24
BTC-30DEC22-25000-P,2022-06-01,24
BTC-30DEC22-25000-P,2022-07-01,12
BTC-30DEC22-25000-P,2022-08-01,16
BTC-30DEC22-25000-P,2022-09-01,23
BTC-30DEC22-25000-P,2022-11-01,19
BTC-30DEC22-26000-C,2022-06-01,16
BTC-30DEC22-26000-C,2022-07-01,24
BTC-30DEC22-26000-C,2022-08-01,24
BTC-30DEC22-26000-C,2022-09-01,24
BTC-30DEC22-26000-C,2022-10-01,24
BTC-30DEC22-26000-C,2022-11-01,24
BTC-30DEC22-26000-C,2022-12-01,10
BTC-30DEC22-26000-P,2022-06-01,24
BTC-30DEC22-26000-P,2022-07-01,15
BTC-30DEC22-26000-P,2022-08-01,24
BTC-30DEC22-26000-P,2022-09-01,15
BTC-30DEC22-26000-P,2022-11-01,22
BTC-30DEC22-27000-C,2022-07-01,24
BTC-30DEC22-27000-C,2022-08-01,24
BTC-30DEC22-27000-C,2022-09-01,24
BTC-30DEC22-27000-C,2022-10-01,24
BTC-30DEC22-27000-C,2022-11-01,24
BTC-30DEC22-27000-C,2022-12-01,18
BTC-30DEC22-27000-P,2022-07-01,21
BTC-30DEC22-27000-P,2022-08-01,16
BTC-30DEC22-27000-P,2022-09-01,15
BTC-30DEC22-28000-C,2022-06-01,15
BTC-30DEC22-28000-C,2022-07-01,24
BTC-30DEC22-28000-C,2022-08-01,24
BTC-30DEC22-28000-C,2022-09-01,24
BTC-30DEC22-28000-C,2022-10-01,24
BTC-30DEC22-28000-C,2022-11-01,24
BTC-30DEC22-28000-P,2022-06-01,24
BTC-30DEC22-28000-P,2022-07-01,24
BTC-30DEC22-28000-P,2022-08-01,11
BTC-30DEC22-28000-P,2022-09-01,11
BTC-30DEC22-30000-C,2022-01-01,14
BTC-30DEC22-30000-C,2022-02-01,17
BTC-30DEC22-30000-C,2022-03-01,16
BTC-30DEC22-30000-C,2022-04-01,24
BTC-30DEC22-30000-C,2022-05-01,16
BTC-30DEC22-30000-C,2022-06-01,18
BTC-30DEC22-30000-C,2022-07-01,24
BTC-30DEC22-30000-C,2022-08-01,24
BTC-30DEC22-30000-C,2022-09-01,24
BTC-30DEC22-30000-C,2022-10-01,24
BTC-30DEC22-30000-C,2022-11-01,24
BTC-30DEC22-30000-P,2022-01-01,24
BTC-30DEC22-30000-P,2022-02-01,24
BTC-30DEC22-30000-P,2022-03-01,24
BTC-30DEC22-30000-P,2022-04-01,24
BTC-30DEC22-30000-P,2022-05-01,24
BTC-30DEC22-30000-P,2022-06-01,24
BTC-30DEC22-30000-P,2022-07-01,24
BTC-30DEC22-30000-P,2022-08-01,24
BTC-30DEC22-30000-P,2022-09-01,22
BTC-30DEC22-32000-C,2022-06-01,24
BTC-30DEC22-32000-C,2022-07-01,24
BTC-30DEC22-32000-C,2022-08-01,24
BTC-30DEC22-32000-C,2022-09-01,24
BTC-30DEC22-32000-C,2022-10-01,24
BTC-30DEC22-32000-C,2022-11-01,24
BTC-30DEC22-32000-P,2022-06-01,24
BTC-30DEC22-32000-P,2022-08-01,11
BTC-30DEC22-34000-C,2022-06-01,24
BTC-30DEC22-34000-C,2022-07-01,24
BTC-30DEC22-34000-C,2022-08-01,24
BTC-30DEC22-34000-C,2022-09-01,24
BTC-30DEC22-34000-C,2022-10-01,24
BTC-30DEC22-34000-C,2022-11-01,24
BTC-30DEC22-34000-P,2022-06-01,20
BTC-30DEC22-34000-P,2022-08-01,13
BTC-30DEC22-35000-C,2022-05-01,15
BTC-30DEC22-35000-C,2022-06-01,24
BTC-30DEC22-35000-C,2022-07-01,24
BTC-30DEC22-35000-C,2022-08-01,24
BTC-30DEC22-35000-C,2022-09-01,24
BTC-30DEC22-35000-C,2022-10-01,24
BTC-30DEC22-35000-C,2022-11-01,24
BTC-30DEC22-35000-P,2022-05-01,24
BTC-30DEC22-35000-P,2022-06-01,6
BTC-30DEC22-35000-P,2022-08-01,13
BTC-30DEC22-35000-P,2022-11-01,24
BTC-30DEC22-36000-C,2022-06-01,24
BTC-30DEC22-36000-C,2022-07-01,24
BTC-30DEC22-36000-C,2022-08-01,24
BTC-30DEC22-36000-C,2022-09-01,24
BTC-30DEC22-36000-C,2022-10-01,24
BTC-30DEC22-36000-C,2022-11-01,24
BTC-30DEC22-36000-P,2022-06-01,12
BTC-30DEC22-36000-P,2022-08-01,13
BTC-30DEC22-38000-C,2022-06-01,24
BTC-30DEC22-38000-C,2022-07-01,24
BTC-30DEC22-38000-C,2022-08-01,24
BTC-30DEC22-38000-C,2022-09-01,24
BTC-30DEC22-38000-C,2022-10-01,24
BTC-30DEC22-38000-C,2022-11-01,23
BTC-30DEC22-38000-P,2022-06-01,11
BTC-30DEC22-38000-P,2022-08-01,13
BTC-30DEC22-40000-C,2022-01-01,14
BTC-30DEC22-40000-C,2022-02-01,24
BTC-30DEC22-40000-C,2022-03-01,20
BTC-30DEC22-40000-C,2022-04-01,21
BTC-30DEC22-40000-C,2022-05-01,24
BTC-30DEC22-40000-C,2022-06-01,24
BTC-30DEC22-40000-C,2022-08-01,24
BTC-30DEC22-40000-C,2022-09-01,13
BTC-30DEC22-40000-C,2022-11-01,24
BTC-30DEC22-40000-P,2022-01-01,24
BTC-30DEC22-40000-P,2022-02-01,24
BTC-30DEC22-40000-P,2022-03-01,24
BTC-30DEC22-40000-P,2022-04-01,24
BTC-30DEC22-40000-P,2022-05-01,24
BTC-30DEC22-40000-P,2022-06-01,4
BTC-30DEC22-40000-P,2022-08-01,12
BTC-30DEC22-45000-C,2022-05-01,24
BTC-30DEC22-45000-C,2022-06-01,24
BTC-30DEC22-45000-C,2022-08-01,24
BTC-30DEC22-45000-P,2022-05-01,15
BTC-30DEC22-45000-P,2022-06-01,4
BTC-30DEC22-50000-C,2022-01-01,16
BTC-30DEC22-50000-C,2022-02-01,24
BTC-30DEC22-50000-C,2022-03-01,24
BTC-30DEC22-50000-C,2022-04-01,24
BTC-30DEC22-50000-C,2022-05-01,24
BTC-30DEC22-50000-C,2022-06-01,24
BTC-30DEC22-50000-P,2022-01-01,17
BTC-30DEC22-50000-P,2022-02-01,24
BTC-30DEC22-50000-P,2022-03-01,11
BTC-30DEC22-50000-P,2022-04-01,23
BTC-30DEC22-50000-P,2022-05-01,15
BTC-30DEC22-50000-P,2022-06-01,4
BTC-30DEC22-55000-C,2022-05-01,24
BTC-30DEC22-55000-C,2022-06-01,24
BTC-30DEC22-55000-P,2022-06-01,4
BTC-30DEC22-60000-C,2022-01-01,18
BTC-30DEC22-60000-C,2022-02-01,24
BTC-30DEC22-60000-C,2022-03-01,24
BTC-30DEC22-60000-C,2022-04-01,24
BTC-30DEC22-60000-C,2022-05-01,24
BTC-30DEC22-60000-C,2022-06-01,24
BTC-30DEC22-60000-P,2022-02-01,20
BTC-30DEC22-60000-P,2022-03-01,11
BTC-30DEC22-60000-P,2022-04-01,9
BTC-30DEC22-70000-C,2022-01-01,24
BTC-30DEC22-70000-C,2022-02-01,24
BTC-30DEC22-70000-C,2022-03-01,24
BTC-30DEC22-70000-C,2022-04-01,24
BTC-30DEC22-70000-C,2022-05-01,24
BTC-30DEC22-70000-P,2022-03-01,13
BTC-30DEC22-70000-P,2022-04-01,9
BTC-30DEC22-80000-C,2022-01-01,24
BTC-30DEC22-80000-C,2022-02-01,24
BTC-30DEC22-80000-C,2022-03-01,24
BTC-30DEC22-80000-C,2022-04-01,24
BTC-30DEC22-80000-P,2022-03-01,12
BTC-30DEC22-80000-P,2022-04-01,8
BTC-30DEC22-90000-C,2022-01-01,24
BTC-30DEC22-90000-C,2022-03-01,20
BTC-30DEC22-90000-C,2022-04-01,24
BTC-30DEC22-90000-P,2022-03-01,9
BTC-30DEC22-90000-P,2022-04-01,8
BTC-30JUL21-100000-C,2021-05-01,24
BTC-30JUL21-20000-C,2021-06-01,24
BTC-30JUL21-20000-C,2021-07-01,15
BTC-30JUL21-20000-P,2021-06-01,24
BTC-30JUL21-20000-P,2021-07-01,23
BTC-30JUL21-24000-C,2021-07-01,20
BTC-30JUL21-24000-P,2021-07-01,23
BTC-30JUL21-25000-C,2021-06-01,24
BTC-30JUL21-25000-C,2021-07-01,11
BTC-30JUL21-25000-P,2021-06-01,24
BTC-30JUL21-25000-P,2021-07-01,23
BTC-30JUL21-26000-C,2021-07-01,15
BTC-30JUL21-26000-P,2021-07-01,23
BTC-30JUL21-28000-C,2021-07-01,11
BTC-30JUL21-28000-P,2021-07-01,23
BTC-30JUL21-30000-C,2021-06-01,24
BTC-30JUL21-30000-C,2021-07-01,20
BTC-30JUL21-30000-P,2021-06-01,24
BTC-30JUL21-30000-P,2021-07-01,23
BTC-30JUL21-32000-C,2021-06-01,23
BTC-30JUL21-32000-C,2021-07-01,23
BTC-30JUL21-32000-P,2021-06-01,24
BTC-30JUL21-32000-P,2021-07-01,23
BTC-30JUL21-34000-C,2021-06-01,24
BTC-30JUL21-34000-C,2021-07-01,23
BTC-30JUL21-34000-P,2021-06-01,24
BTC-30JUL21-34000-P,2021-07-01,23
BTC-30JUL21-35000-C,2021-06-01,24
BTC-30JUL21-35000-C,2021-07-01,23
BTC-30JUL21-35000-P,2021-06-01,24
BTC-30JUL21-35000-P,2021-07-01,23
BTC-30JUL21-36000-C,2021-06-01,24
BTC-30JUL21-36000-C,2021-07-01,23
BTC-30JUL21-36000-P,2021-06-01,24
BTC-30JUL21-36000-P,2021-07-01,23
BTC-30JUL21-40000-C,2021-05-01,24
BTC-30JUL21-40000-C,2021-06-01,24
BTC-30JUL21-40000-C,2021-07-01,23
BTC-30JUL21-40000-P,2021-05-01,24
BTC-30JUL21-40000-P,2021-06-01,24
BTC-30JUL21-40000-P,2021-07-01,23
BTC-30JUL21-45000-C,2021-05-01,24
BTC-30JUL21-45000-C,2021-06-01,24
BTC-30JUL21-45000-C,2021-07-01,23
BTC-30JUL21-45000-P,2021-05-01,24
BTC-30JUL21-45000-P,2021-07-01,23
BTC-30JUL21-50000-C,2021-05-01,24
BTC-30JUL21-50000-C,2021-06-01,24
BTC-30JUL21-50000-C,2021-07-01,23
BTC-30JUL21-50000-P,2021-05-01,24
BTC-30JUL21-50000-P,2021-06-01,10
BTC-30JUL21-50000-P,2021-07-01,22
BTC-30JUL21-55000-C,2021-05-01,24
BTC-30JUL21-55000-C,2021-06-01,24
BTC-30JUL21-55000-C,2021-07-01,23
BTC-30JUL21-55000-P,2021-05-01,24
BTC-30JUL21-55000-P,2021-06-01,10
BTC-30JUL21-55000-P,2021-07-01,20
BTC-30JUL21-60000-C,2021-05-01,24
BTC-30JUL21-60000-C,2021-06-01,24
BTC-30JUL21-60000-C,2021-07-01,23
BTC-30JUL21-60000-P,2021-05-01,24
BTC-30JUL21-60000-P,2021-07-01,22
BTC-30JUL21-65000-C,2021-05-01,24
BTC-30JUL21-65000-C,2021-06-01,24
BTC-30JUL21-65000-C,2021-07-01,17
BTC-30JUL21-65000-P,2021-05-01,24
BTC-30JUL21-70000-C,2021-05-01,24
BTC-30JUL21-70000-C,2021-06-01,24
BTC-30JUL21-80000-C,2021-05-01,24
BTC-30JUL21-90000-C,2021-05-01,24
BTC-30JUN23-10000-C,2022-07-01,20
BTC-30JUN23-10000-C,2022-09-01,10
BTC-30JUN23-10000-C,2022-10-01,17
BTC-30JUN23-10000-C,2022-12-01,21
BTC-30JUN23-10000-P,2022-07-01,18
BTC-30JUN23-10000-P,2022-09-01,10
BTC-30JUN23-10000-P,2022-10-01,24
BTC-30JUN23-10000-P,2022-12-01,24
BTC-30JUN23-11000-C,2022-12-01,21
BTC-30JUN23-11000-P,2022-12-01,24
BTC-30JUN23-12000-C,2022-12-01,21
BTC-30JUN23-12000-P,2022-12-01,24
BTC-30JUN23-13000-C,2022-09-01,20
BTC-30JUN23-13000-C,2022-10-01,19
BTC-30JUN23-13000-C,2022-11-01,19
BTC-30JUN23-13000-C,2022-12-01,21
BTC-30JUN23-13000-P,2022-07-01,23
BTC-30JUN23-13000-P,2022-08-01,24
BTC-30JUN23-13000-P,2022-09-01,24
BTC-30JUN23-13000-P,2022-10-01,24
BTC-30JUN23-13000-P,2022-11-01,24
BTC-30JUN23-13000-P,2022-12-01,24
BTC-30JUN23-14000-C,2022-09-01,20
BTC-30JUN23-14000-C,2022-10-01,19
BTC-30JUN23-14000-C,2022-11-01,19
BTC-30JUN23-14000-C,2022-12-01,21
BTC-30JUN23-14000-P,2022-07-01,24
BTC-30JUN23-14000-P,2022-08-01,24
BTC-30JUN23-14000-P,2022-09-01,24
BTC-30JUN23-14000-P,2022-10-01,24
BTC-30JUN23-14000-P,2022-11-01,24
BTC-30JUN23-14000-P,2022-12-01,24
BTC-30JUN23-15000-C,2022-09-01,19
BTC-30JUN23-15000-C,2022-10-01,18
BTC-30JUN23-15000-C,2022-11-01,19
BTC-30JUN23-15000-C,2022-12-01,21
BTC-30JUN23-15000-P,2022-07-01,24
BTC-30JUN23-15000-P,2022-08-01,24
BTC-30JUN23-15000-P,2022-09-01,24
BTC-30JUN23-15000-P,2022-10-01,19
BTC-30JUN23-15000-P,2022-11-01,24
BTC-30JUN23-15000-P,2022-12-01,24
BTC-30JUN23-16000-C,2022-09-01,19
BTC-30JUN23-16000-C,2022-10-01,18
BTC-30JUN23-16000-C,2022-11-01,18
BTC-30JUN23-16000-C,2022-12-01,24
BTC-30JUN23-16000-P,2022-07-01,23
BTC-30JUN23-16000-P,2022-08-01,24
BTC-30JUN23-16000-P,2022-09-01,24
BTC-30JUN23-16000-P,2022-10-01,20
BTC-30JUN23-16000-P,2022-11-01,24
BTC-30JUN23-16000-P,2022-12-01,24
BTC-30JUN23-17000-C,2022-09-01,19
BTC-30JUN23-17000-C,2022-10-01,17
BTC-30JUN23-17000-C,2022-11-01,16
BTC-30JUN23-17000-C,2022-12-01,24
BTC-30JUN23-17000-P,2022-07-01,23
BTC-30JUN23-17000-P,2022-08-01,24
BTC-30JUN23-17000-P,2022-09-01,24
BTC-30JUN23-17000-P,2022-10-01,17
BTC-30JUN23-17000-P,2022-11-01,24
BTC-30JUN23-17000-P,2022-12-01,24
BTC-30JUN23-18000-C,2022-09-01,19
BTC-30JUN23-18000-C,2022-10-01,17
BTC-30JUN23-18000-C,2022-11-01,16
BTC-30JUN23-18000-C,2022-12-01,24
BTC-30JUN23-18000-P,2022-07-01,20
BTC-30JUN23-18000-P,2022-08-01,24
BTC-30JUN23-18000-P,2022-09-01,24
BTC-30JUN23-18000-P,2022-10-01,17
BTC-30JUN23-18000-P,2022-11-01,24
BTC-30JUN23-18000-P,2022-12-01,24
BTC-30JUN23-19000-C,2022-07-01,19
BTC-30JUN23-19000-C,2022-09-01,19
BTC-30JUN23-19000-C,2022-10-01,20
BTC-30JUN23-19000-C,2022-11-01,16
BTC-30JUN23-19000-C,2022-12-01,24
BTC-30JUN23-19000-P,2022-07-01,11
BTC-30JUN23-19000-P,2022-08-01,24
BTC-30JUN23-19000-P,2022-09-01,24
BTC-30JUN23-19000-P,2022-10-01,24
BTC-30JUN23-19000-P,2022-11-01,24
BTC-30JUN23-19000-P,2022-12-01,17
BTC-30JUN23-20000-C,2022-07-01,23
BTC-30JUN23-20000-C,2022-09-01,24
BTC-30JUN23-20000-C,2022-10-01,21
BTC-30JUN23-20000-C,2022-11-01,24
BTC-30JUN23-20000-C,2022-12-01,24
BTC-30JUN23-20000-P,2022-07-01,13
BTC-30JUN23-20000-P,2022-08-01,24
BTC-30JUN23-20000-P,2022-09-01,23
BTC-30JUN23-20000-P,2022-10-01,17
BTC-30JUN23-20000-P,2022-11-01,24
BTC-30JUN23-20000-P,2022-12-01,16
BTC-30JUN23-21000-C,2022-07-01,23
BTC-30JUN23-21000-C,2022-09-01,24
BTC-30JUN23-21000-C,2022-10-01,24
BTC-30JUN23-21000-C,2022-11-01,24
BTC-30JUN23-21000-C,2022-12-01,24
BTC-30JUN23-21000-P,2022-07-01,9
BTC-30JUN23-21000-P,2022-08-01,24
BTC-30JUN23-21000-P,2022-09-01,23
BTC-30JUN23-21000-P,2022-11-01,24
BTC-30JUN23-21000-P,2022-12-01,6
BTC-30JUN23-22000-C,2022-07-01,24
BTC-30JUN23-22000-C,2022-09-01,24
BTC-30JUN23-22000-C,2022-10-01,17
BTC-30JUN23-22000-C,2022-11-01,24
BTC-30JUN23-22000-C,2022-12-01,24
BTC-30JUN23-22000-P,2022-08-01,24
BTC-30JUN23-22000-P,2022-09-01,19
BTC-30JUN23-22000-P,2022-11-01,24
BTC-30JUN23-23000-C,2022-07-01,24
BTC-30JUN23-23000-C,2022-08-01,23
BTC-30JUN23-23000-C,2022-09-01,24
BTC-30JUN23-23000-C,2022-10-01,17
BTC-30JUN23-23000-C,2022-11-01,24
BTC-30JUN23-23000-C,2022-12-01,24
BTC-30JUN23-23000-P,2022-08-01,24
BTC-30JUN23-23000-P,2022-09-01,19
BTC-30JUN23-23000-P,2022-11-01,21
BTC-30JUN23-24000-C,2022-07-01,23
BTC-30JUN23-24000-C,2022-08-01,24
BTC-30JUN23-24000-C,2022-09-01,24
BTC-30JUN23-24000-C,2022-10-01,17
BTC-30JUN23-24000-C,2022-11-01,24
BTC-30JUN23-24000-C,2022-12-01,24
BTC-30JUN23-24000-P,2022-08-01,24
BTC-30JUN23-24000-P,2022-09-01,13
BTC-30JUN23-24000-P,2022-11-01,21
BTC-30JUN23-25000-C,2022-07-01,23
BTC-30JUN23-25000-C,2022-08-01,24
BTC-30JUN23-25000-C,2022-09-01,24
BTC-30JUN23-25000-C,2022-10-01,16
BTC-30JUN23-25000-C,2022-11-01,24
BTC-30JUN23-25000-C,2022-12-01,24
BTC-30JUN23-25000-P,2022-09-01,13
BTC-30JUN23-25000-P,2022-11-01,21
BTC-30JUN23-26000-C,2022-07-01,23
BTC-30JUN23-26000-C,2022-08-01,24
BTC-30JUN23-26000-C,2022-09-01,24
BTC-30JUN23-26000-C,2022-10-01,16
BTC-30JUN23-26000-C,2022-11-01,24
BTC-30JUN23-26000-C,2022-12-01,24
BTC-30JUN23-26000-P,2022-09-01,12
BTC-30JUN23-26000-P,2022-11-01,20
BTC-30JUN23-27000-C,2022-08-01,24
BTC-30JUN23-27000-C,2022-09-01,24
BTC-30JUN23-27000-C,2022-10-01,19
BTC-30JUN23-27000-C,2022-11-01,24
BTC-30JUN23-27000-C,2022-12-01,24
BTC-30JUN23-27000-P,2022-09-01,12
BTC-30JUN23-28000-C,2022-08-01,24
BTC-30JUN23-28000-C,2022-09-01,24
BTC-30JUN23-28000-C,2022-10-01,20
BTC-30JUN23-28000-C,2022-11-01,24
BTC-30JUN23-28000-C,2022-12-01,24
BTC-30JUN23-28000-P,2022-09-01,12
BTC-30JUN23-29000-C,2022-08-01,24
BTC-30JUN23-29000-C,2022-09-01,24
BTC-30JUN23-29000-C,2022-10-01,20
BTC-30JUN23-29000-C,2022-11-01,24
BTC-30JUN23-29000-C,2022-12-01,24
BTC-30JUN23-30000-C,2022-07-01,23
BTC-30JUN23-30000-C,2022-08-01,24
BTC-30JUN23-30000-C,2022-09-01,24
BTC-30JUN23-30000-C,2022-10-01,20
BTC-30JUN23-30000-C,2022-11-01,24
BTC-30JUN23-30000-C,2022-12-01,24
BTC-30JUN23-30000-P,2022-08-01,4
BTC-30JUN23-35000-C,2022-07-01,22
BTC-30JUN23-35000-C,2022-08-01,24
BTC-30JUN23-35000-C,2022-09-01,24
BTC-30JUN23-35000-C,2022-10-01,20
BTC-30JUN23-35000-C,2022-11-01,24
BTC-30JUN23-35000-P,2022-08-01,4
BTC-30JUN23-40000-C,2022-07-01,4
BTC-30JUN23-40000-C,2022-08-01,24
BTC-30JUN23-40000-C,2022-09-01,14
BTC-30JUN23-40000-C,2022-11-01,24
BTC-30JUN23-45000-C,2022-08-01,24
BTC-30OCT20-10000-C,2020-09-01,24
BTC-30OCT20-10000-C,2020-10-01,24
BTC-30OCT20-10000-P,2020-09-01,24
BTC-30OCT20-10000-P,2020-10-01,24
BTC-30OCT20-10500-C,2020-09-01,24
BTC-30OCT20-10500-C,2020-10-01,24
BTC-30OCT20-10500-P,2020-09-01,24
BTC-30OCT20-10500-P,2020-10-01,24
BTC-30OCT20-11000-C,2020-09-01,24
BTC-30OCT20-11000-C,2020-10-01,24
BTC-30OCT20-11000-P,2020-09-01,24
BTC-30OCT20-11000-P,2020-10-01,24
BTC-30OCT20-11500-C,2020-09-01,24
BTC-30OCT20-11500-C,2020-10-01,24
BTC-30OCT20-11500-P,2020-09-01,24
BTC-30OCT20-11500-P,2020-10-01,24
BTC-30OCT20-12000-C,2020-09-01,24
BTC-30OCT20-12000-C,2020-10-01,24
BTC-30OCT20-12000-P,2020-09-01,24
BTC-30OCT20-12000-P,2020-10-01,24
BTC-30OCT20-12500-C,2020-09-01,24
BTC-30OCT20-12500-C,2020-10-01,24
BTC-30OCT20-12500-P,2020-09-01,24
BTC-30OCT20-12500-P,2020-10-01,24
BTC-30OCT20-13000-C,2020-09-01,24
BTC-30OCT20-13000-C,2020-10-01,24
BTC-30OCT20-13000-P,2020-09-01,24
BTC-30OCT20-13000-P,2020-10-01,24
BTC-30OCT20-14000-C,2020-09-01,24
BTC-30OCT20-14000-C,2020-10-01,24
BTC-30OCT20-14000-P,2020-09-01,9
BTC-30OCT20-14000-P,2020-10-01,24
BTC-30OCT20-15000-C,2020-09-01,24
BTC-30OCT20-15000-C,2020-10-01,24
BTC-30OCT20-15000-P,2020-09-01,9
BTC-30OCT20-15000-P,2020-10-01,24
BTC-30OCT20-16000-C,2020-09-01,24
BTC-30OCT20-16000-C,2020-10-01,24
BTC-30OCT20-16000-P,2020-09-01,9
BTC-30OCT20-16000-P,2020-10-01,24
BTC-30OCT20-18000-C,2020-09-01,24
BTC-30OCT20-18000-C,2020-10-01,24
BTC-30OCT20-18000-P,2020-09-01,9
BTC-30OCT20-20000-C,2020-09-01,24
BTC-30OCT20-20000-C,2020-10-01,24
BTC-30OCT20-20000-P,2020-09-01,9
BTC-30OCT20-20000-P,2020-10-01,9
BTC-30OCT20-6000-C,2020-10-01,24
BTC-30OCT20-6000-P,2020-10-01,17
BTC-30OCT20-7000-C,2020-10-01,24
BTC-30OCT20-7000-P,2020-10-01,23
BTC-30OCT20-8000-C,2020-09-01,24
BTC-30OCT20-8000-C,2020-10-01,24
BTC-30OCT20-8000-P,2020-09-01,24
BTC-30OCT20-8000-P,2020-10-01,24
BTC-30OCT20-9000-C,2020-09-01,24
BTC-30OCT20-9000-C,2020-10-01,24
BTC-30OCT20-9000-P,2020-09-01,24
BTC-30OCT20-9000-P,2020-10-01,24
BTC-30SEP22-10000-C,2022-07-01,5
BTC-30SEP22-10000-C,2022-09-01,11
BTC-30SEP22-10000-P,2022-07-01,21
BTC-30SEP22-10000-P,2022-09-01,12
BTC-30SEP22-100000-C,2021-10-01,14
BTC-30SEP22-100000-C,2021-11-01,24
BTC-30SEP22-100000-C,2021-12-01,24
BTC-30SEP22-100000-C,2022-01-01,15
BTC-30SEP22-12000-C,2022-07-01,5
BTC-30SEP22-12000-C,2022-09-01,20
BTC-30SEP22-12000-P,2022-07-01,24
BTC-30SEP22-12000-P,2022-08-01,24
BTC-30SEP22-12000-P,2022-09-01,24
BTC-30SEP22-120000-C,2021-11-01,24
BTC-30SEP22-120000-C,2021-12-01,24
BTC-30SEP22-15000-C,2022-09-01,19
BTC-30SEP22-15000-P,2022-07-01,24
BTC-30SEP22-15000-P,2022-08-01,24
BTC-30SEP22-15000-P,2022-09-01,24
BTC-30SEP22-16000-C,2022-07-01,5
BTC-30SEP22-16000-C,2022-09-01,20
BTC-30SEP22-16000-P,2022-07-01,24
BTC-30SEP22-16000-P,2022-08-01,24
BTC-30SEP22-16000-P,2022-09-01,24
BTC-30SEP22-17000-C,2022-07-01,9
BTC-30SEP22-17000-C,2022-09-01,24
BTC-30SEP22-17000-P,2022-07-01,24
BTC-30SEP22-17000-P,2022-08-01,24
BTC-30SEP22-17000-P,2022-09-01,24
BTC-30SEP22-18000-C,2022-07-01,15
BTC-30SEP22-18000-C,2022-09-01,24
BTC-30SEP22-18000-P,2022-07-01,24
BTC-30SEP22-18000-P,2022-08-01,24
BTC-30SEP22-18000-P,2022-09-01,24
BTC-30SEP22-19000-C,2022-07-01,23
BTC-30SEP22-19000-C,2022-08-01,11
BTC-30SEP22-19000-C,2022-09-01,24
BTC-30SEP22-19000-P,2022-07-01,24
BTC-30SEP22-19000-P,2022-08-01,24
BTC-30SEP22-19000-P,2022-09-01,24
BTC-30SEP22-20000-C,2022-02-01,4
BTC-30SEP22-20000-C,2022-05-01,17
BTC-30SEP22-20000-C,2022-06-01,19
BTC-30SEP22-20000-C,2022-07-01,24
BTC-30SEP22-20000-C,2022-08-01,24
BTC-30SEP22-20000-C,2022-09-01,24
BTC-30SEP22-20000-P,2022-02-01,5
BTC-30SEP22-20000-P,2022-05-01,24
BTC-30SEP22-20000-P,2022-06-01,24
BTC-30SEP22-20000-P,2022-07-01,24
BTC-30SEP22-20000-P,2022-08-01,24
BTC-30SEP22-20000-P,2022-09-01,24
BTC-30SEP22-21000-C,2022-07-01,24
BTC-30SEP22-21000-C,2022-08-01,24
BTC-30SEP22-21000-C,2022-09-01,24
BTC-30SEP22-21000-P,2022-07-01,17
BTC-30SEP22-21000-P,2022-08-01,24
BTC-30SEP22-21000-P,2022-09-01,24
BTC-30SEP22-22000-C,2022-07-01,24
BTC-30SEP22-22000-C,2022-08-01,24
BTC-30SEP22-22000-C,2022-09-01,24
BTC-30SEP22-22000-P,2022-07-01,24
BTC-30SEP22-22000-P,2022-08-01,24
BTC-30SEP22-22000-P,2022-09-01,23
BTC-30SEP22-23000-C,2022-07-01,24
BTC-30SEP22-23000-C,2022-08-01,24
BTC-30SEP22-23000-C,2022-09-01,24
BTC-30SEP22-23000-P,2022-07-01,15
BTC-30SEP22-23000-P,2022-08-01,24
BTC-30SEP22-23000-P,2022-09-01,14
BTC-30SEP22-24000-C,2022-06-01,16
BTC-30SEP22-24000-C,2022-07-01,24
BTC-30SEP22-24000-C,2022-08-01,24
BTC-30SEP22-24000-C,2022-09-01,24
BTC-30SEP22-24000-P,2022-06-01,24
BTC-30SEP22-24000-P,2022-07-01,24
BTC-30SEP22-24000-P,2022-08-01,24
BTC-30SEP22-24000-P,2022-09-01,24
BTC-30SEP22-25000-C,2021-10-01,10
BTC-30SEP22-25000-C,2022-02-01,17
BTC-30SEP22-25000-C,2022-03-01,16
BTC-30SEP22-25000-C,2022-04-01,13
BTC-30SEP22-25000-C,2022-05-01,14
BTC-30SEP22-25000-C,2022-06-01,16
BTC-30SEP22-25000-C,2022-07-01,24
BTC-30SEP22-25000-C,2022-08-01,24
BTC-30SEP22-25000-C,2022-09-01,24
BTC-30SEP22-25000-P,2021-10-01,10
BTC-30SEP22-25000-P,2022-01-01,9
BTC-30SEP22-25000-P,2022-02-01,24
BTC-30SEP22-25000-P,2022-03-01,24
BTC-30SEP22-25000-P,2022-04-01,24
BTC-30SEP22-25000-P,2022-05-01,24
BTC-30SEP22-25000-P,2022-06-01,24
BTC-30SEP22-25000-P,2022-07-01,24
BTC-30SEP22-25000-P,2022-08-01,24
BTC-30SEP22-26000-C,2022-06-01,16
BTC-30SEP22-26000-C,2022-07-01,24
BTC-30SEP22-26000-C,2022-08-01,24
BTC-30SEP22-26000-C,2022-09-01,24
BTC-30SEP22-26000-P,2022-06-01,24
BTC-30SEP22-26000-P,2022-07-01,24
BTC-30SEP22-26000-P,2022-08-01,24
BTC-30SEP22-28000-C,2022-06-01,19
BTC-30SEP22-28000-C,2022-07-01,24
BTC-30SEP22-28000-C,2022-08-01,24
BTC-30SEP22-28000-C,2022-09-01,24
BTC-30SEP22-28000-P,2022-06-01,24
BTC-30SEP22-28000-P,2022-07-01,24
BTC-30SEP22-28000-P,2022-08-01,24
BTC-30SEP22-30000-C,2021-10-01,24
BTC-30SEP22-30000-C,2022-01-01,14
BTC-30SEP22-30000-C,2022-02-01,17
BTC-30SEP22-30000-C,2022-03-01,18
BTC-30SEP22-30000-C,2022-04-01,22
BTC-30SEP22-30000-C,2022-05-01,15
BTC-30SEP22-30000-C,2022-06-01,24
BTC-30SEP22-30000-C,2022-07-01,24
BTC-30SEP22-30000-C,2022-08-01,24
BTC-30SEP22-30000-C,2022-09-01,24
BTC-30SEP22-30000-P,2021-10-01,24
BTC-30SEP22-30000-P,2022-01-01,24
BTC-30SEP22-30000-P,2022-02-01,24
BTC-30SEP22-30000-P,2022-03-01,24
BTC-30SEP22-30000-P,2022-04-01,24
BTC-30SEP22-30000-P,2022-05-01,24
BTC-30SEP22-30000-P,2022-06-01,24
BTC-30SEP22-30000-P,2022-07-01,24
BTC-30SEP22-30000-P,2022-08-01,24
BTC-30SEP22-32000-C,2022-06-01,24
BTC-30SEP22-32000-C,2022-07-01,24
BTC-30SEP22-32000-C,2022-08-01,24
BTC-30SEP22-32000-C,2022-09-01,24
BTC-30SEP22-32000-P,2022-06-01,24
BTC-30SEP22-32000-P,2022-08-01,8
BTC-30SEP22-34000-C,2022-06-01,24
BTC-30SEP22-34000-C,2022-07-01,24
BTC-30SEP22-34000-C,2022-08-01,24
BTC-30SEP22-34000-C,2022-09-01,22
BTC-30SEP22-34000-P,2022-06-01,24
BTC-30SEP22-35000-C,2022-02-01,18
BTC-30SEP22-35000-C,2022-03-01,20
BTC-30SEP22-35000-C,2022-04-01,20
BTC-30SEP22-35000-C,2022-05-01,24
BTC-30SEP22-35000-C,2022-06-01,24
BTC-30SEP22-35000-C,2022-07-01,24
BTC-30SEP22-35000-C,2022-08-01,24
BTC-30SEP22-35000-C,2022-09-01,17
BTC-30SEP22-35000-P,2022-02-01,24
BTC-30SEP22-35000-P,2022-03-01,24
BTC-30SEP22-35000-P,2022-04-01,24
BTC-30SEP22-35000-P,2022-05-01,24
BTC-30SEP22-35000-P,2022-06-01,17
BTC-30SEP22-35000-P,2022-07-01,24
BTC-30SEP22-35000-P,2022-08-01,24
BTC-30SEP22-36000-C,2022-06-01,24
BTC-30SEP22-36000-C,2022-07-01,24
BTC-30SEP22-36000-C,2022-08-01,24
BTC-30SEP22-36000-P,2022-06-01,16
BTC-30SEP22-40000-C,2021-10-01,23
BTC-30SEP22-40000-C,2021-11-01,24
BTC-30SEP22-40000-C,2021-12-01,24
BTC-30SEP22-40000-C,2022-01-01,14
BTC-30SEP22-40000-C,2022-02-01,24
BTC-30SEP22-40000-C,2022-03-01,20
BTC-30SEP22-40000-C,2022-04-01,20
BTC-30SEP22-40000-C,2022-05-01,24
BTC-30SEP22-40000-C,2022-06-01,24
BTC-30SEP22-40000-C,2022-08-01,24
BTC-30SEP22-40000-P,2021-10-01,24
BTC-30SEP22-40000-P,2021-11-01,24
BTC-30SEP22-40000-P,2021-12-01,24
BTC-30SEP22-40000-P,2022-01-01,24
BTC-30SEP22-40000-P,2022-02-01,24
BTC-30SEP22-40000-P,2022-03-01,24
BTC-30SEP22-40000-P,2022-04-01,24
BTC-30SEP22-40000-P,2022-05-01,24
BTC-30SEP22-40000-P,2022-06-01,17
BTC-30SEP22-40000-P,2022-08-01,23
BTC-30SEP22-45000-C,2022-02-01,24
BTC-30SEP22-45000-C,2022-03-01,24
BTC-30SEP22-45000-C,2022-04-01,24
BTC-30SEP22-45000-C,2022-05-01,24
BTC-30SEP22-45000-C,2022-06-01,24
BTC-30SEP22-45000-C,2022-08-01,24
BTC-30SEP22-45000-P,2022-02-01,22
BTC-30SEP22-45000-P,2022-03-01,24
BTC-30SEP22-45000-P,2022-04-01,24
BTC-30SEP22-45000-P,2022-05-01,24
BTC-30SEP22-45000-P,2022-06-01,16
BTC-30SEP22-45000-P,2022-08-01,24
BTC-30SEP22-50000-C,2021-10-01,24
BTC-30SEP22-50000-C,2021-11-01,23
BTC-30SEP22-50000-C,2021-12-01,24
BTC-30SEP22-50000-C,2022-01-01,16
BTC-30SEP22-50000-C,2022-02-01,24
BTC-30SEP22-50000-C,2022-03-01,24
BTC-30SEP22-50000-C,2022-04-01,24
BTC-30SEP22-50000-C,2022-05-01,24
BTC-30SEP22-50000-C,2022-06-01,24
BTC-30SEP22-50000-P,2021-10-01,23
BTC-30SEP22-50000-P,2021-11-01,24
BTC-30SEP22-50000-P,2021-12-01,24
BTC-30SEP22-50000-P,2022-01-01,16
BTC-30SEP22-50000-P,2022-02-01,24
BTC-30SEP22-50000-P,2022-03-01,11
BTC-30SEP22-50000-P,2022-04-01,23
BTC-30SEP22-50000-P,2022-05-01,24
BTC-30SEP22-50000-P,2022-06-01,24
BTC-30SEP22-55000-C,2022-02-01,24
BTC-30SEP22-55000-C,2022-03-01,24
BTC-30SEP22-55000-C,2022-04-01,24
BTC-30SEP22-55000-C,2022-05-01,24
BTC-30SEP22-55000-C,2022-06-01,24
BTC-30SEP22-55000-P,2022-02-01,6
BTC-30SEP22-55000-P,2022-03-01,11
BTC-30SEP22-55000-P,2022-04-01,20
BTC-30SEP22-55000-P,2022-05-01,24
BTC-30SEP22-60000-C,2021-10-01,24
BTC-30SEP22-60000-C,2021-11-01,23
BTC-30SEP22-60000-C,2021-12-01,24
BTC-30SEP22-60000-C,2022-01-01,24
BTC-30SEP22-60000-C,2022-02-01,24
BTC-30SEP22-60000-C,2022-03-01,24
BTC-30SEP22-60000-C,2022-04-01,24
BTC-30SEP22-60000-C,2022-05-01,24
BTC-30SEP22-60000-C,2022-06-01,22
BTC-30SEP22-60000-P,2021-10-01,23
BTC-30SEP22-60000-P,2021-11-01,24
BTC-30SEP22-60000-P,2021-12-01,24
BTC-30SEP22-60000-P,2022-01-01,14
BTC-30SEP22-60000-P,2022-02-01,24
BTC-30SEP22-60000-P,2022-03-01,12
BTC-30SEP22-60000-P,2022-04-01,9
BTC-30SEP22-60000-P,2022-05-01,24
BTC-30SEP22-65000-C,2022-03-01,23
BTC-30SEP22-65000-C,2022-04-01,24
BTC-30SEP22-65000-C,2022-05-01,24
BTC-30SEP22-65000-P,2022-03-01,12
BTC-30SEP22-65000-P,2022-04-01,9
BTC-30SEP22-70000-C,2021-10-01,24
BTC-30SEP22-70000-C,2021-11-01,24
BTC-30SEP22-70000-C,2021-12-01,24
BTC-30SEP22-70000-C,2022-01-01,24
BTC-30SEP22-70000-C,2022-02-01,24
BTC-30SEP22-70000-C,2022-03-01,24
BTC-30SEP22-70000-C,2022-04-01,24
BTC-30SEP22-70000-C,2022-05-01,24
BTC-30SEP22-70000-P,2021-11-01,22
BTC-30SEP22-70000-P,2021-12-01,17
BTC-30SEP22-70000-P,2022-03-01,12
BTC-30SEP22-70000-P,2022-04-01,10
BTC-30SEP22-80000-C,2021-10-01,24
BTC-30SEP22-80000-C,2021-11-01,24
BTC-30SEP22-80000-C,2021-12-01,24
BTC-30SEP22-80000-C,2022-01-01,24
BTC-30SEP22-80000-C,2022-02-01,18
BTC-30SEP22-80000-C,2022-03-01,24
BTC-30SEP22-80000-C,2022-04-01,24
BTC-30SEP22-80000-P,2021-11-01,5
BTC-30SEP22-80000-P,2021-12-01,4
BTC-30SEP22-80000-P,2022-03-01,12
BTC-30SEP22-80000-P,2022-04-01,9
BTC-30SEP22-90000-C,2021-11-01,24
BTC-30SEP22-90000-C,2021-12-01,24
BTC-30SEP22-90000-C,2022-01-01,24
BTC-30SEP22-90000-C,2022-03-01,5
BTC-30SEP22-90000-C,2022-04-01,24
BTC-30SEP22-90000-P,2021-11-01,5
BTC-31DEC21-100000-C,2021-03-01,24
BTC-31DEC21-100000-C,2021-04-01,24
BTC-31DEC21-100000-C,2021-05-01,24
BTC-31DEC21-100000-C,2021-09-01,6
BTC-31DEC21-100000-C,2021-11-01,24
BTC-31DEC21-100000-C,2021-12-01,24
BTC-31DEC21-100000-P,2021-04-01,7
BTC-31DEC21-100000-P,2021-09-01,6
BTC-31DEC21-100000-P,2021-11-01,23
BTC-31DEC21-100000-P,2021-12-01,23
BTC-31DEC21-110000-C,2021-11-01,24
BTC-31DEC21-110000-C,2021-12-01,7
BTC-31DEC21-120000-C,2021-04-01,24
BTC-31DEC21-120000-C,2021-05-01,24
BTC-31DEC21-120000-C,2021-11-01,24
BTC-31DEC21-140000-C,2021-04-01,7
BTC-31DEC21-18000-C,2021-07-01,17
BTC-31DEC21-18000-P,2021-07-01,23
BTC-31DEC21-20000-C,2021-01-01,24
BTC-31DEC21-20000-C,2021-02-01,24
BTC-31DEC21-20000-C,2021-06-01,23
BTC-31DEC21-20000-C,2021-07-01,17
BTC-31DEC21-20000-P,2021-01-01,24
BTC-31DEC21-20000-P,2021-02-01,24
BTC-31DEC21-20000-P,2021-06-01,24
BTC-31DEC21-20000-P,2021-07-01,23
BTC-31DEC21-22000-C,2021-01-01,24
BTC-31DEC21-22000-C,2021-02-01,23
BTC-31DEC21-22000-C,2021-06-01,23
BTC-31DEC21-22000-C,2021-07-01,17
BTC-31DEC21-22000-C,2021-08-01,20
BTC-31DEC21-22000-P,2021-01-01,24
BTC-31DEC21-22000-P,2021-02-01,24
BTC-31DEC21-22000-P,2021-06-01,24
BTC-31DEC21-22000-P,2021-07-01,23
BTC-31DEC21-22000-P,2021-08-01,23
BTC-31DEC21-24000-C,2021-01-01,24
BTC-31DEC21-24000-C,2021-02-01,23
BTC-31DEC21-24000-C,2021-06-01,23
BTC-31DEC21-24000-C,2021-07-01,18
BTC-31DEC21-24000-C,2021-08-01,20
BTC-31DEC21-24000-C,2021-10-01,11
BTC-31DEC21-24000-P,2021-01-01,24
BTC-31DEC21-24000-P,2021-02-01,24
BTC-31DEC21-24000-P,2021-06-01,24
BTC-31DEC21-24000-P,2021-07-01,23
BTC-31DEC21-24000-P,2021-08-01,24
BTC-31DEC21-24000-P,2021-10-01,12
BTC-31DEC21-26000-C,2021-01-01,24
BTC-31DEC21-26000-C,2021-02-01,23
BTC-31DEC21-26000-C,2021-06-01,24
BTC-31DEC21-26000-C,2021-07-01,15
BTC-31DEC21-26000-C,2021-08-01,20
BTC-31DEC21-26000-C,2021-09-01,20
BTC-31DEC21-26000-C,2021-10-01,23
BTC-31DEC21-26000-P,2021-01-01,24
BTC-31DEC21-26000-P,2021-02-01,24
BTC-31DEC21-26000-P,2021-06-01,24
BTC-31DEC21-26000-P,2021-07-01,23
BTC-31DEC21-26000-P,2021-08-01,24
BTC-31DEC21-26000-P,2021-09-01,24
BTC-31DEC21-26000-P,2021-10-01,24
BTC-31DEC21-28000-C,2021-01-01,24
BTC-31DEC21-28000-C,2021-02-01,23
BTC-31DEC21-28000-C,2021-03-01,15
BTC-31DEC21-28000-C,2021-06-01,23
BTC-31DEC21-28000-C,2021-07-01,20
BTC-31DEC21-28000-C,2021-08-01,22
BTC-31DEC21-28000-C,2021-09-01,24
BTC-31DEC21-28000-C,2021-10-01,24
BTC-31DEC21-28000-P,2021-01-01,24
BTC-31DEC21-28000-P,2021-02-01,24
BTC-31DEC21-28000-P,2021-03-01,16
BTC-31DEC21-28000-P,2021-06-01,24
BTC-31DEC21-28000-P,2021-07-01,23
BTC-31DEC21-28000-P,2021-08-01,24
BTC-31DEC21-28000-P,2021-09-01,24
BTC-31DEC21-28000-P,2021-10-01,24
BTC-31DEC21-30000-C,2021-07-01,23
BTC-31DEC21-30000-C,2021-08-01,20
BTC-31DEC21-30000-C,2021-09-01,20
BTC-31DEC21-30000-C,2021-10-01,23
BTC-31DEC21-30000-C,2021-12-01,21
BTC-31DEC21-30000-P,2021-07-01,23
BTC-31DEC21-30000-P,2021-08-01,24
BTC-31DEC21-30000-P,2021-09-01,24
BTC-31DEC21-30000-P,2021-10-01,24
BTC-31DEC21-30000-P,2021-12-01,11
BTC-31DEC21-32000-C,2021-01-01,24
BTC-31DEC21-32000-C,2021-02-01,24
BTC-31DEC21-32000-C,2021-03-01,24
BTC-31DEC21-32000-C,2021-06-01,24
BTC-31DEC21-32000-C,2021-07-01,20
BTC-31DEC21-32000-C,2021-08-01,22
BTC-31DEC21-32000-C,2021-09-01,20
BTC-31DEC21-32000-C,2021-10-01,24
BTC-31DEC21-32000-C,2021-11-01,24
BTC-31DEC21-32000-C,2021-12-01,21
BTC-31DEC21-32000-P,2021-01-01,24
BTC-31DEC21-32000-P,2021-02-01,24
BTC-31DEC21-32000-P,2021-03-01,24
BTC-31DEC21-32000-P,2021-06-01,24
BTC-31DEC21-32000-P,2021-07-01,23
BTC-31DEC21-32000-P,2021-08-01,24
BTC-31DEC21-32000-P,2021-09-01,24
BTC-31DEC21-32000-P,2021-10-01,24
BTC-31DEC21-32000-P,2021-11-01,24
BTC-31DEC21-32000-P,2021-12-01,21
BTC-31DEC21-34000-C,2021-08-01,22
BTC-31DEC21-34000-C,2021-09-01,22
BTC-31DEC21-34000-C,2021-10-01,24
BTC-31DEC21-34000-C,2021-11-01,23
BTC-31DEC21-34000-C,2021-12-01,24
BTC-31DEC21-34000-P,2021-08-01,24
BTC-31DEC21-34000-P,2021-09-01,24
BTC-31DEC21-34000-P,2021-10-01,24
BTC-31DEC21-34000-P,2021-11-01,24
BTC-31DEC21-34000-P,2021-12-01,24
BTC-31DEC21-36000-C,2021-07-01,23
BTC-31DEC21-36000-C,2021-08-01,22
BTC-31DEC21-36000-C,2021-09-01,24
BTC-31DEC21-36000-C,2021-10-01,24
BTC-31DEC21-36000-C,2021-11-01,24
BTC-31DEC21-36000-C,2021-12-01,24
BTC-31DEC21-36000-P,2021-07-01,23
BTC-31DEC21-36000-P,2021-08-01,24
BTC-31DEC21-36000-P,2021-09-01,24
BTC-31DEC21-36000-P,2021-10-01,24
BTC-31DEC21-36000-P,2021-11-01,24
BTC-31DEC21-36000-P,2021-12-01,24
BTC-31DEC21-38000-C,2021-08-01,20
BTC-31DEC21-38000-C,2021-09-01,24
BTC-31DEC21-38000-C,2021-10-01,23
BTC-31DEC21-38000-C,2021-11-01,21
BTC-31DEC21-38000-C,2021-12-01,19
BTC-31DEC21-38000-P,2021-08-01,24
BTC-31DEC21-38000-P,2021-09-01,24
BTC-31DEC21-38000-P,2021-10-01,24
BTC-31DEC21-38000-P,2021-11-01,24
BTC-31DEC21-38000-P,2021-12-01,24
BTC-31DEC21-40000-C,2021-01-01,24
BTC-31DEC21-40000-C,2021-02-01,24
BTC-31DEC21-40000-C,2021-03-01,24
BTC-31DEC21-40000-C,2021-04-01,24
BTC-31DEC21-40000-C,2021-05-01,24
BTC-31DEC21-40000-C,2021-06-01,24
BTC-31DEC21-40000-C,2021-07-01,23
BTC-31DEC21-40000-C,2021-08-01,24
BTC-31DEC21-40000-C,2021-09-01,24
BTC-31DEC21-40000-C,2021-10-01,24
BTC-31DEC21-40000-C,2021-11-01,24
BTC-31DEC21-40000-C,2021-12-01,24
BTC-31DEC21-40000-P,2021-01-01,24
BTC-31DEC21-40000-P,2021-02-01,10
BTC-31DEC21-40000-P,2021-03-01,24
BTC-31DEC21-40000-P,2021-04-01,24
BTC-31DEC21-40000-P,2021-05-01,24
BTC-31DEC21-40000-P,2021-06-01,19
BTC-31DEC21-40000-P,2021-07-01,23
BTC-31DEC21-40000-P,2021-08-01,24
BTC-31DEC21-40000-P,2021-09-01,24
BTC-31DEC21-40000-P,2021-10-01,24
BTC-31DEC21-40000-P,2021-11-01,24
BTC-31DEC21-40000-P,2021-12-01,24
BTC-31DEC21-42000-C,2021-08-01,24
BTC-31DEC21-42000-C,2021-09-01,24
BTC-31DEC21-42000-C,2021-10-01,24
BTC-31DEC21-42000-C,2021-11-01,24
BTC-31DEC21-42000-C,2021-12-01,24
BTC-31DEC21-42000-P,2021-08-01,24
BTC-31DEC21-42000-P,2021-09-01,24
BTC-31DEC21-42000-P,2021-10-01,24
BTC-31DEC21-42000-P,2021-11-01,24
BTC-31DEC21-42000-P,2021-12-01,24
BTC-31DEC21-44000-C,2021-07-01,23
BTC-31DEC21-44000-C,2021-08-01,24
BTC-31DEC21-44000-C,2021-09-01,24
BTC-31DEC21-44000-C,2021-10-01,24
BTC-31DEC21-44000-C,2021-11-01,24
BTC-31DEC21-44000-C,2021-12-01,24
BTC-31DEC21-44000-P,2021-07-01,6
BTC-31DEC21-44000-P,2021-08-01,22
BTC-31DEC21-44000-P,2021-09-01,24
BTC-31DEC21-44000-P,2021-10-01,24
BTC-31DEC21-44000-P,2021-11-01,24
BTC-31DEC21-44000-P,2021-12-01,24
BTC-31DEC21-46000-C,2021-08-01,24
BTC-31DEC21-46000-C,2021-09-01,24
BTC-31DEC21-46000-C,2021-10-01,24
BTC-31DEC21-46000-C,2021-11-01,24
BTC-31DEC21-46000-C,2021-12-01,24
BTC-31DEC21-46000-P,2021-08-01,22
BTC-31DEC21-46000-P,2021-09-01,24
BTC-31DEC21-46000-P,2021-10-01,24
BTC-31DEC21-46000-P,2021-11-01,24
BTC-31DEC21-46000-P,2021-12-01,24
BTC-31DEC21-48000-C,2021-01-01,24
BTC-31DEC21-48000-C,2021-02-01,24
BTC-31DEC21-48000-C,2021-03-01,24
BTC-31DEC21-48000-C,2021-04-01,24
BTC-31DEC21-48000-C,2021-05-01,24
BTC-31DEC21-48000-C,2021-06-01,24
BTC-31DEC21-48000-C,2021-07-01,23
BTC-31DEC21-48000-C,2021-08-01,24
BTC-31DEC21-48000-C,2021-09-01,24
BTC-31DEC21-48000-C,2021-10-01,24
BTC-31DEC21-48000-C,2021-11-01,24
BTC-31DEC21-48000-C,2021-12-01,24
BTC-31DEC21-48000-P,2021-01-01,24
BTC-31DEC21-48000-P,2021-03-01,24
BTC-31DEC21-48000-P,2021-04-01,24
BTC-31DEC21-48000-P,2021-05-01,24
BTC-31DEC21-48000-P,2021-09-01,24
BTC-31DEC21-48000-P,2021-10-01,24
BTC-31DEC21-48000-P,2021-11-01,24
BTC-31DEC21-48000-P,2021-12-01,24
BTC-31DEC21-50000-C,2021-03-01,24
BTC-31DEC21-50000-C,2021-04-01,24
BTC-31DEC21-50000-C,2021-05-01,24
BTC-31DEC21-50000-C,2021-06-01,24
BTC-31DEC21-50000-C,2021-07-01,23
BTC-31DEC21-50000-C,2021-08-01,24
BTC-31DEC21-50000-C,2021-09-01,24
BTC-31DEC21-50000-C,2021-10-01,24
BTC-31DEC21-50000-C,2021-11-01,24
BTC-31DEC21-50000-C,2021-12-01,24
BTC-31DEC21-50000-P,2021-03-01,24
BTC-31DEC21-50000-P,2021-04-01,24
BTC-31DEC21-50000-P,2021-05-01,24
BTC-31DEC21-50000-P,2021-09-01,24
BTC-31DEC21-50000-P,2021-10-01,24
BTC-31DEC21-50000-P,2021-11-01,24
BTC-31DEC21-50000-P,2021-12-01,24
BTC-31DEC21-52000-C,2021-08-01,24
BTC-31DEC21-52000-C,2021-09-01,24
BTC-31DEC21-52000-C,2021-10-01,24
BTC-31DEC21-52000-C,2021-11-01,24
BTC-31DEC21-52000-C,2021-12-01,24
BTC-31DEC21-52000-P,2021-09-01,24
BTC-31DEC21-52000-P,2021-10-01,12
BTC-31DEC21-52000-P,2021-11-01,24
BTC-31DEC21-52000-P,2021-12-01,24
BTC-31DEC21-54000-C,2021-08-01,24
BTC-31DEC21-54000-C,2021-09-01,24
BTC-31DEC21-54000-C,2021-10-01,24
BTC-31DEC21-54000-C,2021-11-01,24
BTC-31DEC21-54000-C,2021-12-01,24
BTC-31DEC21-54000-P,2021-09-01,22
BTC-31DEC21-54000-P,2021-10-01,15
BTC-31DEC21-54000-P,2021-11-01,24
BTC-31DEC21-54000-P,2021-12-01,24
BTC-31DEC21-56000-C,2021-08-01,24
BTC-31DEC21-56000-C,2021-09-01,24
BTC-31DEC21-56000-C,2021-10-01,24
BTC-31DEC21-56000-C,2021-11-01,24
BTC-31DEC21-56000-C,2021-12-01,24
BTC-31DEC21-56000-P,2021-09-01,17
BTC-31DEC21-56000-P,2021-10-01,10
BTC-31DEC21-56000-P,2021-11-01,24
BTC-31DEC21-56000-P,2021-12-01,24
BTC-31DEC21-60000-C,2021-05-01,24
BTC-31DEC21-60000-C,2021-06-01,24
BTC-31DEC21-60000-C,2021-07-01,23
BTC-31DEC21-60000-C,2021-08-01,24
BTC-31DEC21-60000-C,2021-09-01,24
BTC-31DEC21-60000-C,2021-10-01,24
BTC-31DEC21-60000-C,2021-11-01,24
BTC-31DEC21-60000-C,2021-12-01,24
BTC-31DEC21-60000-P,2021-05-01,24
BTC-31DEC21-60000-P,2021-09-01,24
BTC-31DEC21-60000-P,2021-10-01,24
BTC-31DEC21-60000-P,2021-11-01,24
BTC-31DEC21-60000-P,2021-12-01,24
BTC-31DEC21-64000-C,2021-01-01,24
BTC-31DEC21-64000-C,2021-02-01,24
BTC-31DEC21-64000-C,2021-03-01,24
BTC-31DEC21-64000-C,2021-04-01,24
BTC-31DEC21-64000-C,2021-05-01,24
BTC-31DEC21-64000-C,2021-06-01,24
BTC-31DEC21-64000-C,2021-07-01,23
BTC-31DEC21-64000-C,2021-08-01,24
BTC-31DEC21-64000-C,2021-09-01,24
BTC-31DEC21-64000-C,2021-10-01,24
BTC-31DEC21-64000-C,2021-11-01,24
BTC-31DEC21-64000-C,2021-12-01,24
BTC-31DEC21-64000-P,2021-01-01,24
BTC-31DEC21-64000-P,2021-04-01,24
BTC-31DEC21-64000-P,2021-05-01,24
BTC-31DEC21-64000-P,2021-09-01,23
BTC-31DEC21-64000-P,2021-10-01,24
BTC-31DEC21-64000-P,2021-11-01,24
BTC-31DEC21-64000-P,2021-12-01,24
BTC-31DEC21-65000-C,2021-11-01,24
BTC-31DEC21-65000-C,2021-12-01,24
BTC-31DEC21-65000-P,2021-11-01,24
BTC-31DEC21-65000-P,2021-12-01,24
BTC-31DEC21-70000-C,2021-09-01,24
BTC-31DEC21-70000-C,2021-10-01,24
BTC-31DEC21-70000-C,2021-11-01,24
BTC-31DEC21-70000-C,2021-12-01,24
BTC-31DEC21-70000-P,2021-11-01,24
BTC-31DEC21-70000-P,2021-12-01,24
BTC-31DEC21-75000-C,2021-11-01,24
BTC-31DEC21-75000-C,2021-12-01,24
BTC-31DEC21-75000-P,2021-11-01,5
BTC-31DEC21-80000-C,2021-03-01,24
BTC-31DEC21-80000-C,2021-04-01,24
BTC-31DEC21-80000-C,2021-05-01,24
BTC-31DEC21-80000-C,2021-08-01,24
BTC-31DEC21-80000-C,2021-09-01,24
BTC-31DEC21-80000-C,2021-10-01,24
BTC-31DEC21-80000-C,2021-11-01,24
BTC-31DEC21-80000-C,2021-12-01,24
BTC-31DEC21-80000-P,2021-04-01,11
BTC-31DEC21-80000-P,2021-09-01,23
BTC-31DEC21-80000-P,2021-10-01,23
BTC-31DEC21-80000-P,2021-11-01,23
BTC-31DEC21-80000-P,2021-12-01,23
BTC-31DEC21-85000-C,2021-11-01,24
BTC-31DEC21-85000-C,2021-12-01,24
BTC-31DEC21-90000-C,2021-09-01,24
BTC-31DEC21-90000-C,2021-10-01,17
BTC-31DEC21-90000-C,2021-11-01,24
BTC-31DEC21-90000-C,2021-12-01,24
BTC-31DEC21-95000-C,2021-11-01,24
BTC-31DEC21-95000-C,2021-12-01,24
BTC-31JAN20-10000-C,2020-01-01,24
BTC-31JAN20-10000-P,2020-01-01,11
BTC-31JAN20-10500-C,2020-01-01,24
BTC-31JAN20-10500-P,2020-01-01,11
BTC-31JAN20-11000-C,2020-01-01,24
BTC-31JAN20-11000-P,2020-01-01,11
BTC-31JAN20-11500-C,2020-01-01,4
BTC-31JAN20-12000-C,2020-01-01,6
BTC-31JAN20-5000-C,2020-01-01,24
BTC-31JAN20-5000-P,2020-01-01,24
BTC-31JAN20-5500-C,2020-01-01,24
BTC-31JAN20-5500-P,2020-01-01,24
BTC-31JAN20-6000-C,2020-01-01,24
BTC-31JAN20-6000-P,2020-01-01,24
BTC-31JAN20-6500-C,2020-01-01,24
BTC-31JAN20-6500-P,2020-01-01,24
BTC-31JAN20-7000-C,2020-01-01,24
BTC-31JAN20-7000-P,2020-01-01,24
BTC-31JAN20-7500-C,2020-01-01,24
BTC-31JAN20-7500-P,2020-01-01,24
BTC-31JAN20-8000-C,2020-01-01,24
BTC-31JAN20-8000-P,2020-01-01,24
BTC-31JAN20-8500-C,2020-01-01,24
BTC-31JAN20-9000-C,2020-01-01,24
BTC-31JAN20-9000-P,2020-01-01,14
BTC-31JAN20-9500-C,2020-01-01,24
BTC-31JAN20-9500-P,2020-01-01,11
BTC-31JUL20-10000-C,2020-06-01,24
BTC-31JUL20-10000-C,2020-07-01,24
BTC-31JUL20-10000-P,2020-06-01,24
BTC-31JUL20-10000-P,2020-07-01,24
BTC-31JUL20-10500-C,2020-06-01,24
BTC-31JUL20-10500-C,2020-07-01,24
BTC-31JUL20-10500-P,2020-06-01,11
BTC-31JUL20-10500-P,2020-07-01,24
BTC-31JUL20-11000-C,2020-06-01,24
BTC-31JUL20-11000-C,2020-07-01,24
BTC-31JUL20-11000-P,2020-06-01,11
BTC-31JUL20-11000-P,2020-07-01,24
BTC-31JUL20-11500-C,2020-06-01,24
BTC-31JUL20-11500-C,2020-07-01,24
BTC-31JUL20-11500-P,2020-07-01,24
BTC-31JUL20-12000-C,2020-06-01,24
BTC-31JUL20-12000-C,2020-07-01,24
BTC-31JUL20-12000-P,2020-07-01,22
BTC-31JUL20-13000-C,2020-06-01,24
BTC-31JUL20-13000-C,2020-07-01,24
BTC-31JUL20-13000-P,2020-07-01,24
BTC-31JUL20-14000-C,2020-06-01,24
BTC-31JUL20-14000-C,2020-07-01,24
BTC-31JUL20-14000-P,2020-07-01,24
BTC-31JUL20-15000-C,2020-06-01,24
BTC-31JUL20-15000-C,2020-07-01,23
BTC-31JUL20-15000-P,2020-07-01,23
BTC-31JUL20-16000-C,2020-06-01,24
BTC-31JUL20-16000-C,2020-07-01,12
BTC-31JUL20-16000-P,2020-07-01,24
BTC-31JUL20-18000-P,2020-07-01,23
BTC-31JUL20-5000-C,2020-06-01,23
BTC-31JUL20-5000-C,2020-07-01,23
BTC-31JUL20-5000-P,2020-06-01,22
BTC-31JUL20-5500-C,2020-06-01,24
BTC-31JUL20-5500-C,2020-07-01,24
BTC-31JUL20-5500-P,2020-06-01,23
BTC-31JUL20-5500-P,2020-07-01,11
BTC-31JUL20-6000-C,2020-06-01,24
BTC-31JUL20-6000-C,2020-07-01,24
BTC-31JUL20-6000-P,2020-06-01,24
BTC-31JUL20-6000-P,2020-07-01,22
BTC-31JUL20-6500-C,2020-06-01,24
BTC-31JUL20-6500-C,2020-07-01,22
BTC-31JUL20-6500-P,2020-06-01,24
BTC-31JUL20-6500-P,2020-07-01,24
BTC-31JUL20-7000-C,2020-06-01,24
BTC-31JUL20-7000-C,2020-07-01,22
BTC-31JUL20-7000-P,2020-06-01,24
BTC-31JUL20-7000-P,2020-07-01,24
BTC-31JUL20-7500-C,2020-06-01,24
BTC-31JUL20-7500-C,2020-07-01,23
BTC-31JUL20-7500-P,2020-06-01,24
BTC-31JUL20-7500-P,2020-07-01,24
BTC-31JUL20-8000-C,2020-06-01,24
BTC-31JUL20-8000-C,2020-07-01,23
BTC-31JUL20-8000-P,2020-06-01,24
BTC-31JUL20-8000-P,2020-07-01,24
BTC-31JUL20-8500-C,2020-06-01,24
BTC-31JUL20-8500-C,2020-07-01,24
BTC-31JUL20-8500-P,2020-06-01,24
BTC-31JUL20-8500-P,2020-07-01,24
BTC-31JUL20-8750-C,2020-07-01,10
BTC-31JUL20-8750-P,2020-07-01,24
BTC-31JUL20-9000-C,2020-06-01,24
BTC-31JUL20-9000-C,2020-07-01,24
BTC-31JUL20-9000-P,2020-06-01,24
BTC-31JUL20-9000-P,2020-07-01,24
BTC-31JUL20-9250-C,2020-07-01,24
BTC-31JUL20-9250-P,2020-07-01,24
BTC-31JUL20-9500-C,2020-06-01,24
BTC-31JUL20-9500-C,2020-07-01,24
BTC-31JUL20-9500-P,2020-06-01,24
BTC-31JUL20-9500-P,2020-07-01,24
BTC-31JUL20-9750-C,2020-07-01,24
BTC-31JUL20-9750-P,2020-07-01,24
BTC-31MAR23-10000-C,2022-09-01,9
BTC-31MAR23-10000-C,2022-10-01,19
BTC-31MAR23-10000-C,2022-12-01,21
BTC-31MAR23-10000-P,2022-07-01,20
BTC-31MAR23-10000-P,2022-09-01,9
BTC-31MAR23-10000-P,2022-10-01,24
BTC-31MAR23-10000-P,2022-12-01,24
BTC-31MAR23-11000-C,2022-10-01,19
BTC-31MAR23-11000-C,2022-11-01,19
BTC-31MAR23-11000-C,2022-12-01,21
BTC-31MAR23-11000-P,2022-10-01,24
BTC-31MAR23-11000-P,2022-11-01,24
BTC-31MAR23-11000-P,2022-12-01,24
BTC-31MAR23-12000-C,2022-10-01,19
BTC-31MAR23-12000-C,2022-11-01,19
BTC-31MAR23-12000-C,2022-12-01,21
BTC-31MAR23-12000-P,2022-10-01,24
BTC-31MAR23-12000-P,2022-11-01,24
BTC-31MAR23-12000-P,2022-12-01,24
BTC-31MAR23-13000-C,2022-07-01,5
BTC-31MAR23-13000-C,2022-09-01,20
BTC-31MAR23-13000-C,2022-10-01,19
BTC-31MAR23-13000-C,2022-11-01,19
BTC-31MAR23-13000-C,2022-12-01,24
BTC-31MAR23-13000-P,2022-07-01,23
BTC-31MAR23-13000-P,2022-08-01,24
BTC-31MAR23-13000-P,2022-09-01,24
BTC-31MAR23-13000-P,2022-10-01,24
BTC-31MAR23-13000-P,2022-11-01,24
BTC-31MAR23-13000-P,2022-12-01,24
BTC-31MAR23-14000-C,2022-09-01,20
BTC-31MAR23-14000-C,2022-10-01,19
BTC-31MAR23-14000-C,2022-11-01,19
BTC-31MAR23-14000-C,2022-12-01,24
BTC-31MAR23-14000-P,2022-07-01,23
BTC-31MAR23-14000-P,2022-08-01,24
BTC-31MAR23-14000-P,2022-09-01,24
BTC-31MAR23-14000-P,2022-10-01,24
BTC-31MAR23-14000-P,2022-11-01,24
BTC-31MAR23-14000-P,2022-12-01,24
BTC-31MAR23-15000-C,2022-07-01,5
BTC-31MAR23-15000-C,2022-09-01,20
BTC-31MAR23-15000-C,2022-10-01,23
BTC-31MAR23-15000-C,2022-11-01,19
BTC-31MAR23-15000-C,2022-12-01,24
BTC-31MAR23-15000-P,2022-07-01,24
BTC-31MAR23-15000-P,2022-08-01,24
BTC-31MAR23-15000-P,2022-09-01,24
BTC-31MAR23-15000-P,2022-10-01,24
BTC-31MAR23-15000-P,2022-11-01,24
BTC-31MAR23-15000-P,2022-12-01,24
BTC-31MAR23-16000-C,2022-09-01,20
BTC-31MAR23-16000-C,2022-10-01,18
BTC-31MAR23-16000-C,2022-11-01,24
BTC-31MAR23-16000-C,2022-12-01,24
BTC-31MAR23-16000-P,2022-07-01,24
BTC-31MAR23-16000-P,2022-08-01,24
BTC-31MAR23-16000-P,2022-09-01,24
BTC-31MAR23-16000-P,2022-10-01,24
BTC-31MAR23-16000-P,2022-11-01,24
BTC-31MAR23-16000-P,2022-12-01,24
BTC-31MAR23-17000-C,2022-09-01,19
BTC-31MAR23-17000-C,2022-10-01,18
BTC-31MAR23-17000-C,2022-11-01,24
BTC-31MAR23-17000-C,2022-12-01,24
BTC-31MAR23-17000-P,2022-07-01,24
BTC-31MAR23-17000-P,2022-08-01,24
BTC-31MAR23-17000-P,2022-09-01,24
BTC-31MAR23-17000-P,2022-10-01,23
BTC-31MAR23-17000-P,2022-11-01,24
BTC-31MAR23-17000-P,2022-12-01,24
BTC-31MAR23-18000-C,2022-07-01,4
BTC-31MAR23-18000-C,2022-09-01,19
BTC-31MAR23-18000-C,2022-10-01,22
BTC-31MAR23-18000-C,2022-11-01,24
BTC-31MAR23-18000-C,2022-12-01,24
BTC-31MAR23-18000-P,2022-07-01,24
BTC-31MAR23-18000-P,2022-08-01,24
BTC-31MAR23-18000-P,2022-09-01,24
BTC-31MAR23-18000-P,2022-10-01,23
BTC-31MAR23-18000-P,2022-11-01,24
BTC-31MAR23-18000-P,2022-12-01,24
BTC-31MAR23-19000-C,2022-07-01,21
BTC-31MAR23-19000-C,2022-09-01,24
BTC-31MAR23-19000-C,2022-10-01,24
BTC-31MAR23-19000-C,2022-11-01,24
BTC-31MAR23-19000-C,2022-12-01,24
BTC-31MAR23-19000-P,2022-07-01,17
BTC-31MAR23-19000-P,2022-08-01,24
BTC-31MAR23-19000-P,2022-09-01,24
BTC-31MAR23-19000-P,2022-10-01,23
BTC-31MAR23-19000-P,2022-11-01,24
BTC-31MAR23-19000-P,2022-12-01,18
BTC-31MAR23-20000-C,2022-05-01,14
BTC-31MAR23-20000-C,2022-06-01,15
BTC-31MAR23-20000-C,2022-07-01,24
BTC-31MAR23-20000-C,2022-09-01,24
BTC-31MAR23-20000-C,2022-10-01,23
BTC-31MAR23-20000-C,2022-11-01,24
BTC-31MAR23-20000-C,2022-12-01,24
BTC-31MAR23-20000-P,2022-05-01,23
BTC-31MAR23-20000-P,2022-06-01,24
BTC-31MAR23-20000-P,2022-07-01,13
BTC-31MAR23-20000-P,2022-08-01,24
BTC-31MAR23-20000-P,2022-09-01,24
BTC-31MAR23-20000-P,2022-10-01,23
BTC-31MAR23-20000-P,2022-11-01,24
BTC-31MAR23-20000-P,2022-12-01,18
BTC-31MAR23-21000-C,2022-07-01,24
BTC-31MAR23-21000-C,2022-09-01,24
BTC-31MAR23-21000-C,2022-10-01,23
BTC-31MAR23-21000-C,2022-11-01,24
BTC-31MAR23-21000-C,2022-12-01,24
BTC-31MAR23-21000-P,2022-07-01,24
BTC-31MAR23-21000-P,2022-08-01,24
BTC-31MAR23-21000-P,2022-09-01,24
BTC-31MAR23-21000-P,2022-10-01,17
BTC-31MAR23-21000-P,2022-11-01,24
BTC-31MAR23-21000-P,2022-12-01,18
BTC-31MAR23-22000-C,2022-06-01,15
BTC-31MAR23-22000-C,2022-07-01,24
BTC-31MAR23-22000-C,2022-08-01,14
BTC-31MAR23-22000-C,2022-09-01,24
BTC-31MAR23-22000-C,2022-10-01,23
BTC-31MAR23-22000-C,2022-11-01,24
BTC-31MAR23-22000-C,2022-12-01,24
BTC-31MAR23-22000-P,2022-06-01,24
BTC-31MAR23-22000-P,2022-07-01,13
BTC-31MAR23-22000-P,2022-08-01,24
BTC-31MAR23-22000-P,2022-09-01,24
BTC-31MAR23-22000-P,2022-10-01,18
BTC-31MAR23-22000-P,2022-11-01,24
BTC-31MAR23-22000-P,2022-12-01,22
BTC-31MAR23-23000-C,2022-07-01,24
BTC-31MAR23-23000-C,2022-08-01,23
BTC-31MAR23-23000-C,2022-09-01,24
BTC-31MAR23-23000-C,2022-10-01,23
BTC-31MAR23-23000-C,2022-11-01,24
BTC-31MAR23-23000-C,2022-12-01,24
BTC-31MAR23-23000-P,2022-07-01,15
BTC-31MAR23-23000-P,2022-08-01,24
BTC-31MAR23-23000-P,2022-09-01,23
BTC-31MAR23-23000-P,2022-11-01,19
BTC-31MAR23-23000-P,2022-12-01,22
BTC-31MAR23-24000-C,2022-06-01,15
BTC-31MAR23-24000-C,2022-07-01,24
BTC-31MAR23-24000-C,2022-08-01,24
BTC-31MAR23-24000-C,2022-09-01,24
BTC-31MAR23-24000-C,2022-10-01,24
BTC-31MAR23-24000-C,2022-11-01,24
BTC-31MAR23-24000-C,2022-12-01,24
BTC-31MAR23-24000-P,2022-06-01,24
BTC-31MAR23-24000-P,2022-07-01,16
BTC-31MAR23-24000-P,2022-08-01,24
BTC-31MAR23-24000-P,2022-09-01,24
BTC-31MAR23-24000-P,2022-11-01,20
BTC-31MAR23-25000-C,2022-06-01,15
BTC-31MAR23-25000-C,2022-07-01,24
BTC-31MAR23-25000-C,2022-08-01,24
BTC-31MAR23-25000-C,2022-09-01,24
BTC-31MAR23-25000-C,2022-10-01,24
BTC-31MAR23-25000-C,2022-11-01,24
BTC-31MAR23-25000-C,2022-12-01,24
BTC-31MAR23-25000-P,2022-06-01,24
BTC-31MAR23-25000-P,2022-07-01,13
BTC-31MAR23-25000-P,2022-08-01,23
BTC-31MAR23-25000-P,2022-09-01,23
BTC-31MAR23-25000-P,2022-11-01,19
BTC-31MAR23-26000-C,2022-06-01,15
BTC-31MAR23-26000-C,2022-07-01,24
BTC-31MAR23-26000-C,2022-08-01,24
BTC-31MAR23-26000-C,2022-09-01,24
BTC-31MAR23-26000-C,2022-10-01,24
BTC-31MAR23-26000-C,2022-11-01,24
BTC-31MAR23-26000-C,2022-12-01,24
BTC-31MAR23-26000-P,2022-06-01,24
BTC-31MAR23-26000-P,2022-07-01,15
BTC-31MAR23-26000-P,2022-08-01,11
BTC-31MAR23-26000-P,2022-09-01,9
BTC-31MAR23-26000-P,2022-11-01,19
BTC-31MAR23-27000-C,2022-07-01,24
BTC-31MAR23-27000-C,2022-08-01,24
BTC-31MAR23-27000-C,2022-09-01,24
BTC-31MAR23-27000-C,2022-10-01,24
BTC-31MAR23-27000-C,2022-11-01,24
BTC-31MAR23-27000-C,2022-12-01,24
BTC-31MAR23-27000-P,2022-07-01,15
BTC-31MAR23-27000-P,2022-08-01,11
BTC-31MAR23-27000-P,2022-11-01,21
BTC-31MAR23-28000-C,2022-06-01,14
BTC-31MAR23-28000-C,2022-07-01,23
BTC-31MAR23-28000-C,2022-08-01,24
BTC-31MAR23-28000-C,2022-09-01,24
BTC-31MAR23-28000-C,2022-10-01,24
BTC-31MAR23-28000-C,2022-11-01,24
BTC-31MAR23-28000-C,2022-12-01,24
BTC-31MAR23-28000-P,2022-06-01,24
BTC-31MAR23-28000-P,2022-07-01,24
BTC-31MAR23-28000-P,2022-08-01,11
BTC-31MAR23-28000-P,2022-09-01,24
BTC-31MAR23-28000-P,2022-11-01,21
BTC-31MAR23-29000-C,2022-08-01,24
BTC-31MAR23-29000-C,2022-09-01,24
BTC-31MAR23-29000-C,2022-10-01,24
BTC-31MAR23-29000-C,2022-11-01,24
BTC-31MAR23-29000-C,2022-12-01,24
BTC-31MAR23-29000-P,2022-08-01,11
BTC-31MAR23-29000-P,2022-11-01,22
BTC-31MAR23-30000-C,2022-04-01,13
BTC-31MAR23-30000-C,2022-05-01,14
BTC-31MAR23-30000-C,2022-06-01,14
BTC-31MAR23-30000-C,2022-07-01,24
BTC-31MAR23-30000-C,2022-08-01,24
BTC-31MAR23-30000-C,2022-09-01,24
BTC-31MAR23-30000-C,2022-10-01,24
BTC-31MAR23-30000-C,2022-11-01,24
BTC-31MAR23-30000-C,2022-12-01,24
BTC-31MAR23-30000-P,2022-04-01,24
BTC-31MAR23-30000-P,2022-05-01,24
BTC-31MAR23-30000-P,2022-06-01,24
BTC-31MAR23-30000-P,2022-07-01,18
BTC-31MAR23-30000-P,2022-08-01,11
BTC-31MAR23-30000-P,2022-11-01,22
BTC-31MAR23-32000-C,2022-06-01,18
BTC-31MAR23-32000-C,2022-07-01,23
BTC-31MAR23-32000-C,2022-08-01,24
BTC-31MAR23-32000-C,2022-09-01,24
BTC-31MAR23-32000-C,2022-10-01,24
BTC-31MAR23-32000-C,2022-11-01,24
BTC-31MAR23-32000-C,2022-12-01,24
BTC-31MAR23-32000-P,2022-06-01,24
BTC-31MAR23-32000-P,2022-07-01,14
BTC-31MAR23-32000-P,2022-08-01,11
BTC-31MAR23-32000-P,2022-11-01,22
BTC-31MAR23-34000-C,2022-06-01,24
BTC-31MAR23-34000-C,2022-07-01,24
BTC-31MAR23-34000-C,2022-08-01,24
BTC-31MAR23-34000-C,2022-09-01,24
BTC-31MAR23-34000-C,2022-10-01,24
BTC-31MAR23-34000-C,2022-11-01,24
BTC-31MAR23-34000-C,2022-12-01,15
BTC-31MAR23-34000-P,2022-07-01,14
BTC-31MAR23-35000-C,2022-06-01,24
BTC-31MAR23-35000-C,2022-07-01,24
BTC-31MAR23-35000-C,2022-08-01,24
BTC-31MAR23-35000-C,2022-09-01,24
BTC-31MAR23-35000-C,2022-10-01,24
BTC-31MAR23-35000-C,2022-11-01,24
BTC-31MAR23-35000-P,2022-06-01,15
BTC-31MAR23-35000-P,2022-07-01,14
BTC-31MAR23-36000-C,2022-06-01,24
BTC-31MAR23-36000-C,2022-07-01,23
BTC-31MAR23-36000-C,2022-08-01,24
BTC-31MAR23-36000-C,2022-09-01,24
BTC-31MAR23-36000-C,2022-10-01,24
BTC-31MAR23-36000-C,2022-11-01,24
BTC-31MAR23-36000-P,2022-07-01,4
BTC-31MAR23-38000-C,2022-06-01,24
BTC-31MAR23-38000-C,2022-07-01,23
BTC-31MAR23-38000-C,2022-08-01,24
BTC-31MAR23-38000-C,2022-09-01,24
BTC-31MAR23-38000-C,2022-10-01,24
BTC-31MAR23-38000-C,2022-11-01,24
BTC-31MAR23-40000-C,2022-04-01,20
BTC-31MAR23-40000-C,2022-05-01,24
BTC-31MAR23-40000-C,2022-06-01,24
BTC-31MAR23-40000-C,2022-08-01,24
BTC-31MAR23-40000-C,2022-09-01,15
BTC-31MAR23-40000-C,2022-11-01,24
BTC-31MAR23-40000-P,2022-04-01,24
BTC-31MAR23-40000-P,2022-05-01,24
BTC-31MAR23-45000-C,2022-06-01,24
BTC-31MAR23-45000-C,2022-08-01,24
BTC-31MAR23-50000-C,2022-04-01,24
BTC-31MAR23-50000-C,2022-05-01,24
BTC-31MAR23-50000-C,2022-06-01,24
BTC-31MAR23-50000-P,2022-04-01,18
BTC-31MAR23-50000-P,2022-05-01,14
BTC-31MAR23-55000-C,2022-06-01,24
BTC-31MAR23-60000-C,2022-04-01,24
BTC-31MAR23-60000-C,2022-05-01,24
BTC-31MAR23-60000-C,2022-06-01,24
BTC-31MAR23-60000-P,2022-04-01,9
BTC-31MAR23-60000-P,2022-05-01,15
BTC-31MAR23-65000-C,2022-06-01,7
BTC-31MAR23-70000-C,2022-04-01,24
BTC-31MAR23-70000-C,2022-05-01,24
BTC-31MAR23-70000-P,2022-04-01,9
BTC-31MAR23-80000-C,2022-04-01,24
BTC-31MAR23-80000-P,2022-04-01,9
BTC-3APR20-5000-P,2020-04-01,4
BTC-3APR20-5250-C,2020-04-01,8
BTC-3APR20-5250-P,2020-04-01,10
BTC-3APR20-5500-C,2020-04-01,9
BTC-3APR20-5500-P,2020-04-01,23
BTC-3APR20-5750-C,2020-04-01,9
BTC-3APR20-5750-P,2020-04-01,24
BTC-3APR20-6000-C,2020-04-01,23
BTC-3APR20-6000-P,2020-04-01,24
BTC-3APR20-6250-C,2020-04-01,24
BTC-3APR20-6250-P,2020-04-01,24
BTC-3APR20-6500-C,2020-04-01,24
BTC-3APR20-6500-P,2020-04-01,24
BTC-3APR20-6750-C,2020-04-01,23
BTC-3APR20-6750-P,2020-04-01,12
BTC-3APR20-7000-C,2020-04-01,13
BTC-3APR20-7000-P,2020-04-01,5
BTC-3APR20-7250-C,2020-04-01,15
BTC-3APR20-7500-C,2020-04-01,4
BTC-3APR21-55000-P,2021-04-01,13
BTC-3APR21-56000-C,2021-04-01,4
BTC-3APR21-56000-P,2021-04-01,14
BTC-3APR21-57000-C,2021-04-01,16
BTC-3APR21-57000-P,2021-04-01,16
BTC-3APR21-58000-C,2021-04-01,12
BTC-3APR21-58000-P,2021-04-01,16
BTC-3APR21-59000-C,2021-04-01,16
BTC-3APR21-59000-P,2021-04-01,16
BTC-3APR21-60000-C,2021-04-01,16
BTC-3APR21-60000-P,2021-04-01,16
BTC-3APR21-61000-C,2021-04-01,16
BTC-3APR21-61000-P,2021-04-01,15
BTC-3APR21-62000-C,2021-04-01,15
BTC-3APR21-63000-C,2021-04-01,13
BTC-3APR22-43000-P,2022-04-01,6
BTC-3APR22-44000-C,2022-04-01,4
BTC-3APR22-44000-P,2022-04-01,14
BTC-3APR22-45000-C,2022-04-01,16
BTC-3APR22-45000-P,2022-04-01,16
BTC-3APR22-46000-C,2022-04-01,16
BTC-3APR22-46000-P,2022-04-01,16
BTC-3APR22-47000-C,2022-04-01,16
BTC-3APR22-47000-P,2022-04-01,10
BTC-3APR22-48000-C,2022-04-01,8
BTC-3AUG21-37000-P,2021-08-01,4
BTC-3AUG21-38000-P,2021-08-01,16
BTC-3AUG21-39000-P,2021-08-01,16
BTC-3AUG21-40000-C,2021-08-01,5
BTC-3AUG21-40000-P,2021-08-01,16
BTC-3AUG21-41000-C,2021-08-01,16
BTC-3AUG21-41000-P,2021-08-01,16
BTC-3AUG21-42000-C,2021-08-01,16
BTC-3AUG21-42000-P,2021-08-01,16
BTC-3AUG21-43000-C,2021-08-01,16
BTC-3AUG21-44000-C,2021-08-01,14
BTC-3AUG21-45000-C,2021-08-01,5
BTC-3AUG22-21000-P,2022-08-01,4
BTC-3AUG22-21500-P,2022-08-01,15
BTC-3AUG22-22000-C,2022-08-01,4
BTC-3AUG22-22000-P,2022-08-01,16
BTC-3AUG22-22500-C,2022-08-01,15
BTC-3AUG22-22500-P,2022-08-01,16
BTC-3AUG22-23000-C,2022-08-01,16
BTC-3AUG22-23000-P,2022-08-01,16
BTC-3AUG22-23500-C,2022-08-01,16
BTC-3AUG22-23500-P,2022-08-01,16
BTC-3AUG22-24000-C,2022-08-01,16
BTC-3AUG22-24000-P,2022-08-01,9
BTC-3AUG22-24500-C,2022-08-01,16
BTC-3AUG22-25000-C,2022-08-01,13
BTC-3DEC20-17250-P,2020-12-01,6
BTC-3DEC20-17500-P,2020-12-01,9
BTC-3DEC20-17750-P,2020-12-01,12
BTC-3DEC20-18000-P,2020-12-01,14
BTC-3DEC20-18250-P,2020-12-01,16
BTC-3DEC20-18500-P,2020-12-01,16
BTC-3DEC20-18750-C,2020-12-01,10
BTC-3DEC20-18750-P,2020-12-01,16
BTC-3DEC20-19000-C,2020-12-01,13
BTC-3DEC20-19000-P,2020-12-01,15
BTC-3DEC20-19250-C,2020-12-01,13
BTC-3DEC20-19250-P,2020-12-01,15
BTC-3DEC20-19500-C,2020-12-01,16
BTC-3DEC20-19500-P,2020-12-01,12
BTC-3DEC20-19750-C,2020-12-01,16
BTC-3DEC20-19750-P,2020-12-01,6
BTC-3DEC20-20000-C,2020-12-01,16
BTC-3DEC20-20250-C,2020-12-01,15
BTC-3DEC20-20500-C,2020-12-01,15
BTC-3DEC20-20750-C,2020-12-01,13
BTC-3DEC20-21000-C,2020-12-01,9
BTC-3DEC20-21250-C,2020-12-01,8
BTC-3DEC20-21500-C,2020-12-01,4
BTC-3DEC20-21750-C,2020-12-01,6
BTC-3DEC21-35000-C,2021-12-01,9
BTC-3DEC21-46000-C,2021-12-01,4
BTC-3DEC21-51000-P,2021-12-01,4
BTC-3DEC21-52000-P,2021-12-01,15
BTC-3DEC21-53000-C,2021-12-01,14
BTC-3DEC21-53000-P,2021-12-01,23
BTC-3DEC21-54000-C,2021-12-01,22
BTC-3DEC21-54000-P,2021-12-01,24
BTC-3DEC21-55000-C,2021-12-01,24
BTC-3DEC21-55000-P,2021-12-01,24
BTC-3DEC21-56000-C,2021-12-01,24
BTC-3DEC21-56000-P,2021-12-01,24
BTC-3DEC21-57000-C,2021-12-01,24
BTC-3DEC21-57000-P,2021-12-01,24
BTC-3DEC21-58000-C,2021-12-01,24
BTC-3DEC21-58000-P,2021-12-01,24
BTC-3DEC21-59000-C,2021-12-01,24
BTC-3DEC21-59000-P,2021-12-01,24
BTC-3DEC21-60000-C,2021-12-01,24
BTC-3DEC21-60000-P,2021-12-01,24
BTC-3DEC21-61000-C,2021-12-01,22
BTC-3DEC21-62000-C,2021-12-01,12
BTC-3DEC21-63000-C,2021-12-01,6
BTC-3DEC22-16000-P,2022-12-01,8
BTC-3DEC22-16250-P,2022-12-01,16
BTC-3DEC22-16500-C,2022-12-01,11
BTC-3DEC22-16500-P,2022-12-01,16
BTC-3DEC22-16750-C,2022-12-01,15
BTC-3DEC22-16750-P,2022-12-01,16
BTC-3DEC22-17000-C,2022-12-01,16
BTC-3DEC22-17000-P,2022-12-01,16
BTC-3DEC22-17250-C,2022-12-01,16
BTC-3DEC22-17250-P,2022-12-01,16
BTC-3DEC22-17500-C,2022-12-01,16
BTC-3DEC22-17500-P,2022-12-01,5
BTC-3DEC22-17750-C,2022-12-01,13
BTC-3DEC22-18000-C,2022-12-01,10
BTC-3FEB21-31000-P,2021-02-01,14
BTC-3FEB21-32000-P,2021-02-01,16
BTC-3FEB21-33000-C,2021-02-01,15
BTC-3FEB21-33000-P,2021-02-01,16
BTC-3FEB21-34000-C,2021-02-01,16
BTC-3FEB21-34000-P,2021-02-01,16
BTC-3FEB21-35000-C,2021-02-01,16
BTC-3FEB21-35000-P,2021-02-01,15
BTC-3FEB21-36000-C,2021-02-01,16
BTC-3FEB21-36000-P,2021-02-01,5
BTC-3FEB21-37000-C,2021-02-01,14
BTC-3FEB21-37000-P,2021-02-01,4
BTC-3FEB21-38000-C,2021-02-01,10
BTC-3FEB21-39000-C,2021-02-01,4
BTC-3FEB22-35000-P,2022-02-01,8
BTC-3FEB22-36000-P,2022-02-01,15
BTC-3FEB22-37000-P,2022-02-01,16
BTC-3FEB22-38000-C,2022-02-01,15
BTC-3FEB22-38000-P,2022-02-01,16
BTC-3FEB22-39000-C,2022-02-01,16
BTC-3FEB22-39000-P,2022-02-01,16
BTC-3FEB22-40000-C,2022-02-01,16
BTC-3FEB22-41000-C,2022-02-01,10
BTC-3JAN20-5500-C,2020-01-01,24
BTC-3JAN20-5750-C,2020-01-01,23
BTC-3JAN20-6000-C,2020-01-01,23
BTC-3JAN20-6250-C,2020-01-01,23
BTC-3JAN20-6500-C,2020-01-01,23
BTC-3JAN20-6500-P,2020-01-01,11
BTC-3JAN20-6750-C,2020-01-01,24
BTC-3JAN20-6750-P,2020-01-01,13
BTC-3JAN20-7000-C,2020-01-01,24
BTC-3JAN20-7000-P,2020-01-01,24
BTC-3JAN20-7250-C,2020-01-01,24
BTC-3JAN20-7250-P,2020-01-01,24
BTC-3JAN20-7500-C,2020-01-01,16
BTC-3JAN20-7500-P,2020-01-01,24
BTC-3JAN20-7750-P,2020-01-01,23
BTC-3JAN20-8000-P,2020-01-01,23
BTC-3JAN20-8250-P,2020-01-01,23
BTC-3JAN20-8500-P,2020-01-01,23
BTC-3JAN20-8750-P,2020-01-01,23
BTC-3JAN20-9000-P,2020-01-01,23
BTC-3JAN21-26500-P,2021-01-01,7
BTC-3JAN21-26750-P,2021-01-01,6
BTC-3JAN21-27000-P,2021-01-01,9
BTC-3JAN21-27250-P,2021-01-01,11
BTC-3JAN21-27500-P,2021-01-01,12
BTC-3JAN21-27750-P,2021-01-01,13
BTC-3JAN21-28000-P,2021-01-01,16
BTC-3JAN21-28250-P,2021-01-01,16
BTC-3JAN21-28500-P,2021-01-01,16
BTC-3JAN21-28750-C,2021-01-01,5
BTC-3JAN21-28750-P,2021-01-01,16
BTC-3JAN21-29000-C,2021-01-01,15
BTC-3JAN21-29000-P,2021-01-01,16
BTC-3JAN21-29250-C,2021-01-01,16
BTC-3JAN21-29250-P,2021-01-01,16
BTC-3JAN21-29500-C,2021-01-01,16
BTC-3JAN21-29500-P,2021-01-01,16
BTC-3JAN21-29750-C,2021-01-01,16
BTC-3JAN21-29750-P,2021-01-01,15
BTC-3JAN21-30000-C,2021-01-01,16
BTC-3JAN21-30000-P,2021-01-01,15
BTC-3JAN21-30250-C,2021-01-01,16
BTC-3JAN21-30500-C,2021-01-01,16
BTC-3JAN21-30750-C,2021-01-01,14
BTC-3JAN21-31000-C,2021-01-01,13
BTC-3JAN21-31250-C,2021-01-01,8
BTC-3JAN21-31500-C,2021-01-01,6
BTC-3JAN21-32250-C,2021-01-01,6
BTC-3JAN22-44000-P,2022-01-01,7
BTC-3JAN22-45000-P,2022-01-01,13
BTC-3JAN22-46000-C,2022-01-01,13
BTC-3JAN22-46000-P,2022-01-01,16
BTC-3JAN22-47000-C,2022-01-01,16
BTC-3JAN22-47000-P,2022-01-01,16
BTC-3JAN22-48000-C,2022-01-01,16
BTC-3JAN22-48000-P,2022-01-01,16
BTC-3JAN22-49000-C,2022-01-01,16
BTC-3JAN22-49000-P,2022-01-01,5
BTC-3JAN22-50000-C,2022-01-01,9
BTC-3JUL20-10000-P,2020-07-01,14
BTC-3JUL20-8000-C,2020-07-01,8
BTC-3JUL20-8250-C,2020-07-01,15
BTC-3JUL20-8250-P,2020-07-01,6
BTC-3JUL20-8500-C,2020-07-01,5
BTC-3JUL20-8500-P,2020-07-01,13
BTC-3JUL20-8750-C,2020-07-01,24
BTC-3JUL20-8750-P,2020-07-01,17
BTC-3JUL20-9000-C,2020-07-01,24
BTC-3JUL20-9000-P,2020-07-01,24
BTC-3JUL20-9250-C,2020-07-01,24
BTC-3JUL20-9250-P,2020-07-01,24
BTC-3JUL20-9500-C,2020-07-01,24
BTC-3JUL20-9500-P,2020-07-01,24
BTC-3JUL20-9750-C,2020-07-01,7
BTC-3JUL20-9750-P,2020-07-01,24
BTC-3JUL21-28000-P,2021-07-01,10
BTC-3JUL21-29000-P,2021-07-01,12
BTC-3JUL21-30000-P,2021-07-01,15
BTC-3JUL21-31000-P,2021-07-01,15
BTC-3JUL21-32000-C,2021-07-01,5
BTC-3JUL21-32000-P,2021-07-01,15
BTC-3JUL21-33000-C,2021-07-01,15
BTC-3JUL21-33000-P,2021-07-01,15
BTC-3JUL21-34000-C,2021-07-01,15
BTC-3JUL21-34000-P,2021-07-01,14
BTC-3JUL21-35000-C,2021-07-01,15
BTC-3JUL21-35000-P,2021-07-01,14
BTC-3JUL21-36000-C,2021-07-01,14
BTC-3JUL21-36000-P,2021-07-01,7
BTC-3JUL21-37000-C,2021-07-01,8
BTC-3JUL21-37000-P,2021-07-01,4
BTC-3JUL22-17000-P,2022-07-01,13
BTC-3JUL22-17500-P,2022-07-01,15
BTC-3JUL22-18000-P,2022-07-01,16
BTC-3JUL22-18500-C,2022-07-01,4
BTC-3JUL22-18500-P,2022-07-01,16
BTC-3JUL22-19000-C,2022-07-01,16
BTC-3JUL22-19000-P,2022-07-01,16
BTC-3JUL22-19500-C,2022-07-01,16
BTC-3JUL22-19500-P,2022-07-01,16
BTC-3JUL22-20000-C,2022-07-01,16
BTC-3JUL22-20000-P,2022-07-01,13
BTC-3JUL22-20500-C,2022-07-01,16
BTC-3JUL22-21000-C,2022-07-01,9
BTC-3JUN20-10000-C,2020-06-01,16
BTC-3JUN20-10125-C,2020-06-01,14
BTC-3JUN20-10125-P,2020-06-01,15
BTC-3JUN20-10250-C,2020-06-01,12
BTC-3JUN20-10375-C,2020-06-01,11
BTC-3JUN20-10500-C,2020-06-01,6
BTC-3JUN20-8625-P,2020-06-01,6
BTC-3JUN20-8750-C,2020-06-01,12
BTC-3JUN20-8875-C,2020-06-01,12
BTC-3JUN20-8875-P,2020-06-01,6
BTC-3JUN20-9000-C,2020-06-01,13
BTC-3JUN20-9000-P,2020-06-01,10
BTC-3JUN20-9125-C,2020-06-01,5
BTC-3JUN20-9125-P,2020-06-01,11
BTC-3JUN20-9250-C,2020-06-01,16
BTC-3JUN20-9250-P,2020-06-01,15
BTC-3JUN20-9375-C,2020-06-01,16
BTC-3JUN20-9375-P,2020-06-01,15
BTC-3JUN20-9500-C,2020-06-01,16
BTC-3JUN20-9500-P,2020-06-01,15
BTC-3JUN20-9625-C,2020-06-01,16
BTC-3JUN20-9625-P,2020-06-01,15
BTC-3JUN20-9750-C,2020-06-01,16
BTC-3JUN20-9750-P,2020-06-01,16
BTC-3JUN20-9875-C,2020-06-01,16
BTC-3JUN20-9875-P,2020-06-01,10
BTC-3JUN21-30000-P,2021-06-01,16
BTC-3JUN21-32000-P,2021-06-01,16
BTC-3JUN21-33000-P,2021-06-01,16
BTC-3JUN21-34000-P,2021-06-01,16
BTC-3JUN21-35000-C,2021-06-01,7
BTC-3JUN21-35000-P,2021-06-01,16
BTC-3JUN21-36000-C,2021-06-01,16
BTC-3JUN21-36000-P,2021-06-01,16
BTC-3JUN21-37000-C,2021-06-01,16
BTC-3JUN21-37000-P,2021-06-01,16
BTC-3JUN21-38000-C,2021-06-01,16
BTC-3JUN21-38000-P,2021-06-01,14
BTC-3JUN21-39000-C,2021-06-01,15
BTC-3JUN21-39000-P,2021-06-01,16
BTC-3JUN21-40000-C,2021-06-01,7
BTC-3JUN21-40000-P,2021-06-01,5
BTC-3JUN22-20000-C,2022-06-01,6
BTC-3JUN22-21000-C,2022-06-01,4
BTC-3JUN22-27000-C,2022-06-01,14
BTC-3JUN22-27500-P,2022-06-01,5
BTC-3JUN22-28000-C,2022-06-01,20
BTC-3JUN22-28000-P,2022-06-01,15
BTC-3JUN22-28500-C,2022-06-01,17
BTC-3JUN22-28500-P,2022-06-01,13
BTC-3JUN22-29000-C,2022-06-01,18
BTC-3JUN22-29000-P,2022-06-01,22
BTC-3JUN22-29500-C,2022-06-01,19
BTC-3JUN22-29500-P,2022-06-01,24
BTC-3JUN22-30000-C,2022-06-01,16
BTC-3JUN22-30000-P,2022-06-01,24
BTC-3JUN22-30500-C,2022-06-01,22
BTC-3JUN22-30500-P,2022-06-01,24
BTC-3JUN22-31000-C,2022-06-01,24
BTC-3JUN22-31000-P,2022-06-01,21
BTC-3JUN22-31500-C,2022-06-01,24
BTC-3JUN22-31500-P,2022-06-01,20
BTC-3JUN22-32000-C,2022-06-01,24
BTC-3JUN22-32000-P,2022-06-01,17
BTC-3JUN22-32500-C,2022-06-01,20
BTC-3JUN22-32500-P,2022-06-01,13
BTC-3JUN22-33000-C,2022-06-01,17
BTC-3JUN22-33000-P,2022-06-01,8
BTC-3JUN22-34000-C,2022-06-01,6
BTC-3MAR20-7875-C,2020-03-01,16
BTC-3MAR20-8000-C,2020-03-01,16
BTC-3MAR20-8125-C,2020-03-01,7
BTC-3MAR20-8125-P,2020-03-01,7
BTC-3MAR20-8250-C,2020-03-01,13
BTC-3MAR20-8250-P,2020-03-01,15
BTC-3MAR20-8375-C,2020-03-01,16
BTC-3MAR20-8375-P,2020-03-01,16
BTC-3MAR20-8500-C,2020-03-01,16
BTC-3MAR20-8500-P,2020-03-01,16
BTC-3MAR20-8625-C,2020-03-01,16
BTC-3MAR20-8625-P,2020-03-01,16
BTC-3MAR20-8750-C,2020-03-01,16
BTC-3MAR20-8750-P,2020-03-01,15
BTC-3MAR20-8875-C,2020-03-01,12
BTC-3MAR20-8875-P,2020-03-01,4
BTC-3MAR20-9000-C,2020-03-01,4
BTC-3MAR20-9000-P,2020-03-01,8
BTC-3MAR20-9125-P,2020-03-01,14
BTC-3MAR20-9250-P,2020-03-01,16
BTC-3MAR20-9375-P,2020-03-01,12
BTC-3MAR21-42000-P,2021-03-01,6
BTC-3MAR21-43000-P,2021-03-01,8
BTC-3MAR21-44000-P,2021-03-01,15
BTC-3MAR21-45000-C,2021-03-01,11
BTC-3MAR21-45000-P,2021-03-01,16
BTC-3MAR21-46000-C,2021-03-01,6
BTC-3MAR21-46000-P,2021-03-01,16
BTC-3MAR21-47000-C,2021-03-01,12
BTC-3MAR21-47000-P,2021-03-01,16
BTC-3MAR21-48000-C,2021-03-01,16
BTC-3MAR21-48000-P,2021-03-01,16
BTC-3MAR21-49000-C,2021-03-01,16
BTC-3MAR21-49000-P,2021-03-01,13
BTC-3MAR21-50000-C,2021-03-01,16
BTC-3MAR21-50000-P,2021-03-01,9
BTC-3MAR21-51000-C,2021-03-01,16
BTC-3MAR21-52000-C,2021-03-01,16
BTC-3MAR21-53000-C,2021-03-01,9
BTC-3MAR21-54000-C,2021-03-01,5
BTC-3MAR22-39000-P,2022-03-01,8
BTC-3MAR22-40000-P,2022-03-01,11
BTC-3MAR22-41000-P,2022-03-01,16
BTC-3MAR22-42000-C,2022-03-01,11
BTC-3MAR22-42000-P,2022-03-01,16
BTC-3MAR22-43000-C,2022-03-01,16
BTC-3MAR22-43000-P,2022-03-01,16
BTC-3MAR22-44000-C,2022-03-01,16
BTC-3MAR22-44000-P,2022-03-01,16
BTC-3MAR22-45000-C,2022-03-01,16
BTC-3MAR22-45000-P,2022-03-01,15
BTC-3MAR22-46000-C,2022-03-01,16
BTC-3MAR22-46000-P,2022-03-01,11
BTC-3MAR22-47000-C,2022-03-01,15
BTC-3MAR22-48000-C,2022-03-01,6
BTC-3MAY20-9750-C,2020-05-01,8
BTC-3MAY20-9875-C,2020-05-01,10
BTC-3MAY21-52000-P,2021-05-01,8
BTC-3MAY21-53000-P,2021-05-01,14
BTC-3MAY21-54000-P,2021-05-01,14
BTC-3MAY21-55000-P,2021-05-01,16
BTC-3MAY21-56000-C,2021-05-01,15
BTC-3MAY21-56000-P,2021-05-01,16
BTC-3MAY21-57000-C,2021-05-01,16
BTC-3MAY21-57000-P,2021-05-01,16
BTC-3MAY21-58000-C,2021-05-01,16
BTC-3MAY21-58000-P,2021-05-01,16
BTC-3MAY21-59000-C,2021-05-01,16
BTC-3MAY21-59000-P,2021-05-01,16
BTC-3MAY21-60000-C,2021-05-01,16
BTC-3MAY21-60000-P,2021-05-01,14
BTC-3MAY21-61000-C,2021-05-01,14
BTC-3MAY21-62000-C,2021-05-01,13
BTC-3MAY21-63000-C,2021-05-01,4
BTC-3MAY22-36000-P,2022-05-01,14
BTC-3MAY22-37000-C,2022-05-01,14
BTC-3MAY22-37000-P,2022-05-01,16
BTC-3MAY22-38000-C,2022-05-01,16
BTC-3MAY22-38000-P,2022-05-01,16
BTC-3MAY22-39000-C,2022-05-01,16
BTC-3MAY22-39000-P,2022-05-01,16
BTC-3MAY22-40000-C,2022-05-01,11
BTC-3NOV20-13000-P,2020-11-01,5
BTC-3NOV20-13250-P,2020-11-01,9
BTC-3NOV20-13375-P,2020-11-01,13
BTC-3NOV20-13500-P,2020-11-01,16
BTC-3NOV20-13625-C,2020-11-01,16
BTC-3NOV20-13625-P,2020-11-01,16
BTC-3NOV20-13750-C,2020-11-01,16
BTC-3NOV20-13750-P,2020-11-01,16
BTC-3NOV20-13875-C,2020-11-01,16
BTC-3NOV20-13875-P,2020-11-01,16
BTC-3NOV20-14000-C,2020-11-01,16
BTC-3NOV20-14000-P,2020-11-01,13
BTC-3NOV20-14125-C,2020-11-01,16
BTC-3NOV20-14250-C,2020-11-01,15
BTC-3NOV20-14375-C,2020-11-01,9
BTC-3NOV20-14500-C,2020-11-01,9
BTC-3NOV20-14625-C,2020-11-01,5
BTC-3NOV20-14875-C,2020-11-01,4
BTC-3NOV21-56000-P,2021-11-01,14
BTC-3NOV21-57000-P,2021-11-01,16
BTC-3NOV21-58000-P,2021-11-01,16
BTC-3NOV21-59000-P,2021-11-01,16
BTC-3NOV21-60000-C,2021-11-01,7
BTC-3NOV21-60000-P,2021-11-01,16
BTC-3NOV21-61000-C,2021-11-01,15
BTC-3NOV21-61000-P,2021-11-01,16
BTC-3NOV21-62000-C,2021-11-01,16
BTC-3NOV21-62000-P,2021-11-01,16
BTC-3NOV21-63000-C,2021-11-01,16
BTC-3NOV21-63000-P,2021-11-01,14
BTC-3NOV21-64000-C,2021-11-01,16
BTC-3NOV21-65000-C,2021-11-01,16
BTC-3NOV21-66000-C,2021-11-01,14
BTC-3NOV21-67000-C,2021-11-01,6
BTC-3NOV22-19000-P,2022-11-01,10
BTC-3NOV22-19500-P,2022-11-01,16
BTC-3NOV22-19750-P,2022-11-01,16
BTC-3NOV22-20000-C,2022-11-01,8
BTC-3NOV22-20000-P,2022-11-01,16
BTC-3NOV22-20250-C,2022-11-01,15
BTC-3NOV22-20250-P,2022-11-01,16
BTC-3NOV22-20500-C,2022-11-01,16
BTC-3NOV22-20500-P,2022-11-01,16
BTC-3NOV22-20750-C,2022-11-01,16
BTC-3NOV22-20750-P,2022-11-01,16
BTC-3NOV22-21000-C,2022-11-01,16
BTC-3NOV22-21000-P,2022-11-01,7
BTC-3NOV22-21250-C,2022-11-01,16
BTC-3NOV22-21250-P,2022-11-01,7
BTC-3NOV22-21500-C,2022-11-01,16
BTC-3NOV22-22000-C,2022-11-01,13
BTC-3OCT20-9625-P,2020-10-01,7
BTC-3OCT20-9750-P,2020-10-01,4
BTC-3OCT21-43000-P,2021-10-01,13
BTC-3OCT21-44000-C,2021-10-01,5
BTC-3OCT21-44000-P,2021-10-01,14
BTC-3OCT21-45000-C,2021-10-01,14
BTC-3OCT21-45000-P,2021-10-01,16
BTC-3OCT21-46000-C,2021-10-01,16
BTC-3OCT21-46000-P,2021-10-01,14
BTC-3OCT21-47000-C,2021-10-01,16
BTC-3OCT21-47000-P,2021-10-01,14
BTC-3OCT21-48000-C,2021-10-01,16
BTC-3OCT21-48000-P,2021-10-01,14
BTC-3OCT21-49000-C,2021-10-01,14
BTC-3OCT21-49000-P,2021-10-01,5
BTC-3OCT21-50000-C,2021-10-01,14
BTC-3OCT21-50000-P,2021-10-01,4
BTC-3OCT21-51000-C,2021-10-01,13
BTC-3OCT22-18500-C,2022-10-01,11
BTC-3OCT22-18500-P,2022-10-01,15
BTC-3OCT22-19000-C,2022-10-01,16
BTC-3OCT22-19000-P,2022-10-01,16
BTC-3OCT22-19500-C,2022-10-01,16
BTC-3OCT22-19500-P,2022-10-01,16
BTC-3OCT22-20000-C,2022-10-01,14
BTC-3OCT22-20000-P,2022-10-01,12
BTC-3SEP21-25000-C,2021-09-01,16
BTC-3SEP21-42000-P,2021-09-01,9
BTC-3SEP21-44000-C,2021-09-01,23
BTC-3SEP21-44000-P,2021-09-01,22
BTC-3SEP21-45000-C,2021-09-01,8
BTC-3SEP21-45000-P,2021-09-01,24
BTC-3SEP21-46000-C,2021-09-01,24
BTC-3SEP21-46000-P,2021-09-01,24
BTC-3SEP21-47000-C,2021-09-01,24
BTC-3SEP21-47000-P,2021-09-01,24
BTC-3SEP21-48000-C,2021-09-01,24
BTC-3SEP21-48000-P,2021-09-01,24
BTC-3SEP21-49000-C,2021-09-01,24
BTC-3SEP21-49000-P,2021-09-01,24
BTC-3SEP21-50000-C,2021-09-01,24
BTC-3SEP21-50000-P,2021-09-01,15
BTC-3SEP21-51000-C,2021-09-01,23
BTC-3SEP21-51000-P,2021-09-01,8
BTC-3SEP21-52000-C,2021-09-01,19
BTC-3SEP21-52000-P,2021-09-01,9
BTC-3SEP21-53000-C,2021-09-01,13
BTC-3SEP21-54000-C,2021-09-01,8
BTC-3SEP22-18000-P,2022-09-01,14
BTC-3SEP22-18500-P,2022-09-01,16
BTC-3SEP22-19000-C,2022-09-01,7
BTC-3SEP22-19000-P,2022-09-01,16
BTC-3SEP22-19500-C,2022-09-01,16
BTC-3SEP22-19500-P,2022-09-01,16
BTC-3SEP22-20000-C,2022-09-01,16
BTC-3SEP22-20000-P,2022-09-01,16
BTC-3SEP22-20500-C,2022-09-01,16
BTC-3SEP22-20500-P,2022-09-01,14
BTC-3SEP22-21000-C,2022-09-01,11
BTC-4DEC20-12250-C,2020-12-01,4
BTC-4DEC20-12500-C,2020-12-01,6
BTC-4DEC20-13750-C,2020-12-01,5
BTC-4DEC20-14000-C,2020-12-01,4
BTC-4DEC20-14500-C,2020-12-01,6
BTC-4DEC20-14750-C,2020-12-01,6
BTC-4DEC20-15000-C,2020-12-01,7
BTC-4DEC20-15250-C,2020-12-01,10
BTC-4DEC20-15250-P,2020-12-01,7
BTC-4DEC20-15500-C,2020-12-01,9
BTC-4DEC20-15500-P,2020-12-01,5
BTC-4DEC20-15750-C,2020-12-01,9
BTC-4DEC20-15750-P,2020-12-01,13
BTC-4DEC20-16000-C,2020-12-01,18
BTC-4DEC20-16000-P,2020-12-01,9
BTC-4DEC20-16250-C,2020-12-01,17
BTC-4DEC20-16250-P,2020-12-01,9
BTC-4DEC20-16500-C,2020-12-01,14
BTC-4DEC20-16500-P,2020-12-01,13
BTC-4DEC20-16750-C,2020-12-01,19
BTC-4DEC20-16750-P,2020-12-01,22
BTC-4DEC20-17000-C,2020-12-01,21
BTC-4DEC20-17000-P,2020-12-01,23
BTC-4DEC20-17250-C,2020-12-01,22
BTC-4DEC20-17250-P,2020-12-01,20
BTC-4DEC20-17500-C,2020-12-01,21
BTC-4DEC20-17500-P,2020-12-01,24
BTC-4DEC20-17750-C,2020-12-01,23
BTC-4DEC20-17750-P,2020-12-01,24
BTC-4DEC20-18000-C,2020-12-01,17
BTC-4DEC20-18000-P,2020-12-01,24
BTC-4DEC20-18250-C,2020-12-01,15
BTC-4DEC20-18250-P,2020-12-01,24
BTC-4DEC20-18500-C,2020-12-01,24
BTC-4DEC20-18500-P,2020-12-01,24
BTC-4DEC20-18750-C,2020-12-01,24
BTC-4DEC20-18750-P,2020-12-01,24
BTC-4DEC20-19000-C,2020-12-01,24
BTC-4DEC20-19000-P,2020-12-01,23
BTC-4DEC20-19250-C,2020-12-01,24
BTC-4DEC20-19250-P,2020-12-01,22
BTC-4DEC20-19500-C,2020-12-01,24
BTC-4DEC20-19500-P,2020-12-01,24
BTC-4DEC20-19750-C,2020-12-01,24
BTC-4DEC20-19750-P,2020-12-01,23
BTC-4DEC20-20000-C,2020-12-01,24
BTC-4DEC20-20000-P,2020-12-01,18
BTC-4DEC20-20250-C,2020-12-01,24
BTC-4DEC20-20250-P,2020-12-01,9
BTC-4DEC20-20500-C,2020-12-01,24
BTC-4DEC20-20500-P,2020-12-01,14
BTC-4DEC20-20750-C,2020-12-01,24
BTC-4DEC20-21000-C,2020-12-01,24
BTC-4DEC20-21000-P,2020-12-01,5
BTC-4DEC20-21250-C,2020-12-01,24
BTC-4DEC20-21500-C,2020-12-01,23
BTC-4DEC20-21750-C,2020-12-01,23
BTC-4DEC20-22000-C,2020-12-01,21
BTC-4DEC20-22250-C,2020-12-01,22
BTC-4DEC20-22500-C,2020-12-01,20
BTC-4DEC20-22750-C,2020-12-01,21
BTC-4FEB22-31000-P,2022-02-01,6
BTC-4FEB22-32000-P,2022-02-01,10
BTC-4FEB22-33000-P,2022-02-01,18
BTC-4FEB22-34000-C,2022-02-01,23
BTC-4FEB22-34000-P,2022-02-01,24
BTC-4FEB22-35000-C,2022-02-01,23
BTC-4FEB22-35000-P,2022-02-01,24
BTC-4FEB22-36000-C,2022-02-01,24
BTC-4FEB22-36000-P,2022-02-01,24
BTC-4FEB22-37000-C,2022-02-01,24
BTC-4FEB22-37000-P,2022-02-01,24
BTC-4FEB22-38000-C,2022-02-01,24
BTC-4FEB22-38000-P,2022-02-01,24
BTC-4FEB22-39000-C,2022-02-01,24
BTC-4FEB22-39000-P,2022-02-01,24
BTC-4FEB22-40000-C,2022-02-01,24
BTC-4FEB22-40000-P,2022-02-01,24
BTC-4FEB22-41000-C,2022-02-01,24
BTC-4FEB22-42000-C,2022-02-01,20
BTC-4FEB22-42000-P,2022-02-01,23
BTC-4FEB22-44000-P,2022-02-01,23
BTC-4JUN21-20000-C,2021-06-01,15
BTC-4JUN21-26000-P,2021-06-01,10
BTC-4JUN21-28000-P,2021-06-01,22
BTC-4JUN21-30000-P,2021-06-01,24
BTC-4JUN21-31000-P,2021-06-01,24
BTC-4JUN21-32000-C,2021-06-01,24
BTC-4JUN21-32000-P,2021-06-01,24
BTC-4JUN21-33000-C,2021-06-01,24
BTC-4JUN21-33000-P,2021-06-01,24
BTC-4JUN21-34000-C,2021-06-01,24
BTC-4JUN21-34000-P,2021-06-01,24
BTC-4JUN21-35000-C,2021-06-01,24
BTC-4JUN21-35000-P,2021-06-01,24
BTC-4JUN21-36000-C,2021-06-01,24
BTC-4JUN21-36000-P,2021-06-01,24
BTC-4JUN21-37000-C,2021-06-01,24
BTC-4JUN21-37000-P,2021-06-01,24
BTC-4JUN21-38000-C,2021-06-01,24
BTC-4JUN21-38000-P,2021-06-01,24
BTC-4JUN21-39000-C,2021-06-01,24
BTC-4JUN21-39000-P,2021-06-01,24
BTC-4JUN21-40000-C,2021-06-01,24
BTC-4JUN21-40000-P,2021-06-01,24
BTC-4JUN21-41000-C,2021-06-01,22
BTC-4JUN21-41000-P,2021-06-01,10
BTC-4JUN21-42000-C,2021-06-01,17
BTC-4JUN21-42000-P,2021-06-01,24
BTC-4JUN21-44000-C,2021-06-01,6
BTC-4JUN21-44000-P,2021-06-01,24
BTC-4JUN21-45000-C,2021-06-01,5
BTC-4JUN21-46000-P,2021-06-01,8
BTC-4MAR22-25000-C,2022-03-01,21
BTC-4MAR22-34000-C,2022-03-01,24
BTC-4MAR22-35000-C,2022-03-01,24
BTC-4MAR22-35000-P,2022-03-01,7
BTC-4MAR22-36000-C,2022-03-01,24
BTC-4MAR22-36000-P,2022-03-01,9
BTC-4MAR22-37000-C,2022-03-01,24
BTC-4MAR22-37000-P,2022-03-01,19
BTC-4MAR22-38000-C,2022-03-01,24
BTC-4MAR22-38000-P,2022-03-01,22
BTC-4MAR22-39000-C,2022-03-01,24
BTC-4MAR22-39000-P,2022-03-01,24
BTC-4MAR22-40000-C,2022-03-01,24
BTC-4MAR22-40000-P,2022-03-01,24
BTC-4MAR22-41000-C,2022-03-01,24
BTC-4MAR22-41000-P,2022-03-01,24
BTC-4MAR22-42000-C,2022-03-01,24
BTC-4MAR22-42000-P,2022-03-01,24
BTC-4MAR22-43000-C,2022-03-01,24
BTC-4MAR22-43000-P,2022-03-01,24
BTC-4MAR22-44000-C,2022-03-01,24
BTC-4MAR22-44000-P,2022-03-01,24
BTC-4MAR22-45000-C,2022-03-01,24
BTC-4MAR22-45000-P,2022-03-01,24
BTC-4MAR22-46000-C,2022-03-01,24
BTC-4MAR22-46000-P,2022-03-01,14
BTC-4MAR22-48000-C,2022-03-01,24
BTC-4MAR22-50000-C,2022-03-01,10
BTC-4NOV22-18000-C,2022-11-01,16
BTC-4NOV22-18000-P,2022-11-01,5
BTC-4NOV22-18500-C,2022-11-01,19
BTC-4NOV22-18500-P,2022-11-01,20
BTC-4NOV22-19000-C,2022-11-01,16
BTC-4NOV22-19000-P,2022-11-01,24
BTC-4NOV22-19500-C,2022-11-01,19
BTC-4NOV22-19500-P,2022-11-01,24
BTC-4NOV22-20000-C,2022-11-01,24
BTC-4NOV22-20000-P,2022-11-01,24
BTC-4NOV22-20500-C,2022-11-01,24
BTC-4NOV22-20500-P,2022-11-01,24
BTC-4NOV22-21000-C,2022-11-01,24
BTC-4NOV22-21000-P,2022-11-01,24
BTC-4NOV22-21500-C,2022-11-01,24
BTC-4NOV22-21500-P,2022-11-01,10
BTC-4NOV22-22000-C,2022-11-01,24
BTC-4NOV22-23000-C,2022-11-01,21
BTC-4SEP20-10000-C,2020-09-01,23
BTC-4SEP20-10000-P,2020-09-01,9
BTC-4SEP20-10250-C,2020-09-01,23
BTC-4SEP20-10250-P,2020-09-01,7
BTC-4SEP20-10500-C,2020-09-01,24
BTC-4SEP20-10500-P,2020-09-01,12
BTC-4SEP20-10750-C,2020-09-01,24
BTC-4SEP20-10750-P,2020-09-01,7
BTC-4SEP20-11000-C,2020-09-01,24
BTC-4SEP20-11000-P,2020-09-01,20
BTC-4SEP20-11250-C,2020-09-01,24
BTC-4SEP20-11250-P,2020-09-01,18
BTC-4SEP20-11500-C,2020-09-01,24
BTC-4SEP20-11500-P,2020-09-01,20
BTC-4SEP20-11750-C,2020-09-01,24
BTC-4SEP20-11750-P,2020-09-01,24
BTC-4SEP20-12000-C,2020-09-01,24
BTC-4SEP20-12000-P,2020-09-01,24
BTC-4SEP20-12250-C,2020-09-01,24
BTC-4SEP20-12250-P,2020-09-01,19
BTC-4SEP20-12500-C,2020-09-01,22
BTC-4SEP20-12500-P,2020-09-01,21
BTC-4SEP20-12750-C,2020-09-01,16
BTC-4SEP20-12750-P,2020-09-01,24
BTC-4SEP20-13000-C,2020-09-01,5
BTC-4SEP20-13000-P,2020-09-01,24
BTC-4SEP20-13250-P,2020-09-01,24
BTC-4SEP20-13500-P,2020-09-01,21
BTC-4SEP20-9000-C,2020-09-01,8
BTC-4SEP20-9250-C,2020-09-01,8
BTC-4SEP20-9500-C,2020-09-01,8
BTC-4SEP20-9750-C,2020-09-01,15
BTC-5AUG22-19500-P,2022-08-01,8
BTC-5AUG22-20000-P,2022-08-01,13
BTC-5AUG22-20500-P,2022-08-01,24
BTC-5AUG22-21000-P,2022-08-01,24
BTC-5AUG22-21500-C,2022-08-01,4
BTC-5AUG22-21500-P,2022-08-01,24
BTC-5AUG22-22000-C,2022-08-01,24
BTC-5AUG22-22000-P,2022-08-01,24
BTC-5AUG22-22500-C,2022-08-01,24
BTC-5AUG22-22500-P,2022-08-01,24
BTC-5AUG22-23000-C,2022-08-01,24
BTC-5AUG22-23000-P,2022-08-01,24
BTC-5AUG22-23500-C,2022-08-01,24
BTC-5AUG22-23500-P,2022-08-01,24
BTC-5AUG22-24000-C,2022-08-01,24
BTC-5AUG22-24000-P,2022-08-01,24
BTC-5AUG22-24500-C,2022-08-01,24
BTC-5AUG22-24500-P,2022-08-01,12
BTC-5AUG22-25000-C,2022-08-01,24
BTC-5AUG22-25000-P,2022-08-01,9
BTC-5AUG22-26000-C,2022-08-01,24
BTC-5AUG22-27000-C,2022-08-01,14
BTC-5FEB21-20000-C,2021-02-01,4
BTC-5FEB21-23000-C,2021-02-01,7
BTC-5FEB21-25000-C,2021-02-01,4
BTC-5FEB21-26000-C,2021-02-01,6
BTC-5FEB21-26000-P,2021-02-01,9
BTC-5FEB21-27000-P,2021-02-01,18
BTC-5FEB21-28000-C,2021-02-01,8
BTC-5FEB21-28000-P,2021-02-01,17
BTC-5FEB21-29000-C,2021-02-01,6
BTC-5FEB21-29000-P,2021-02-01,24
BTC-5FEB21-30000-C,2021-02-01,24
BTC-5FEB21-30000-P,2021-02-01,24
BTC-5FEB21-31000-C,2021-02-01,24
BTC-5FEB21-31000-P,2021-02-01,24
BTC-5FEB21-32000-C,2021-02-01,20
BTC-5FEB21-32000-P,2021-02-01,24
BTC-5FEB21-33000-C,2021-02-01,24
BTC-5FEB21-33000-P,2021-02-01,24
BTC-5FEB21-34000-C,2021-02-01,24
BTC-5FEB21-34000-P,2021-02-01,24
BTC-5FEB21-35000-C,2021-02-01,24
BTC-5FEB21-35000-P,2021-02-01,22
BTC-5FEB21-36000-C,2021-02-01,24
BTC-5FEB21-36000-P,2021-02-01,10
BTC-5FEB21-37000-C,2021-02-01,24
BTC-5FEB21-37000-P,2021-02-01,24
BTC-5FEB21-38000-C,2021-02-01,24
BTC-5FEB21-38000-P,2021-02-01,24
BTC-5FEB21-39000-C,2021-02-01,24
BTC-5FEB21-39000-P,2021-02-01,4
BTC-5FEB21-40000-C,2021-02-01,24
BTC-5FEB21-40000-P,2021-02-01,4
BTC-5FEB21-41000-C,2021-02-01,24
BTC-5FEB21-42000-C,2021-02-01,19
BTC-5FEB21-43000-C,2021-02-01,20
BTC-5FEB21-44000-C,2021-02-01,19
BTC-5FEB21-45000-C,2021-02-01,8
BTC-5FEB21-46000-C,2021-02-01,10
BTC-5FEB21-47000-C,2021-02-01,12
BTC-5FEB21-48000-C,2021-02-01,5
BTC-5JUN20-10000-C,2020-06-01,24
BTC-5JUN20-10000-P,2020-06-01,24
BTC-5JUN20-10250-C,2020-06-01,24
BTC-5JUN20-10250-P,2020-06-01,7
BTC-5JUN20-10500-C,2020-06-01,24
BTC-5JUN20-10750-C,2020-06-01,23
BTC-5JUN20-11000-C,2020-06-01,18
BTC-5JUN20-11250-C,2020-06-01,16
BTC-5JUN20-11500-C,2020-06-01,6
BTC-5JUN20-11750-C,2020-06-01,14
BTC-5JUN20-12250-C,2020-06-01,4
BTC-5JUN20-6500-C,2020-06-01,24
BTC-5JUN20-6750-C,2020-06-01,24
BTC-5JUN20-7000-C,2020-06-01,24
BTC-5JUN20-7250-C,2020-06-01,24
BTC-5JUN20-7500-C,2020-06-01,24
BTC-5JUN20-7750-C,2020-06-01,24
BTC-5JUN20-8000-C,2020-06-01,24
BTC-5JUN20-8000-P,2020-06-01,10
BTC-5JUN20-8250-C,2020-06-01,24
BTC-5JUN20-8250-P,2020-06-01,19
BTC-5JUN20-8500-C,2020-06-01,24
BTC-5JUN20-8500-P,2020-06-01,24
BTC-5JUN20-8750-C,2020-06-01,24
BTC-5JUN20-8750-P,2020-06-01,23
BTC-5JUN20-9000-C,2020-06-01,24
BTC-5JUN20-9000-P,2020-06-01,23
BTC-5JUN20-9250-C,2020-06-01,24
BTC-5JUN20-9250-P,2020-06-01,24
BTC-5JUN20-9500-C,2020-06-01,24
BTC-5JUN20-9500-P,2020-06-01,24
BTC-5JUN20-9750-C,2020-06-01,24
BTC-5JUN20-9750-P,2020-06-01,24
BTC-5MAR21-32000-C,2021-03-01,5
BTC-5MAR21-34000-C,2021-03-01,5
BTC-5MAR21-34000-P,2021-03-01,4
BTC-5MAR21-36000-C,2021-03-01,8
BTC-5MAR21-36000-P,2021-03-01,16
BTC-5MAR21-38000-C,2021-03-01,19
BTC-5MAR21-38000-P,2021-03-01,18
BTC-5MAR21-40000-C,2021-03-01,21
BTC-5MAR21-40000-P,2021-03-01,24
BTC-5MAR21-42000-C,2021-03-01,22
BTC-5MAR21-42000-P,2021-03-01,24
BTC-5MAR21-44000-C,2021-03-01,20
BTC-5MAR21-44000-P,2021-03-01,24
BTC-5MAR21-46000-C,2021-03-01,24
BTC-5MAR21-46000-P,2021-03-01,24
BTC-5MAR21-48000-C,2021-03-01,24
BTC-5MAR21-48000-P,2021-03-01,24
BTC-5MAR21-50000-C,2021-03-01,24
BTC-5MAR21-50000-P,2021-03-01,23
BTC-5MAR21-52000-C,2021-03-01,24
BTC-5MAR21-52000-P,2021-03-01,10
BTC-5MAR21-54000-C,2021-03-01,24
BTC-5MAR21-54000-P,2021-03-01,7
BTC-5MAR21-56000-C,2021-03-01,21
BTC-5MAR21-58000-C,2021-03-01,12
BTC-5NOV21-35000-C,2021-11-01,18
BTC-5NOV21-50000-P,2021-11-01,20
BTC-5NOV21-52000-C,2021-11-01,22
BTC-5NOV21-52000-P,2021-11-01,24
BTC-5NOV21-54000-C,2021-11-01,22
BTC-5NOV21-54000-P,2021-11-01,24
BTC-5NOV21-55000-C,2021-11-01,22
BTC-5NOV21-55000-P,2021-11-01,24
BTC-5NOV21-56000-C,2021-11-01,24
BTC-5NOV21-56000-P,2021-11-01,24
BTC-5NOV21-57000-C,2021-11-01,22
BTC-5NOV21-57000-P,2021-11-01,24
BTC-5NOV21-58000-C,2021-11-01,20
BTC-5NOV21-58000-P,2021-11-01,24
BTC-5NOV21-59000-C,2021-11-01,17
BTC-5NOV21-59000-P,2021-11-01,24
BTC-5NOV21-60000-C,2021-11-01,24
BTC-5NOV21-60000-P,2021-11-01,24
BTC-5NOV21-61000-C,2021-11-01,24
BTC-5NOV21-61000-P,2021-11-01,24
BTC-5NOV21-62000-C,2021-11-01,24
BTC-5NOV21-62000-P,2021-11-01,24
BTC-5NOV21-63000-C,2021-11-01,24
BTC-5NOV21-63000-P,2021-11-01,24
BTC-5NOV21-64000-C,2021-11-01,24
BTC-5NOV21-64000-P,2021-11-01,24
BTC-5NOV21-65000-C,2021-11-01,24
BTC-5NOV21-66000-C,2021-11-01,24
BTC-5NOV21-67000-C,2021-11-01,24
BTC-5NOV21-68000-C,2021-11-01,24
BTC-5NOV21-69000-C,2021-11-01,24
BTC-5NOV21-70000-C,2021-11-01,24
BTC-5NOV21-72000-C,2021-11-01,8
BTC-5NOV21-74000-C,2021-11-01,4
BTC-6AUG21-24000-C,2021-08-01,22
BTC-6AUG21-25000-C,2021-08-01,22
BTC-6AUG21-26000-C,2021-08-01,22
BTC-6AUG21-28000-C,2021-08-01,22
BTC-6AUG21-30000-C,2021-08-01,22
BTC-6AUG21-31000-C,2021-08-01,22
BTC-6AUG21-31000-P,2021-08-01,5
BTC-6AUG21-32000-C,2021-08-01,22
BTC-6AUG21-32000-P,2021-08-01,7
BTC-6AUG21-33000-C,2021-08-01,22
BTC-6AUG21-33000-P,2021-08-01,23
BTC-6AUG21-34000-C,2021-08-01,24
BTC-6AUG21-34000-P,2021-08-01,24
BTC-6AUG21-35000-C,2021-08-01,24
BTC-6AUG21-35000-P,2021-08-01,24
BTC-6AUG21-36000-C,2021-08-01,24
BTC-6AUG21-36000-P,2021-08-01,24
BTC-6AUG21-37000-C,2021-08-01,22
BTC-6AUG21-37000-P,2021-08-01,24
BTC-6AUG21-38000-C,2021-08-01,24
BTC-6AUG21-38000-P,2021-08-01,24
BTC-6AUG21-39000-C,2021-08-01,24
BTC-6AUG21-39000-P,2021-08-01,24
BTC-6AUG21-40000-C,2021-08-01,24
BTC-6AUG21-40000-P,2021-08-01,24
BTC-6AUG21-41000-C,2021-08-01,24
BTC-6AUG21-41000-P,2021-08-01,24
BTC-6AUG21-42000-C,2021-08-01,24
BTC-6AUG21-42000-P,2021-08-01,24
BTC-6AUG21-43000-C,2021-08-01,24
BTC-6AUG21-43000-P,2021-08-01,21
BTC-6AUG21-44000-C,2021-08-01,24
BTC-6AUG21-44000-P,2021-08-01,11
BTC-6AUG21-45000-C,2021-08-01,24
BTC-6AUG21-45000-P,2021-08-01,4
BTC-6AUG21-46000-C,2021-08-01,24
BTC-6AUG21-50000-C,2021-08-01,19
BTC-6MAR20-10000-C,2020-03-01,24
BTC-6MAR20-10000-P,2020-03-01,23
BTC-6MAR20-7500-P,2020-03-01,9
BTC-6MAR20-7750-C,2020-03-01,11
BTC-6MAR20-7750-P,2020-03-01,15
BTC-6MAR20-8000-C,2020-03-01,18
BTC-6MAR20-8000-P,2020-03-01,24
BTC-6MAR20-8250-C,2020-03-01,14
BTC-6MAR20-8250-P,2020-03-01,24
BTC-6MAR20-8500-C,2020-03-01,24
BTC-6MAR20-8500-P,2020-03-01,24
BTC-6MAR20-8750-C,2020-03-01,24
BTC-6MAR20-8750-P,2020-03-01,24
BTC-6MAR20-9000-C,2020-03-01,24
BTC-6MAR20-9000-P,2020-03-01,24
BTC-6MAR20-9250-C,2020-03-01,24
BTC-6MAR20-9250-P,2020-03-01,8
BTC-6MAR20-9500-C,2020-03-01,23
BTC-6MAR20-9500-P,2020-03-01,23
BTC-6MAR20-9750-C,2020-03-01,15
BTC-6MAR20-9750-P,2020-03-01,23
BTC-6MAY22-34000-P,2022-05-01,24
BTC-6MAY22-36000-P,2022-05-01,24
BTC-6MAY22-37000-C,2022-05-01,24
BTC-6MAY22-37000-P,2022-05-01,24
BTC-6MAY22-38000-C,2022-05-01,24
BTC-6MAY22-38000-P,2022-05-01,24
BTC-6MAY22-39000-C,2022-05-01,24
BTC-6MAY22-39000-P,2022-05-01,24
BTC-6MAY22-40000-C,2022-05-01,24
BTC-6MAY22-40000-P,2022-05-01,24
BTC-6MAY22-41000-C,2022-05-01,24
BTC-6MAY22-42000-C,2022-05-01,20
BTC-6MAY22-42000-P,2022-05-01,24
BTC-6NOV20-10000-C,2020-11-01,23
BTC-6NOV20-10000-P,2020-11-01,20
BTC-6NOV20-10250-C,2020-11-01,24
BTC-6NOV20-10250-P,2020-11-01,4
BTC-6NOV20-10500-C,2020-11-01,24
BTC-6NOV20-10750-C,2020-11-01,24
BTC-6NOV20-11000-C,2020-11-01,24
BTC-6NOV20-11000-P,2020-11-01,24
BTC-6NOV20-11250-C,2020-11-01,24
BTC-6NOV20-11250-P,2020-11-01,24
BTC-6NOV20-11500-C,2020-11-01,24
BTC-6NOV20-11500-P,2020-11-01,11
BTC-6NOV20-11750-C,2020-11-01,24
BTC-6NOV20-11750-P,2020-11-01,24
BTC-6NOV20-12000-C,2020-11-01,24
BTC-6NOV20-12000-P,2020-11-01,24
BTC-6NOV20-12250-C,2020-11-01,24
BTC-6NOV20-12250-P,2020-11-01,24
BTC-6NOV20-12500-C,2020-11-01,24
BTC-6NOV20-12500-P,2020-11-01,24
BTC-6NOV20-12750-C,2020-11-01,24
BTC-6NOV20-12750-P,2020-11-01,24
BTC-6NOV20-13000-C,2020-11-01,23
BTC-6NOV20-13000-P,2020-11-01,24
BTC-6NOV20-13250-C,2020-11-01,21
BTC-6NOV20-13250-P,2020-11-01,24
BTC-6NOV20-13500-C,2020-11-01,24
BTC-6NOV20-13500-P,2020-11-01,24
BTC-6NOV20-13750-C,2020-11-01,24
BTC-6NOV20-13750-P,2020-11-01,24
BTC-6NOV20-14000-C,2020-11-01,24
BTC-6NOV20-14000-P,2020-11-01,24
BTC-6NOV20-14250-C,2020-11-01,24
BTC-6NOV20-14250-P,2020-11-01,24
BTC-6NOV20-14500-C,2020-11-01,24
BTC-6NOV20-14500-P,2020-11-01,23
BTC-6NOV20-14750-C,2020-11-01,24
BTC-6NOV20-14750-P,2020-11-01,24
BTC-6NOV20-15000-C,2020-11-01,24
BTC-6NOV20-15000-P,2020-11-01,24
BTC-6NOV20-15250-C,2020-11-01,24
BTC-6NOV20-15500-C,2020-11-01,24
BTC-6NOV20-15750-C,2020-11-01,21
BTC-6NOV20-16000-C,2020-11-01,14
BTC-6NOV20-16250-C,2020-11-01,15
BTC-6NOV20-9500-C,2020-11-01,24
BTC-6NOV20-9750-C,2020-11-01,24
BTC-7AUG20-10000-C,2020-08-01,24
BTC-7AUG20-10000-P,2020-08-01,13
BTC-7AUG20-10250-C,2020-08-01,24
BTC-7AUG20-10250-P,2020-08-01,21
BTC-7AUG20-10500-C,2020-08-01,24
BTC-7AUG20-10500-P,2020-08-01,23
BTC-7AUG20-10750-C,2020-08-01,24
BTC-7AUG20-10750-P,2020-08-01,23
BTC-7AUG20-11000-C,2020-08-01,24
BTC-7AUG20-11000-P,2020-08-01,24
BTC-7AUG20-11250-C,2020-08-01,24
BTC-7AUG20-11250-P,2020-08-01,24
BTC-7AUG20-11500-C,2020-08-01,24
BTC-7AUG20-11500-P,2020-08-01,24
BTC-7AUG20-11750-C,2020-08-01,24
BTC-7AUG20-11750-P,2020-08-01,24
BTC-7AUG20-12000-C,2020-08-01,24
BTC-7AUG20-12000-P,2020-08-01,18
BTC-7AUG20-12250-C,2020-08-01,24
BTC-7AUG20-12500-C,2020-08-01,24
BTC-7AUG20-12750-C,2020-08-01,24
BTC-7AUG20-13000-C,2020-08-01,22
BTC-7AUG20-13000-P,2020-08-01,24
BTC-7AUG20-13250-C,2020-08-01,22
BTC-7AUG20-13500-C,2020-08-01,22
BTC-7AUG20-13750-C,2020-08-01,20
BTC-7AUG20-14000-C,2020-08-01,20
BTC-7AUG20-14250-C,2020-08-01,21
BTC-7AUG20-7000-C,2020-08-01,5
BTC-7AUG20-8000-C,2020-08-01,4
BTC-7AUG20-8500-C,2020-08-01,18
BTC-7AUG20-8750-C,2020-08-01,24
BTC-7AUG20-9000-C,2020-08-01,24
BTC-7AUG20-9000-P,2020-08-01,8
BTC-7AUG20-9250-C,2020-08-01,16
BTC-7AUG20-9250-P,2020-08-01,7
BTC-7AUG20-9500-C,2020-08-01,14
BTC-7AUG20-9500-P,2020-08-01,11
BTC-7AUG20-9750-C,2020-08-01,24
BTC-7AUG20-9750-P,2020-08-01,11
BTC-7FEB20-10000-C,2020-02-01,24
BTC-7FEB20-10000-P,2020-02-01,24
BTC-7FEB20-10250-C,2020-02-01,24
BTC-7FEB20-10250-P,2020-02-01,11
BTC-7FEB20-10500-C,2020-02-01,24
BTC-7FEB20-10500-P,2020-02-01,4
BTC-7FEB20-10750-C,2020-02-01,24
BTC-7FEB20-11000-C,2020-02-01,11
BTC-7FEB20-11250-C,2020-02-01,20
BTC-7FEB20-6500-C,2020-02-01,24
BTC-7FEB20-6750-C,2020-02-01,24
BTC-7FEB20-7000-C,2020-02-01,24
BTC-7FEB20-7250-C,2020-02-01,24
BTC-7FEB20-7500-C,2020-02-01,23
BTC-7FEB20-7750-C,2020-02-01,24
BTC-7FEB20-8000-C,2020-02-01,24
BTC-7FEB20-8000-P,2020-02-01,7
BTC-7FEB20-8250-C,2020-02-01,24
BTC-7FEB20-8250-P,2020-02-01,18
BTC-7FEB20-8500-C,2020-02-01,24
BTC-7FEB20-8500-P,2020-02-01,23
BTC-7FEB20-8750-C,2020-02-01,24
BTC-7FEB20-8750-P,2020-02-01,24
BTC-7FEB20-9000-C,2020-02-01,24
BTC-7FEB20-9000-P,2020-02-01,24
BTC-7FEB20-9250-C,2020-02-01,24
BTC-7FEB20-9250-P,2020-02-01,24
BTC-7FEB20-9500-C,2020-02-01,24
BTC-7FEB20-9500-P,2020-02-01,24
BTC-7FEB20-9750-C,2020-02-01,24
BTC-7FEB20-9750-P,2020-02-01,19
BTC-7JAN22-38000-P,2022-01-01,10
BTC-7JAN22-40000-P,2022-01-01,16
BTC-7JAN22-42000-P,2022-01-01,24
BTC-7JAN22-44000-P,2022-01-01,24
BTC-7JAN22-45000-C,2022-01-01,9
BTC-7JAN22-45000-P,2022-01-01,24
BTC-7JAN22-46000-C,2022-01-01,23
BTC-7JAN22-46000-P,2022-01-01,24
BTC-7JAN22-47000-C,2022-01-01,24
BTC-7JAN22-47000-P,2022-01-01,24
BTC-7JAN22-48000-C,2022-01-01,24
BTC-7JAN22-48000-P,2022-01-01,24
BTC-7JAN22-49000-C,2022-01-01,24
BTC-7JAN22-49000-P,2022-01-01,15
BTC-7JAN22-50000-C,2022-01-01,24
BTC-7JAN22-50000-P,2022-01-01,24
BTC-7JAN22-51000-C,2022-01-01,24
BTC-7JAN22-52000-C,2022-01-01,24
BTC-7JAN22-52000-P,2022-01-01,8
BTC-7JAN22-53000-C,2022-01-01,24
BTC-7JAN22-54000-C,2022-01-01,24
BTC-7JAN22-55000-C,2022-01-01,24
BTC-7JAN22-56000-C,2022-01-01,18
BTC-7MAY21-30000-C,2021-05-01,24
BTC-7MAY21-35000-C,2021-05-01,24
BTC-7MAY21-40000-C,2021-05-01,24
BTC-7MAY21-44000-C,2021-05-01,24
BTC-7MAY21-44000-P,2021-05-01,7
BTC-7MAY21-45000-C,2021-05-01,24
BTC-7MAY21-45000-P,2021-05-01,23
BTC-7MAY21-46000-C,2021-05-01,24
BTC-7MAY21-46000-P,2021-05-01,24
BTC-7MAY21-48000-C,2021-05-01,24
BTC-7MAY21-48000-P,2021-05-01,24
BTC-7MAY21-50000-C,2021-05-01,24
BTC-7MAY21-50000-P,2021-05-01,24
BTC-7MAY21-52000-C,2021-05-01,24
BTC-7MAY21-52000-P,2021-05-01,24
BTC-7MAY21-54000-C,2021-05-01,16
BTC-7MAY21-54000-P,2021-05-01,24
BTC-7MAY21-55000-C,2021-05-01,21
BTC-7MAY21-55000-P,2021-05-01,24
BTC-7MAY21-56000-C,2021-05-01,24
BTC-7MAY21-56000-P,2021-05-01,24
BTC-7MAY21-58000-C,2021-05-01,24
BTC-7MAY21-58000-P,2021-05-01,24
BTC-7MAY21-60000-C,2021-05-01,24
BTC-7MAY21-60000-P,2021-05-01,23
BTC-7MAY21-62000-C,2021-05-01,24
BTC-7MAY21-62000-P,2021-05-01,24
BTC-7MAY21-64000-C,2021-05-01,24
BTC-7MAY21-65000-C,2021-05-01,24
BTC-7MAY21-66000-C,2021-05-01,24
BTC-7MAY21-68000-C,2021-05-01,24
BTC-7MAY21-70000-C,2021-05-01,12
BTC-7MAY21-72000-C,2021-05-01,18
BTC-7OCT22-16000-P,2022-10-01,18
BTC-7OCT22-16500-P,2022-10-01,24
BTC-7OCT22-17000-P,2022-10-01,24
BTC-7OCT22-17500-P,2022-10-01,24
BTC-7OCT22-18000-P,2022-10-01,24
BTC-7OCT22-18500-C,2022-10-01,23
BTC-7OCT22-18500-P,2022-10-01,24
BTC-7OCT22-19000-C,2022-10-01,24
BTC-7OCT22-19000-P,2022-10-01,24
BTC-7OCT22-19500-C,2022-10-01,24
BTC-7OCT22-19500-P,2022-10-01,24
BTC-7OCT22-20000-C,2022-10-01,24
BTC-7OCT22-20000-P,2022-10-01,24
BTC-7OCT22-20500-C,2022-10-01,24
BTC-7OCT22-21000-C,2022-10-01,24
BTC-7OCT22-22000-C,2022-10-01,16
BTC-8APR22-25000-C,2022-04-01,7
BTC-8APR22-30000-C,2022-04-01,5
BTC-8APR22-36000-P,2022-04-01,5
BTC-8APR22-38000-P,2022-04-01,22
BTC-8APR22-40000-C,2022-04-01,11
BTC-8APR22-40000-P,2022-04-01,24
BTC-8APR22-41000-C,2022-04-01,14
BTC-8APR22-41000-P,2022-04-01,24
BTC-8APR22-42000-C,2022-04-01,24
BTC-8APR22-42000-P,2022-04-01,24
BTC-8APR22-43000-C,2022-04-01,23
BTC-8APR22-43000-P,2022-04-01,24
BTC-8APR22-44000-C,2022-04-01,24
BTC-8APR22-44000-P,2022-04-01,24
BTC-8APR22-45000-C,2022-04-01,24
BTC-8APR22-45000-P,2022-04-01,24
BTC-8APR22-46000-C,2022-04-01,24
BTC-8APR22-46000-P,2022-04-01,24
BTC-8APR22-47000-C,2022-04-01,24
BTC-8APR22-47000-P,2022-04-01,24
BTC-8APR22-48000-C,2022-04-01,24
BTC-8APR22-48000-P,2022-04-01,13
BTC-8APR22-49000-C,2022-04-01,24
BTC-8APR22-50000-C,2022-04-01,24
BTC-8APR22-51000-C,2022-04-01,23
BTC-8APR22-52000-C,2022-04-01,20
BTC-8JAN21-20000-P,2021-01-01,8
BTC-8JAN21-21000-P,2021-01-01,8
BTC-8JAN21-21500-P,2021-01-01,8
BTC-8JAN21-22000-P,2021-01-01,19
BTC-8JAN21-22500-C,2021-01-01,6
BTC-8JAN21-22500-P,2021-01-01,16
BTC-8JAN21-23000-P,2021-01-01,18
BTC-8JAN21-23500-C,2021-01-01,24
BTC-8JAN21-23500-P,2021-01-01,23
BTC-8JAN21-24000-C,2021-01-01,24
BTC-8JAN21-24000-P,2021-01-01,23
BTC-8JAN21-24500-C,2021-01-01,24
BTC-8JAN21-24500-P,2021-01-01,24
BTC-8JAN21-25000-C,2021-01-01,24
BTC-8JAN21-25000-P,2021-01-01,24
BTC-8JAN21-25500-C,2021-01-01,24
BTC-8JAN21-25500-P,2021-01-01,24
BTC-8JAN21-26000-C,2021-01-01,23
BTC-8JAN21-26000-P,2021-01-01,24
BTC-8JAN21-26500-C,2021-01-01,24
BTC-8JAN21-26500-P,2021-01-01,24
BTC-8JAN21-27000-C,2021-01-01,21
BTC-8JAN21-27000-P,2021-01-01,24
BTC-8JAN21-27500-C,2021-01-01,24
BTC-8JAN21-27500-P,2021-01-01,24
BTC-8JAN21-28000-C,2021-01-01,11
BTC-8JAN21-28000-P,2021-01-01,24
BTC-8JAN21-28500-C,2021-01-01,23
BTC-8JAN21-28500-P,2021-01-01,24
BTC-8JAN21-29000-C,2021-01-01,24
BTC-8JAN21-29000-P,2021-01-01,24
BTC-8JAN21-29500-C,2021-01-01,24
BTC-8JAN21-29500-P,2021-01-01,24
BTC-8JAN21-30000-C,2021-01-01,24
BTC-8JAN21-30000-P,2021-01-01,20
BTC-8JAN21-30500-C,2021-01-01,24
BTC-8JAN21-30500-P,2021-01-01,15
BTC-8JAN21-31000-C,2021-01-01,24
BTC-8JAN21-31500-C,2021-01-01,24
BTC-8JAN21-32000-C,2021-01-01,24
BTC-8JAN21-33000-C,2021-01-01,24
BTC-8JAN21-34000-C,2021-01-01,24
BTC-8JAN21-36000-C,2021-01-01,24
BTC-8JAN21-38000-C,2021-01-01,22
BTC-8JAN21-40000-C,2021-01-01,15
BTC-8JUL22-11000-P,2022-07-01,5
BTC-8JUL22-12000-P,2022-07-01,10
BTC-8JUL22-13000-P,2022-07-01,20
BTC-8JUL22-14000-P,2022-07-01,24
BTC-8JUL22-14500-P,2022-07-01,24
BTC-8JUL22-15000-P,2022-07-01,24
BTC-8JUL22-15500-P,2022-07-01,24
BTC-8JUL22-16000-P,2022-07-01,24
BTC-8JUL22-16500-P,2022-07-01,24
BTC-8JUL22-17000-P,2022-07-01,24
BTC-8JUL22-17500-P,2022-07-01,24
BTC-8JUL22-18000-P,2022-07-01,24
BTC-8JUL22-18500-C,2022-07-01,21
BTC-8JUL22-18500-P,2022-07-01,24
BTC-8JUL22-19000-C,2022-07-01,21
BTC-8JUL22-19000-P,2022-07-01,24
BTC-8JUL22-19500-C,2022-07-01,24
BTC-8JUL22-19500-P,2022-07-01,24
BTC-8JUL22-20000-C,2022-07-01,24
BTC-8JUL22-20000-P,2022-07-01,24
BTC-8JUL22-20500-C,2022-07-01,24
BTC-8JUL22-20500-P,2022-07-01,24
BTC-8JUL22-21000-C,2022-07-01,24
BTC-8JUL22-21000-P,2022-07-01,24
BTC-8JUL22-21500-C,2022-07-01,24
BTC-8JUL22-22000-C,2022-07-01,24
BTC-8JUL22-22500-C,2022-07-01,24
BTC-8JUL22-23000-C,2022-07-01,24
BTC-8JUL22-23500-C,2022-07-01,24
BTC-8JUL22-24000-C,2022-07-01,17
BTC-8JUL22-24500-C,2022-07-01,14
BTC-8JUL22-25000-C,2022-07-01,8
BTC-8MAY20-10000-C,2020-05-01,24
BTC-8MAY20-10250-C,2020-05-01,24
BTC-8MAY20-10500-C,2020-05-01,24
BTC-8MAY20-10750-C,2020-05-01,24
BTC-8MAY20-11000-C,2020-05-01,24
BTC-8MAY20-11250-C,2020-05-01,24
BTC-8MAY20-6000-P,2020-05-01,7
BTC-8MAY20-6250-P,2020-05-01,8
BTC-8MAY20-6500-C,2020-05-01,7
BTC-8MAY20-6500-P,2020-05-01,17
BTC-8MAY20-6750-C,2020-05-01,9
BTC-8MAY20-6750-P,2020-05-01,22
BTC-8MAY20-7000-C,2020-05-01,24
BTC-8MAY20-7000-P,2020-05-01,24
BTC-8MAY20-7250-C,2020-05-01,24
BTC-8MAY20-7250-P,2020-05-01,24
BTC-8MAY20-7500-C,2020-05-01,24
BTC-8MAY20-7500-P,2020-05-01,24
BTC-8MAY20-7750-C,2020-05-01,24
BTC-8MAY20-7750-P,2020-05-01,24
BTC-8MAY20-8000-C,2020-05-01,24
BTC-8MAY20-8000-P,2020-05-01,24
BTC-8MAY20-8250-C,2020-05-01,24
BTC-8MAY20-8250-P,2020-05-01,24
BTC-8MAY20-8500-C,2020-05-01,24
BTC-8MAY20-8500-P,2020-05-01,24
BTC-8MAY20-8750-C,2020-05-01,24
BTC-8MAY20-8750-P,2020-05-01,24
BTC-8MAY20-9000-C,2020-05-01,24
BTC-8MAY20-9000-P,2020-05-01,24
BTC-8MAY20-9250-C,2020-05-01,24
BTC-8MAY20-9250-P,2020-05-01,24
BTC-8MAY20-9500-C,2020-05-01,24
BTC-8MAY20-9500-P,2020-05-01,14
BTC-8MAY20-9750-C,2020-05-01,24
BTC-8OCT21-30000-P,2021-10-01,4
BTC-8OCT21-34000-P,2021-10-01,11
BTC-8OCT21-35000-P,2021-10-01,21
BTC-8OCT21-36000-P,2021-10-01,22
BTC-8OCT21-38000-P,2021-10-01,24
BTC-8OCT21-40000-C,2021-10-01,4
BTC-8OCT21-40000-P,2021-10-01,24
BTC-8OCT21-41000-C,2021-10-01,6
BTC-8OCT21-41000-P,2021-10-01,24
BTC-8OCT21-42000-C,2021-10-01,24
BTC-8OCT21-42000-P,2021-10-01,24
BTC-8OCT21-43000-C,2021-10-01,24
BTC-8OCT21-43000-P,2021-10-01,24
BTC-8OCT21-44000-C,2021-10-01,24
BTC-8OCT21-44000-P,2021-10-01,24
BTC-8OCT21-45000-C,2021-10-01,24
BTC-8OCT21-45000-P,2021-10-01,24
BTC-8OCT21-46000-C,2021-10-01,24
BTC-8OCT21-46000-P,2021-10-01,24
BTC-8OCT21-47000-C,2021-10-01,24
BTC-8OCT21-47000-P,2021-10-01,17
BTC-8OCT21-48000-C,2021-10-01,24
BTC-8OCT21-48000-P,2021-10-01,16
BTC-8OCT21-49000-C,2021-10-01,10
BTC-8OCT21-49000-P,2021-10-01,6
BTC-8OCT21-50000-C,2021-10-01,24
BTC-8OCT21-52000-C,2021-10-01,24
BTC-8OCT21-54000-C,2021-10-01,17
BTC-8OCT21-55000-C,2021-10-01,19
BTC-8OCT21-56000-C,2021-10-01,24
BTC-9APR21-40000-C,2021-04-01,5
BTC-9APR21-40000-P,2021-04-01,14
BTC-9APR21-45000-P,2021-04-01,24
BTC-9APR21-48000-P,2021-04-01,24
BTC-9APR21-50000-C,2021-04-01,24
BTC-9APR21-50000-P,2021-04-01,24
BTC-9APR21-52000-C,2021-04-01,23
BTC-9APR21-52000-P,2021-04-01,24
BTC-9APR21-54000-C,2021-04-01,24
BTC-9APR21-54000-P,2021-04-01,24
BTC-9APR21-55000-C,2021-04-01,23
BTC-9APR21-55000-P,2021-04-01,24
BTC-9APR21-56000-C,2021-04-01,23
BTC-9APR21-56000-P,2021-04-01,24
BTC-9APR21-58000-C,2021-04-01,24
BTC-9APR21-58000-P,2021-04-01,24
BTC-9APR21-60000-C,2021-04-01,24
BTC-9APR21-60000-P,2021-04-01,24
BTC-9APR21-62000-C,2021-04-01,24
BTC-9APR21-62000-P,2021-04-01,24
BTC-9APR21-64000-C,2021-04-01,24
BTC-9APR21-64000-P,2021-04-01,13
BTC-9APR21-65000-C,2021-04-01,24
BTC-9APR21-65000-P,2021-04-01,5
BTC-9APR21-66000-C,2021-04-01,24
BTC-9APR21-66000-P,2021-04-01,24
BTC-9APR21-68000-C,2021-04-01,24
BTC-9APR21-70000-C,2021-04-01,24
BTC-9APR21-75000-C,2021-04-01,24
BTC-9DEC22-13000-P,2022-12-01,6
BTC-9DEC22-13500-P,2022-12-01,20
BTC-9DEC22-14000-P,2022-12-01,19
BTC-9DEC22-14500-P,2022-12-01,24
BTC-9DEC22-15000-C,2022-12-01,19
BTC-9DEC22-15000-P,2022-12-01,24
BTC-9DEC22-15500-C,2022-12-01,19
BTC-9DEC22-15500-P,2022-12-01,24
BTC-9DEC22-16000-C,2022-12-01,19
BTC-9DEC22-16000-P,2022-12-01,24
BTC-9DEC22-16500-C,2022-12-01,24
BTC-9DEC22-16500-P,2022-12-01,24
BTC-9DEC22-17000-C,2022-12-01,24
BTC-9DEC22-17000-P,2022-12-01,24
BTC-9DEC22-17500-C,2022-12-01,24
BTC-9DEC22-17500-P,2022-12-01,24
BTC-9DEC22-18000-C,2022-12-01,24
BTC-9DEC22-18000-P,2022-12-01,17
BTC-9DEC22-19000-C,2022-12-01,24
BTC-9DEC22-20000-C,2022-12-01,16
BTC-9DEC22-21000-C,2022-12-01,8
BTC-9JUL21-24000-P,2021-07-01,23
BTC-9JUL21-25000-P,2021-07-01,23
BTC-9JUL21-26000-P,2021-07-01,23
BTC-9JUL21-28000-C,2021-07-01,8
BTC-9JUL21-28000-P,2021-07-01,23
BTC-9JUL21-29000-C,2021-07-01,8
BTC-9JUL21-29000-P,2021-07-01,23
BTC-9JUL21-30000-C,2021-07-01,10
BTC-9JUL21-30000-P,2021-07-01,23
BTC-9JUL21-31000-C,2021-07-01,20
BTC-9JUL21-31000-P,2021-07-01,23
BTC-9JUL21-32000-C,2021-07-01,20
BTC-9JUL21-32000-P,2021-07-01,23
BTC-9JUL21-33000-C,2021-07-01,21
BTC-9JUL21-33000-P,2021-07-01,23
BTC-9JUL21-34000-C,2021-07-01,23
BTC-9JUL21-34000-P,2021-07-01,23
BTC-9JUL21-35000-C,2021-07-01,23
BTC-9JUL21-35000-P,2021-07-01,23
BTC-9JUL21-36000-C,2021-07-01,23
BTC-9JUL21-36000-P,2021-07-01,20
BTC-9JUL21-37000-C,2021-07-01,23
BTC-9JUL21-38000-C,2021-07-01,23
BTC-9JUL21-38000-P,2021-07-01,5
BTC-9JUL21-40000-C,2021-07-01,23
BTC-9JUL21-40000-P,2021-07-01,17
BTC-9JUL21-42000-C,2021-07-01,23
BTC-9JUL21-42000-P,2021-07-01,12
BTC-9JUL21-44000-C,2021-07-01,23
BTC-9JUL21-45000-C,2021-07-01,17
BTC-9JUL21-46000-C,2021-07-01,4
BTC-9OCT20-10000-C,2020-10-01,24
BTC-9OCT20-10000-P,2020-10-01,24
BTC-9OCT20-10250-C,2020-10-01,24
BTC-9OCT20-10250-P,2020-10-01,24
BTC-9OCT20-10500-C,2020-10-01,24
BTC-9OCT20-10500-P,2020-10-01,24
BTC-9OCT20-10750-C,2020-10-01,24
BTC-9OCT20-10750-P,2020-10-01,24
BTC-9OCT20-11000-C,2020-10-01,24
BTC-9OCT20-11000-P,2020-10-01,24
BTC-9OCT20-11250-C,2020-10-01,24
BTC-9OCT20-11250-P,2020-10-01,24
BTC-9OCT20-11500-C,2020-10-01,24
BTC-9OCT20-11500-P,2020-10-01,24
BTC-9OCT20-11750-C,2020-10-01,24
BTC-9OCT20-11750-P,2020-10-01,24
BTC-9OCT20-12000-C,2020-10-01,20
BTC-9OCT20-12000-P,2020-10-01,24
BTC-9OCT20-12250-C,2020-10-01,15
BTC-9OCT20-12250-P,2020-10-01,24
BTC-9OCT20-12500-C,2020-10-01,12
BTC-9OCT20-12500-P,2020-10-01,24
BTC-9OCT20-12750-P,2020-10-01,24
BTC-9OCT20-13000-P,2020-10-01,24
BTC-9OCT20-13250-C,2020-10-01,4
BTC-9OCT20-13250-P,2020-10-01,24
BTC-9OCT20-13500-P,2020-10-01,24
BTC-9OCT20-13750-P,2020-10-01,24
BTC-9OCT20-14000-P,2020-10-01,24
BTC-9OCT20-8250-C,2020-10-01,24
BTC-9OCT20-8250-P,2020-10-01,21
BTC-9OCT20-8500-C,2020-10-01,24
BTC-9OCT20-8500-P,2020-10-01,19
BTC-9OCT20-8750-C,2020-10-01,24
BTC-9OCT20-8750-P,2020-10-01,24
BTC-9OCT20-9000-C,2020-10-01,24
BTC-9OCT20-9000-P,2020-10-01,23
BTC-9OCT20-9250-C,2020-10-01,24
BTC-9OCT20-9250-P,2020-10-01,24
BTC-9OCT20-9500-C,2020-10-01,24
BTC-9OCT20-9500-P,2020-10-01,24
BTC-9OCT20-9750-C,2020-10-01,24
BTC-9OCT20-9750-P,2020-10-01,24
BTC-9SEP22-14000-P,2022-09-01,6
BTC-9SEP22-15000-P,2022-09-01,21
BTC-9SEP22-16000-P,2022-09-01,24
BTC-9SEP22-17000-P,2022-09-01,24
BTC-9SEP22-18000-P,2022-09-01,24
BTC-9SEP22-18500-C,2022-09-01,12
BTC-9SEP22-18500-P,2022-09-01,24
BTC-9SEP22-19000-C,2022-09-01,23
BTC-9SEP22-19000-P,2022-09-01,24
BTC-9SEP22-19500-C,2022-09-01,24
BTC-9SEP22-19500-P,2022-09-01,24
BTC-9SEP22-20000-C,2022-09-01,24
BTC-9SEP22-20000-P,2022-09-01,24
BTC-9SEP22-20500-C,2022-09-01,24
BTC-9SEP22-20500-P,2022-09-01,24
BTC-9SEP22-21000-C,2022-09-01,24
BTC-9SEP22-21000-P,2022-09-01,24
BTC-9SEP22-21500-C,2022-09-01,24
BTC-9SEP22-21500-P,2022-09-01,15
BTC-9SEP22-22000-C,2022-09-01,24
BTC-9SEP22-22500-C,2022-09-01,24
BTC-9SEP22-23000-C,2022-09-01,24
BTC-9SEP22-24000-C,2022-09-01,19
